cod_ibge,id_produto,id_tempo,quantidade,preco_unitario,receita
1300029,1,202201,481.9,12.31,5932.19
1300029,1,202202,324.2,11.23,3640.77
1300029,1,202203,318.0,13.41,4264.38
1300029,1,202204,228.2,12.74,2907.27
1300029,1,202205,255.6,12.96,3312.58
1300029,1,202206,304.0,11.97,3638.88
1300029,1,202207,434.2,10.65,4624.23
1300029,1,202208,769.7,10.03,7720.09
1300029,1,202209,879.0,8.05,7075.95
1300029,1,202210,1083.5,8.7,9426.45
1300029,1,202211,987.8,9.11,8998.86
1300029,1,202212,923.4,9.36,8643.02
1300029,1,202301,917.5,12.56,11523.8
1300029,1,202302,536.0,12.49,6694.64
1300029,1,202303,375.6,13.6,5108.16
1300029,1,202304,407.8,13.67,5574.63
1300029,1,202305,409.8,13.7,5614.26
1300029,1,202306,473.7,13.73,6503.9
1300029,1,202307,524.7,13.17,6910.3
1300029,1,202308,563.0,10.81,6086.03
1300029,1,202309,897.4,10.06,9027.84
1300029,1,202310,707.1,10.02,7085.14
1300029,1,202311,785.5,9.64,7572.22
1300029,1,202312,736.5,11.27,8300.36
1300029,1,202401,450.8,12.48,5625.98
1300029,1,202402,353.9,13.35,4724.56
1300029,1,202403,308.8,14.43,4455.98
1300029,1,202404,366.4,13.25,4854.8
1300029,1,202405,370.6,14.38,5329.23
1300029,1,202406,434.5,12.27,5331.32
1300029,1,202407,412.6,11.06,4563.36
1300029,1,202408,849.2,10.84,9205.33
1300029,1,202409,894.5,9.28,8300.96
1300029,1,202410,968.9,9.47,9175.48
1300029,1,202411,783.3,9.88,7739.0
1300029,1,202412,612.5,10.83,6633.38
1300029,2,202201,79.2,36.75,2910.6
1300029,2,202202,86.7,31.85,2761.4
1300029,2,202203,97.0,33.88,3286.36
1300029,2,202204,83.0,37.54,3115.82
1300029,2,202205,52.5,40.68,2135.7
1300029,2,202206,57.3,40.92,2344.72
1300029,2,202207,56.2,46.87,2634.09
1300029,2,202208,65.1,48.18,3136.52
1300029,2,202209,48.6,44.55,2165.13
1300029,2,202210,48.2,47.6,2294.32
1300029,2,202211,63.0,41.45,2611.35
1300029,2,202212,61.3,35.85,2197.6
1300029,2,202301,47.6,40.0,1904.0
1300029,2,202302,63.4,35.11,2225.97
1300029,2,202303,81.2,37.22,3022.26
1300029,2,202304,73.0,38.28,2794.44
1300029,2,202305,72.3,43.74,3162.4
1300029,2,202306,66.7,44.49,2967.48
1300029,2,202307,58.3,46.91,2734.85
1300029,2,202308,56.3,48.37,2723.23
1300029,2,202309,72.5,46.72,3387.2
1300029,2,202310,59.9,48.09,2880.59
1300029,2,202311,78.4,39.81,3121.1
1300029,2,202312,68.3,39.15,2673.94
1300029,2,202401,68.5,38.49,2636.56
1300029,2,202402,96.4,37.2,3586.08
1300029,2,202403,72.9,40.22,2932.04
1300029,2,202404,68.4,37.79,2584.84
1300029,2,202405,98.2,45.31,4449.44
1300029,2,202406,91.4,44.49,4066.39
1300029,2,202407,62.8,48.51,3046.43
1300029,2,202408,52.9,47.35,2504.82
1300029,2,202409,54.2,48.94,2652.55
1300029,2,202410,77.3,46.0,3555.8
1300029,2,202411,67.7,47.8,3236.06
1300029,2,202412,65.1,41.23,2684.07
1300029,3,202201,5.1,95.33,486.18
1300029,3,202202,3.7,96.21,355.98
1300029,3,202203,4.5,94.81,426.64
1300029,3,202204,4.5,90.54,407.43
1300029,3,202205,5.1,93.62,477.46
1300029,3,202206,5.8,88.93,515.79
1300029,3,202207,6.2,86.76,537.91
1300029,3,202208,7.9,86.18,680.82
1300029,3,202209,7.0,92.42,646.94
1300029,3,202210,6.5,82.94,539.11
1300029,3,202211,7.4,88.12,652.09
1300029,3,202212,8.7,91.15,793.0
1300029,3,202301,6.8,104.85,712.98
1300029,3,202302,5.4,97.38,525.85
1300029,3,202303,4.9,94.64,463.74
1300029,3,202304,5.6,95.9,537.04
1300029,3,202305,5.5,94.09,517.5
1300029,3,202306,4.2,96.39,404.84
1300029,3,202307,6.1,87.07,531.13
1300029,3,202308,7.2,85.01,612.07
1300029,3,202309,8.2,84.79,695.28
1300029,3,202310,9.0,89.24,803.16
1300029,3,202311,7.5,106.4,798.0
1300029,3,202312,6.7,98.27,658.41
1300029,3,202401,7.1,105.36,748.06
1300029,3,202402,5.0,103.03,515.15
1300029,3,202403,4.8,102.96,494.21
1300029,3,202404,5.1,104.13,531.06
1300029,3,202405,6.6,99.97,659.8
1300029,3,202406,6.0,95.94,575.64
1300029,3,202407,5.5,92.22,507.21
1300029,3,202408,5.5,89.77,493.73
1300029,3,202409,6.3,94.13,593.02
1300029,3,202410,6.1,94.68,577.55
1300029,3,202411,4.5,108.14,486.63
1300029,3,202412,3.8,105.52,400.98
1300060,1,202201,316.5,11.02,3487.83
1300060,1,202202,246.1,11.51,2832.61
1300060,1,202203,227.9,13.2,3008.28
1300060,1,202204,167.2,13.4,2240.48
1300060,1,202205,180.2,12.55,2261.51
1300060,1,202206,262.4,13.04,3421.7
1300060,1,202207,355.0,12.1,4295.5
1300060,1,202208,332.7,10.14,3373.58
1300060,1,202209,343.2,9.14,3136.85
1300060,1,202210,313.8,9.16,2874.41
1300060,1,202211,293.4,9.27,2719.82
1300060,1,202212,223.5,9.62,2150.07
1300060,1,202301,222.6,11.31,2517.61
1300060,1,202302,234.2,12.73,2981.37
1300060,1,202303,183.1,13.99,2561.57
1300060,1,202304,184.7,14.15,2613.5
1300060,1,202305,195.8,13.96,2733.37
1300060,1,202306,282.5,11.97,3381.52
1300060,1,202307,288.1,12.09,3483.13
1300060,1,202308,315.3,10.46,3298.04
1300060,1,202309,324.9,10.87,3531.66
1300060,1,202310,305.1,9.06,2764.21
1300060,1,202311,368.6,9.72,3582.79
1300060,1,202312,332.0,12.05,4000.6
1300060,1,202401,293.5,12.25,3595.38
1300060,1,202402,316.8,13.36,4232.45
1300060,1,202403,328.0,13.65,4477.2
1300060,1,202404,202.2,15.85,3204.87
1300060,1,202405,246.8,13.53,3339.2
1300060,1,202406,285.4,13.7,3909.98
1300060,1,202407,304.1,11.85,3603.58
1300060,1,202408,391.1,10.76,4208.24
1300060,1,202409,322.2,9.24,2977.13
1300060,1,202410,494.9,10.25,5072.72
1300060,1,202411,501.7,9.79,4911.64
1300060,1,202412,357.6,10.22,3654.67
1300060,2,202201,44.9,36.61,1643.79
1300060,2,202202,57.7,34.05,1964.68
1300060,2,202203,74.9,34.49,2583.3
1300060,2,202204,71.1,37.07,2635.68
1300060,2,202205,43.5,38.62,1679.97
1300060,2,202206,35.9,43.08,1546.57
1300060,2,202207,35.0,44.89,1571.15
1300060,2,202208,31.1,47.37,1473.21
1300060,2,202209,53.7,46.82,2514.23
1300060,2,202210,46.6,42.0,1957.2
1300060,2,202211,49.7,43.55,2164.44
1300060,2,202212,49.2,37.82,1860.74
1300060,2,202301,60.5,39.55,2392.77
1300060,2,202302,80.4,36.28,2916.91
1300060,2,202303,72.1,36.82,2654.72
1300060,2,202304,59.3,38.06,2256.96
1300060,2,202305,42.2,43.48,1834.86
1300060,2,202306,49.5,45.41,2247.79
1300060,2,202307,42.1,49.74,2094.05
1300060,2,202308,38.7,52.54,2033.3
1300060,2,202309,26.4,45.95,1213.08
1300060,2,202310,33.7,46.74,1575.14
1300060,2,202311,39.9,43.42,1732.46
1300060,2,202312,35.9,39.91,1432.77
1300060,2,202401,59.0,36.8,2171.2
1300060,2,202402,58.0,35.98,2086.84
1300060,2,202403,84.4,36.52,3082.29
1300060,2,202404,90.4,38.79,3506.62
1300060,2,202405,59.9,41.44,2482.26
1300060,2,202406,65.0,46.21,3003.65
1300060,2,202407,70.2,47.01,3300.1
1300060,2,202408,50.9,50.79,2585.21
1300060,2,202409,40.8,48.97,1997.98
1300060,2,202410,31.4,46.85,1471.09
1300060,2,202411,45.4,42.63,1935.4
1300060,2,202412,46.8,40.11,1877.15
1300060,3,202201,2.9,99.09,287.36
1300060,3,202202,3.0,102.98,308.94
1300060,3,202203,2.7,92.24,249.05
1300060,3,202204,2.9,95.68,277.47
1300060,3,202205,2.9,95.18,276.02
1300060,3,202206,3.3,84.81,279.87
1300060,3,202207,3.6,92.01,331.24
1300060,3,202208,4.1,89.45,366.74
1300060,3,202209,4.1,80.19,328.78
1300060,3,202210,3.5,94.55,330.92
1300060,3,202211,4.5,84.8,381.6
1300060,3,202212,4.5,89.57,403.06
1300060,3,202301,3.7,101.89,376.99
1300060,3,202302,3.2,104.52,334.46
1300060,3,202303,2.7,98.95,267.17
1300060,3,202304,2.4,93.42,224.21
1300060,3,202305,3.8,92.39,351.08
1300060,3,202306,5.0,89.09,445.45
1300060,3,202307,4.5,92.55,416.48
1300060,3,202308,5.9,86.22,508.7
1300060,3,202309,6.0,85.89,515.34
1300060,3,202310,5.5,84.33,463.82
1300060,3,202311,5.7,90.86,517.9
1300060,3,202312,5.4,95.84,517.54
1300060,3,202401,4.9,96.63,473.49
1300060,3,202402,4.3,94.42,406.01
1300060,3,202403,4.2,107.39,451.04
1300060,3,202404,3.2,95.23,304.74
1300060,3,202405,3.3,91.04,300.43
1300060,3,202406,5.4,101.98,550.69
1300060,3,202407,4.6,96.14,442.24
1300060,3,202408,3.4,96.18,327.01
1300060,3,202409,4.7,94.51,444.2
1300060,3,202410,4.8,100.67,483.22
1300060,3,202411,4.9,101.59,497.79
1300060,3,202412,4.4,98.41,433.0
1300086,1,202201,382.3,11.55,4415.57
1300086,1,202202,355.0,12.58,4465.9
1300086,1,202203,364.0,12.92,4702.88
1300086,1,202204,357.0,14.07,5022.99
1300086,1,202205,235.6,12.86,3029.82
1300086,1,202206,342.1,12.35,4224.94
1300086,1,202207,409.6,10.87,4452.35
1300086,1,202208,470.6,10.11,4757.77
1300086,1,202209,545.4,8.87,4837.7
1300086,1,202210,442.1,9.47,4186.69
1300086,1,202211,501.0,9.99,5004.99
1300086,1,202212,369.9,10.32,3817.37
1300086,1,202301,340.4,12.4,4220.96
1300086,1,202302,327.2,11.74,3841.33
1300086,1,202303,369.0,12.63,4660.47
1300086,1,202304,291.1,13.67,3979.34
1300086,1,202305,410.3,13.59,5575.98
1300086,1,202306,509.6,12.56,6400.58
1300086,1,202307,500.6,10.57,5291.34
1300086,1,202308,470.8,10.88,5122.3
1300086,1,202309,437.9,10.46,4580.43
1300086,1,202310,555.1,9.67,5367.82
1300086,1,202311,495.9,9.91,4914.37
1300086,1,202312,595.3,10.39,6185.17
1300086,1,202401,429.5,11.43,4909.18
1300086,1,202402,317.2,13.22,4193.38
1300086,1,202403,317.4,15.66,4970.48
1300086,1,202404,277.8,14.18,3939.2
1300086,1,202405,313.7,13.78,4322.79
1300086,1,202406,445.5,13.93,6205.82
1300086,1,202407,519.5,12.65,6571.68
1300086,1,202408,612.5,10.23,6265.88
1300086,1,202409,703.6,9.63,6775.67
1300086,1,202410,528.2,9.19,4854.16
1300086,1,202411,601.4,9.79,5887.71
1300086,1,202412,565.2,11.28,6375.46
1300086,2,202201,46.1,36.68,1690.95
1300086,2,202202,41.8,36.3,1517.34
1300086,2,202203,43.3,35.12,1520.7
1300086,2,202204,30.5,37.11,1131.86
1300086,2,202205,33.2,42.7,1417.64
1300086,2,202206,26.5,44.51,1179.51
1300086,2,202207,21.4,47.78,1022.49
1300086,2,202208,18.5,48.25,892.62
1300086,2,202209,17.6,48.89,860.46
1300086,2,202210,21.1,44.66,942.33
1300086,2,202211,35.9,41.7,1497.03
1300086,2,202212,35.5,35.98,1277.29
1300086,2,202301,27.0,38.57,1041.39
1300086,2,202302,35.8,37.95,1358.61
1300086,2,202303,30.8,38.33,1180.56
1300086,2,202304,37.2,45.24,1682.93
1300086,2,202305,31.1,44.81,1393.59
1300086,2,202306,27.3,47.41,1294.29
1300086,2,202307,32.5,51.49,1673.42
1300086,2,202308,33.2,56.81,1886.09
1300086,2,202309,25.5,50.86,1296.93
1300086,2,202310,24.0,42.75,1026.0
1300086,2,202311,21.9,45.42,994.7
1300086,2,202312,48.3,39.34,1900.12
1300086,2,202401,42.3,36.48,1543.1
1300086,2,202402,55.2,42.71,2357.59
1300086,2,202403,45.3,43.25,1959.22
1300086,2,202404,34.0,40.8,1387.2
1300086,2,202405,32.6,44.13,1438.64
1300086,2,202406,28.4,50.02,1420.57
1300086,2,202407,31.6,49.89,1576.52
1300086,2,202408,34.5,52.72,1818.84
1300086,2,202409,29.9,50.32,1504.57
1300086,2,202410,25.3,48.63,1230.34
1300086,2,202411,25.7,43.03,1105.87
1300086,2,202412,22.5,44.5,1001.25
1300086,3,202201,2.5,87.55,218.88
1300086,3,202202,2.6,98.5,256.1
1300086,3,202203,2.4,100.86,242.06
1300086,3,202204,2.4,93.47,224.33
1300086,3,202205,2.8,93.94,263.03
1300086,3,202206,4.1,89.26,365.97
1300086,3,202207,3.1,82.1,254.51
1300086,3,202208,3.5,88.98,311.43
1300086,3,202209,2.9,89.45,259.4
1300086,3,202210,2.8,83.08,232.62
1300086,3,202211,3.6,93.71,337.36
1300086,3,202212,2.9,92.02,266.86
1300086,3,202301,2.9,97.19,281.85
1300086,3,202302,3.1,101.17,313.63
1300086,3,202303,3.6,100.25,360.9
1300086,3,202304,3.3,100.79,332.61
1300086,3,202305,4.5,89.71,403.7
1300086,3,202306,4.0,93.4,373.6
1300086,3,202307,4.5,83.74,376.83
1300086,3,202308,4.2,87.2,366.24
1300086,3,202309,4.7,88.24,414.73
1300086,3,202310,6.2,95.3,590.86
1300086,3,202311,4.7,93.64,440.11
1300086,3,202312,4.1,95.15,390.12
1300086,3,202401,3.5,109.81,384.34
1300086,3,202402,3.1,100.85,312.64
1300086,3,202403,2.9,99.87,289.62
1300086,3,202404,3.2,91.15,291.68
1300086,3,202405,3.1,96.15,298.07
1300086,3,202406,3.1,89.96,278.88
1300086,3,202407,2.0,91.0,182.0
1300086,3,202408,3.6,92.47,332.89
1300086,3,202409,5.1,87.28,445.13
1300086,3,202410,5.2,90.48,470.5
1300086,3,202411,3.9,89.73,349.95
1300086,3,202412,3.0,97.6,292.8
1300102,1,202201,580.2,10.48,6080.5
1300102,1,202202,460.6,12.38,5702.23
1300102,1,202203,585.7,12.8,7496.96
1300102,1,202204,486.6,14.03,6827.0
1300102,1,202205,436.1,13.16,5739.08
1300102,1,202206,510.2,12.16,6204.03
1300102,1,202207,525.7,11.78,6192.75
1300102,1,202208,442.2,9.55,4223.01
1300102,1,202209,540.6,8.8,4757.28
1300102,1,202210,591.1,8.47,5006.62
1300102,1,202211,455.7,9.48,4320.04
1300102,1,202212,464.4,9.6,4458.24
1300102,1,202301,299.4,10.77,3224.54
1300102,1,202302,291.9,12.66,3695.45
1300102,1,202303,313.1,12.63,3954.45
1300102,1,202304,328.2,13.83,4539.01
1300102,1,202305,332.7,13.43,4468.16
1300102,1,202306,393.7,12.18,4795.27
1300102,1,202307,424.4,11.45,4859.38
1300102,1,202308,550.2,9.25,5089.35
1300102,1,202309,664.8,9.18,6102.86
1300102,1,202310,609.2,8.59,5233.03
1300102,1,202311,662.9,10.51,6967.08
1300102,1,202312,631.4,10.04,6339.26
1300102,1,202401,514.7,11.22,5774.93
1300102,1,202402,678.2,11.93,8090.93
1300102,1,202403,493.9,14.59,7206.0
1300102,1,202404,411.1,13.75,5652.62
1300102,1,202405,387.4,13.14,5090.44
1300102,1,202406,375.0,12.99,4871.25
1300102,1,202407,547.5,11.95,6542.62
1300102,1,202408,576.6,10.68,6158.09
1300102,1,202409,622.8,9.47,5897.92
1300102,1,202410,637.5,9.21,5871.38
1300102,1,202411,554.4,9.57,5305.61
1300102,1,202412,402.5,10.53,4238.32
1300102,2,202201,78.2,42.82,3348.52
1300102,2,202202,81.2,36.0,2923.2
1300102,2,202203,89.0,38.75,3448.75
1300102,2,202204,78.3,42.05,3292.52
1300102,2,202205,92.4,42.29,3907.6
1300102,2,202206,56.2,47.28,2657.14
1300102,2,202207,60.8,48.07,2922.66
1300102,2,202208,54.7,50.86,2782.04
1300102,2,202209,45.3,49.54,2244.16
1300102,2,202210,79.7,46.57,3711.63
1300102,2,202211,123.3,41.17,5076.26
1300102,2,202212,105.8,44.29,4685.88
1300102,2,202301,111.6,40.54,4524.26
1300102,2,202302,95.2,35.52,3381.5
1300102,2,202303,84.6,38.55,3261.33
1300102,2,202304,63.4,38.69,2452.95
1300102,2,202305,48.5,47.0,2279.5
1300102,2,202306,69.0,48.58,3352.02
1300102,2,202307,59.9,51.13,3062.69
1300102,2,202308,57.2,49.88,2853.14
1300102,2,202309,50.4,50.32,2536.13
1300102,2,202310,60.1,50.59,3040.46
1300102,2,202311,52.9,47.7,2523.33
1300102,2,202312,58.9,43.66,2571.57
1300102,2,202401,58.7,37.93,2226.49
1300102,2,202402,90.4,39.67,3586.17
1300102,2,202403,65.5,41.51,2718.9
1300102,2,202404,54.8,42.01,2302.15
1300102,2,202405,39.3,43.36,1704.05
1300102,2,202406,37.8,47.49,1795.12
1300102,2,202407,39.3,57.38,2255.03
1300102,2,202408,53.4,51.05,2726.07
1300102,2,202409,54.6,53.36,2913.46
1300102,2,202410,57.6,50.25,2894.4
1300102,2,202411,72.5,46.75,3389.38
1300102,2,202412,76.8,42.89,3293.95
1300102,3,202201,7.5,92.61,694.58
1300102,3,202202,8.4,100.99,848.32
1300102,3,202203,8.9,96.69,860.54
1300102,3,202204,5.9,94.14,555.43
1300102,3,202205,5.8,83.09,481.92
1300102,3,202206,4.9,88.71,434.68
1300102,3,202207,7.7,85.06,654.96
1300102,3,202208,8.4,86.9,729.96
1300102,3,202209,6.1,91.43,557.72
1300102,3,202210,6.4,85.53,547.39
1300102,3,202211,4.6,88.59,407.51
1300102,3,202212,4.7,97.05,456.14
1300102,3,202301,4.7,95.54,449.04
1300102,3,202302,5.6,99.65,558.04
1300102,3,202303,6.7,89.11,597.04
1300102,3,202304,6.4,94.93,607.55
1300102,3,202305,6.2,99.91,619.44
1300102,3,202306,3.6,92.33,332.39
1300102,3,202307,6.2,92.82,575.48
1300102,3,202308,5.7,92.29,526.05
1300102,3,202309,6.1,94.93,579.07
1300102,3,202310,9.2,89.23,820.92
1300102,3,202311,6.1,98.12,598.53
1300102,3,202312,5.9,107.87,636.43
1300102,3,202401,6.2,102.12,633.14
1300102,3,202402,7.2,96.45,694.44
1300102,3,202403,6.6,99.25,655.05
1300102,3,202404,8.0,102.49,819.92
1300102,3,202405,7.0,89.45,626.15
1300102,3,202406,7.8,90.76,707.93
1300102,3,202407,8.2,90.64,743.25
1300102,3,202408,7.6,91.87,698.21
1300102,3,202409,7.8,100.81,786.32
1300102,3,202410,6.1,97.58,595.24
1300102,3,202411,5.8,91.93,533.19
1300102,3,202412,4.6,121.48,558.81
1300144,1,202201,734.2,12.05,8847.11
1300144,1,202202,577.9,12.59,7275.76
1300144,1,202203,418.6,13.65,5713.89
1300144,1,202204,401.9,13.62,5473.88
1300144,1,202205,497.8,11.78,5864.08
1300144,1,202206,396.6,11.88,4711.61
1300144,1,202207,382.8,11.31,4329.47
1300144,1,202208,654.4,10.37,6786.13
1300144,1,202209,1031.2,8.51,8775.51
1300144,1,202210,797.7,8.97,7155.37
1300144,1,202211,812.5,8.8,7150.0
1300144,1,202212,680.5,10.3,7009.15
1300144,1,202301,574.7,11.79,6775.71
1300144,1,202302,534.2,13.53,7227.73
1300144,1,202303,375.3,14.71,5520.66
1300144,1,202304,324.1,14.61,4735.1
1300144,1,202305,370.4,14.56,5393.02
1300144,1,202306,457.0,12.81,5854.17
1300144,1,202307,480.0,13.59,6523.2
1300144,1,202308,749.9,9.94,7454.01
1300144,1,202309,808.3,9.4,7598.02
1300144,1,202310,821.4,9.75,8008.65
1300144,1,202311,874.8,10.03,8774.24
1300144,1,202312,764.7,10.82,8274.05
1300144,1,202401,763.5,12.67,9673.54
1300144,1,202402,517.4,12.2,6312.28
1300144,1,202403,368.9,15.67,5780.66
1300144,1,202404,378.0,14.67,5545.26
1300144,1,202405,442.7,15.41,6822.01
1300144,1,202406,426.2,12.23,5212.43
1300144,1,202407,448.4,12.41,5564.64
1300144,1,202408,658.8,10.66,7022.81
1300144,1,202409,718.2,10.31,7404.64
1300144,1,202410,648.8,9.83,6377.7
1300144,1,202411,876.7,10.21,8951.11
1300144,1,202412,714.0,10.4,7425.6
1300144,2,202201,90.2,35.54,3205.71
1300144,2,202202,83.5,39.54,3301.59
1300144,2,202203,85.4,35.42,3024.87
1300144,2,202204,63.6,40.32,2564.35
1300144,2,202205,68.3,42.14,2878.16
1300144,2,202206,55.1,46.5,2562.15
1300144,2,202207,48.2,50.85,2450.97
1300144,2,202208,55.9,51.39,2872.7
1300144,2,202209,54.7,50.37,2755.24
1300144,2,202210,58.7,47.62,2795.29
1300144,2,202211,86.4,40.38,3488.83
1300144,2,202212,78.1,42.12,3289.57
1300144,2,202301,104.0,36.17,3761.68
1300144,2,202302,126.4,37.06,4684.38
1300144,2,202303,140.3,37.47,5257.04
1300144,2,202304,167.0,41.26,6890.42
1300144,2,202305,104.3,42.78,4461.95
1300144,2,202306,71.9,46.75,3361.32
1300144,2,202307,76.8,53.7,4124.16
1300144,2,202308,83.5,47.24,3944.54
1300144,2,202309,68.0,49.52,3367.36
1300144,2,202310,81.4,44.57,3628.0
1300144,2,202311,145.7,45.33,6604.58
1300144,2,202312,135.8,39.1,5309.78
1300144,2,202401,154.0,39.65,6106.1
1300144,2,202402,182.9,36.18,6617.32
1300144,2,202403,227.4,42.21,9598.55
1300144,2,202404,161.0,42.22,6797.42
1300144,2,202405,146.5,45.79,6708.24
1300144,2,202406,91.3,50.96,4652.65
1300144,2,202407,78.5,48.27,3789.2
1300144,2,202408,67.4,50.71,3417.85
1300144,2,202409,50.1,51.82,2596.18
1300144,2,202410,47.5,44.77,2126.58
1300144,2,202411,71.3,41.87,2985.33
1300144,2,202412,96.1,40.37,3879.56
1300144,3,202201,7.0,86.85,607.95
1300144,3,202202,6.5,87.28,567.32
1300144,3,202203,6.4,95.4,610.56
1300144,3,202204,6.1,79.73,486.35
1300144,3,202205,8.6,82.76,711.74
1300144,3,202206,6.1,80.52,491.17
1300144,3,202207,9.6,81.05,778.08
1300144,3,202208,12.2,73.66,898.65
1300144,3,202209,11.0,77.32,850.52
1300144,3,202210,12.9,77.94,1005.43
1300144,3,202211,9.6,73.97,710.11
1300144,3,202212,8.2,90.37,741.03
1300144,3,202301,10.8,80.61,870.59
1300144,3,202302,10.4,80.69,839.18
1300144,3,202303,9.7,90.97,882.41
1300144,3,202304,10.5,83.54,877.17
1300144,3,202305,14.7,81.24,1194.23
1300144,3,202306,18.2,78.88,1435.62
1300144,3,202307,17.9,82.5,1476.75
1300144,3,202308,15.3,75.41,1153.77
1300144,3,202309,16.0,80.55,1288.8
1300144,3,202310,12.5,75.56,944.5
1300144,3,202311,15.1,83.84,1265.98
1300144,3,202312,15.9,88.87,1413.03
1300144,3,202401,19.5,96.81,1887.8
1300144,3,202402,13.6,84.15,1144.44
1300144,3,202403,11.0,88.91,978.01
1300144,3,202404,13.0,95.71,1244.23
1300144,3,202405,12.8,89.83,1149.82
1300144,3,202406,16.2,82.39,1334.72
1300144,3,202407,20.0,81.34,1626.8
1300144,3,202408,24.1,81.84,1972.34
1300144,3,202409,19.7,79.82,1572.45
1300144,3,202410,19.7,85.52,1684.74
1300144,3,202411,14.9,87.91,1309.86
1300144,3,202412,14.1,83.57,1178.34
1300201,1,202201,425.8,11.02,4692.32
1300201,1,202202,397.5,11.68,4642.8
1300201,1,202203,408.1,12.99,5301.22
1300201,1,202204,367.9,13.46,4951.93
1300201,1,202205,288.7,13.79,3981.17
1300201,1,202206,354.6,12.19,4322.57
1300201,1,202207,695.5,10.56,7344.48
1300201,1,202208,940.8,9.29,8740.03
1300201,1,202209,503.3,9.3,4680.69
1300201,1,202210,580.7,8.92,5179.84
1300201,1,202211,687.5,8.95,6153.12
1300201,1,202212,564.3,9.84,5552.71
1300201,1,202301,432.9,11.93,5164.5
1300201,1,202302,357.1,13.86,4949.41
1300201,1,202303,360.8,13.3,4798.64
1300201,1,202304,275.9,14.22,3923.3
1300201,1,202305,386.3,14.51,5605.21
1300201,1,202306,418.3,12.44,5203.65
1300201,1,202307,413.8,11.69,4837.32
1300201,1,202308,639.9,10.45,6686.95
1300201,1,202309,527.0,8.97,4727.19
1300201,1,202310,544.8,9.32,5077.54
1300201,1,202311,515.0,9.59,4938.85
1300201,1,202312,735.8,10.77,7924.57
1300201,1,202401,501.3,11.42,5724.85
1300201,1,202402,284.1,13.4,3806.94
1300201,1,202403,262.5,15.35,4029.38
1300201,1,202404,311.5,16.27,5068.1
1300201,1,202405,395.3,15.27,6036.23
1300201,1,202406,660.5,12.63,8342.12
1300201,1,202407,849.1,12.4,10528.84
1300201,1,202408,851.7,10.59,9019.5
1300201,1,202409,720.2,10.06,7245.21
1300201,1,202410,995.6,9.21,9169.48
1300201,1,202411,785.0,9.1,7143.5
1300201,1,202412,585.6,10.66,6242.5
1300201,2,202201,37.8,37.53,1418.63
1300201,2,202202,44.2,37.68,1665.46
1300201,2,202203,48.0,36.13,1734.24
1300201,2,202204,57.0,43.33,2469.81
1300201,2,202205,42.4,49.93,2117.03
1300201,2,202206,34.9,50.92,1777.11
1300201,2,202207,29.6,53.8,1592.48
1300201,2,202208,29.3,53.4,1564.62
1300201,2,202209,31.1,51.53,1602.58
1300201,2,202210,38.2,48.58,1855.76
1300201,2,202211,46.3,42.99,1990.44
1300201,2,202212,51.0,43.09,2197.59
1300201,2,202301,65.8,42.03,2765.57
1300201,2,202302,57.5,38.87,2235.02
1300201,2,202303,44.9,41.81,1877.27
1300201,2,202304,37.2,41.81,1555.33
1300201,2,202305,33.0,45.35,1496.55
1300201,2,202306,24.5,52.3,1281.35
1300201,2,202307,22.0,54.03,1188.66
1300201,2,202308,19.2,53.2,1021.44
1300201,2,202309,24.4,51.97,1268.07
1300201,2,202310,30.4,50.75,1542.8
1300201,2,202311,25.4,42.7,1084.58
1300201,2,202312,29.4,41.68,1225.39
1300201,2,202401,51.0,39.69,2024.19
1300201,2,202402,56.1,41.33,2318.61
1300201,2,202403,54.7,44.65,2442.36
1300201,2,202404,41.1,46.04,1892.24
1300201,2,202405,38.3,47.37,1814.27
1300201,2,202406,33.2,50.43,1674.28
1300201,2,202407,26.0,52.88,1374.88
1300201,2,202408,24.3,61.77,1501.01
1300201,2,202409,24.8,55.1,1366.48
1300201,2,202410,22.5,52.77,1187.32
1300201,2,202411,23.4,43.73,1023.28
1300201,2,202412,31.0,42.38,1313.78
1300201,3,202201,4.7,93.0,437.1
1300201,3,202202,4.6,97.8,449.88
1300201,3,202203,5.1,90.65,462.32
1300201,3,202204,5.5,90.07,495.38
1300201,3,202205,5.0,90.07,450.35
1300201,3,202206,7.1,92.89,659.52
1300201,3,202207,6.9,85.67,591.12
1300201,3,202208,8.7,84.87,738.37
1300201,3,202209,9.8,80.92,793.02
1300201,3,202210,6.6,95.02,627.13
1300201,3,202211,5.5,95.12,523.16
1300201,3,202212,5.0,98.53,492.65
1300201,3,202301,5.3,91.57,485.32
1300201,3,202302,6.0,100.98,605.88
1300201,3,202303,6.0,93.95,563.7
1300201,3,202304,5.4,100.2,541.08
1300201,3,202305,7.8,95.12,741.94
1300201,3,202306,6.8,93.18,633.62
1300201,3,202307,7.8,85.61,667.76
1300201,3,202308,7.3,83.53,609.77
1300201,3,202309,6.9,85.94,592.99
1300201,3,202310,7.4,92.2,682.28
1300201,3,202311,8.8,92.47,813.74
1300201,3,202312,7.6,97.64,742.06
1300201,3,202401,6.1,97.15,592.62
1300201,3,202402,7.6,103.0,782.8
1300201,3,202403,7.5,109.64,822.3
1300201,3,202404,7.2,101.79,732.89
1300201,3,202405,8.4,99.14,832.78
1300201,3,202406,8.3,96.2,798.46
1300201,3,202407,12.3,89.82,1104.79
1300201,3,202408,9.9,99.13,981.39
1300201,3,202409,10.5,93.81,985.0
1300201,3,202410,9.3,95.12,884.62
1300201,3,202411,8.4,100.6,845.04
1300201,3,202412,6.7,104.94,703.1
1300300,1,202201,1269.1,11.98,15203.82
1300300,1,202202,1126.6,12.27,13823.38
1300300,1,202203,992.8,12.81,12717.77
1300300,1,202204,982.6,12.85,12626.41
1300300,1,202205,1078.3,13.8,14880.54
1300300,1,202206,1092.1,11.64,12712.04
1300300,1,202207,1296.7,11.31,14665.68
1300300,1,202208,2082.2,9.77,20343.09
1300300,1,202209,2125.8,8.96,19047.17
1300300,1,202210,2055.2,8.4,17263.68
1300300,1,202211,1891.9,8.91,16856.83
1300300,1,202212,1540.1,10.06,15493.41
1300300,1,202301,1188.7,11.83,14062.32
1300300,1,202302,1067.2,12.42,13254.62
1300300,1,202303,860.9,13.75,11837.38
1300300,1,202304,833.5,14.79,12327.46
1300300,1,202305,785.9,12.71,9988.79
1300300,1,202306,987.2,12.91,12744.75
1300300,1,202307,1362.8,11.15,15195.22
1300300,1,202308,1539.3,9.92,15269.86
1300300,1,202309,1228.5,9.69,11904.16
1300300,1,202310,1665.2,8.99,14970.15
1300300,1,202311,1706.5,9.0,15358.5
1300300,1,202312,1284.6,11.18,14361.83
1300300,1,202401,1347.5,12.72,17140.2
1300300,1,202402,877.8,12.19,10700.38
1300300,1,202403,1031.4,13.34,13758.88
1300300,1,202404,961.6,15.15,14568.24
1300300,1,202405,668.6,14.16,9467.38
1300300,1,202406,924.5,14.47,13377.52
1300300,1,202407,1116.9,12.53,13994.76
1300300,1,202408,1308.0,11.04,14440.32
1300300,1,202409,1426.9,9.45,13484.2
1300300,1,202410,1631.2,9.84,16051.01
1300300,1,202411,1540.0,9.33,14368.2
1300300,1,202412,1053.5,11.61,12231.14
1300300,2,202201,154.6,36.64,5664.54
1300300,2,202202,170.5,36.63,6245.42
1300300,2,202203,171.2,32.71,5599.95
1300300,2,202204,174.5,33.77,5892.87
1300300,2,202205,105.7,40.32,4261.82
1300300,2,202206,85.5,44.04,3765.42
1300300,2,202207,89.0,45.51,4050.39
1300300,2,202208,84.4,45.85,3869.74
1300300,2,202209,91.9,41.18,3784.44
1300300,2,202210,112.2,42.18,4732.6
1300300,2,202211,116.5,39.54,4606.41
1300300,2,202212,148.6,35.99,5348.11
1300300,2,202301,186.5,32.87,6130.25
1300300,2,202302,192.2,36.4,6996.08
1300300,2,202303,209.1,37.78,7899.8
1300300,2,202304,121.9,36.97,4506.64
1300300,2,202305,109.5,41.2,4511.4
1300300,2,202306,127.7,43.61,5569.0
1300300,2,202307,100.6,45.86,4613.52
1300300,2,202308,87.0,49.02,4264.74
1300300,2,202309,98.7,48.22,4759.31
1300300,2,202310,116.8,47.17,5509.46
1300300,2,202311,126.4,43.83,5540.11
1300300,2,202312,214.3,38.14,8173.4
1300300,2,202401,225.8,43.35,9788.43
1300300,2,202402,184.6,39.7,7328.62
1300300,2,202403,141.0,36.39,5130.99
1300300,2,202404,156.0,40.23,6275.88
1300300,2,202405,121.8,39.14,4767.25
1300300,2,202406,174.1,46.53,8100.87
1300300,2,202407,155.8,53.1,8272.98
1300300,2,202408,152.8,57.12,8727.94
1300300,2,202409,150.8,48.54,7319.83
1300300,2,202410,188.5,47.25,8906.62
1300300,2,202411,122.9,44.55,5475.2
1300300,2,202412,124.1,44.14,5477.77
1300300,3,202201,11.3,98.03,1107.74
1300300,3,202202,16.7,98.56,1645.95
1300300,3,202203,19.5,92.57,1805.11
1300300,3,202204,16.0,92.64,1482.24
1300300,3,202205,17.1,81.76,1398.1
1300300,3,202206,15.0,88.11,1321.65
1300300,3,202207,15.8,84.89,1341.26
1300300,3,202208,14.0,86.49,1210.86
1300300,3,202209,12.7,81.9,1040.13
1300300,3,202210,11.4,83.84,955.78
1300300,3,202211,15.7,86.46,1357.42
1300300,3,202212,12.7,97.07,1232.79
1300300,3,202301,14.8,97.34,1440.63
1300300,3,202302,12.4,89.74,1112.78
1300300,3,202303,11.2,99.12,1110.14
1300300,3,202304,12.8,91.82,1175.3
1300300,3,202305,10.6,96.32,1020.99
1300300,3,202306,13.7,90.91,1245.47
1300300,3,202307,14.0,92.03,1288.42
1300300,3,202308,13.0,90.33,1174.29
1300300,3,202309,11.8,90.64,1069.55
1300300,3,202310,17.7,93.66,1657.78
1300300,3,202311,15.3,95.03,1453.96
1300300,3,202312,13.7,90.77,1243.55
1300300,3,202401,15.1,94.13,1421.36
1300300,3,202402,11.9,96.34,1146.45
1300300,3,202403,15.0,103.37,1550.55
1300300,3,202404,14.5,87.32,1266.14
1300300,3,202405,11.4,94.67,1079.24
1300300,3,202406,11.8,90.69,1070.14
1300300,3,202407,11.0,95.49,1050.39
1300300,3,202408,12.9,88.54,1142.17
1300300,3,202409,11.9,88.18,1049.34
1300300,3,202410,10.8,98.15,1060.02
1300300,3,202411,12.3,94.31,1160.01
1300300,3,202412,12.5,96.36,1204.5
1300409,1,202201,523.8,10.55,5526.09
1300409,1,202202,541.6,11.76,6369.22
1300409,1,202203,700.5,12.8,8966.4
1300409,1,202204,541.9,14.05,7613.7
1300409,1,202205,576.0,13.8,7948.8
1300409,1,202206,554.2,11.66,6461.97
1300409,1,202207,656.7,10.77,7072.66
1300409,1,202208,586.4,9.65,5658.76
1300409,1,202209,736.6,9.42,6938.77
1300409,1,202210,827.6,8.8,7282.88
1300409,1,202211,1131.3,9.08,10272.2
1300409,1,202212,647.7,10.16,6580.63
1300409,1,202301,543.3,11.22,6095.83
1300409,1,202302,611.9,13.68,8370.79
1300409,1,202303,488.4,13.67,6676.43
1300409,1,202304,446.0,13.41,5980.86
1300409,1,202305,404.7,13.51,5467.5
1300409,1,202306,415.2,13.59,5642.57
1300409,1,202307,396.7,11.32,4490.64
1300409,1,202308,514.3,10.85,5580.16
1300409,1,202309,577.4,9.17,5294.76
1300409,1,202310,734.3,8.79,6454.5
1300409,1,202311,669.7,9.78,6549.67
1300409,1,202312,607.1,9.91,6016.36
1300409,1,202401,522.4,12.51,6535.22
1300409,1,202402,479.4,13.51,6476.69
1300409,1,202403,408.7,13.59,5554.23
1300409,1,202404,348.3,14.48,5043.38
1300409,1,202405,420.0,13.81,5800.2
1300409,1,202406,620.8,13.5,8380.8
1300409,1,202407,732.3,13.2,9666.36
1300409,1,202408,760.6,10.55,8024.33
1300409,1,202409,870.7,10.09,8785.36
1300409,1,202410,648.8,9.5,6163.6
1300409,1,202411,712.8,9.84,7013.95
1300409,1,202412,652.2,10.66,6952.45
1300409,2,202201,103.8,35.98,3734.72
1300409,2,202202,84.1,38.84,3266.44
1300409,2,202203,60.3,34.77,2096.63
1300409,2,202204,53.8,39.28,2113.26
1300409,2,202205,42.9,42.33,1815.96
1300409,2,202206,44.5,44.65,1986.92
1300409,2,202207,30.9,43.13,1332.72
1300409,2,202208,35.0,49.89,1746.15
1300409,2,202209,43.9,47.06,2065.93
1300409,2,202210,62.6,47.28,2959.73
1300409,2,202211,72.1,42.11,3036.13
1300409,2,202212,94.4,38.62,3645.73
1300409,2,202301,76.6,38.7,2964.42
1300409,2,202302,80.4,35.32,2839.73
1300409,2,202303,49.0,41.06,2011.94
1300409,2,202304,49.7,39.63,1969.61
1300409,2,202305,51.3,42.87,2199.23
1300409,2,202306,50.6,50.06,2533.04
1300409,2,202307,34.2,49.94,1707.95
1300409,2,202308,34.2,49.61,1696.66
1300409,2,202309,37.1,50.36,1868.36
1300409,2,202310,40.5,48.42,1961.01
1300409,2,202311,56.5,43.4,2452.1
1300409,2,202312,61.4,42.29,2596.61
1300409,2,202401,69.5,37.02,2572.89
1300409,2,202402,66.0,39.04,2576.64
1300409,2,202403,80.4,41.06,3301.22
1300409,2,202404,85.6,43.26,3703.06
1300409,2,202405,63.9,40.53,2589.87
1300409,2,202406,90.2,48.43,4368.39
1300409,2,202407,57.0,48.21,2747.97
1300409,2,202408,61.0,55.6,3391.6
1300409,2,202409,47.2,50.23,2370.86
1300409,2,202410,59.3,51.68,3064.62
1300409,2,202411,72.1,42.66,3075.79
1300409,2,202412,62.8,42.76,2685.33
1300409,3,202201,6.4,95.5,611.2
1300409,3,202202,5.8,103.28,599.02
1300409,3,202203,5.7,87.07,496.3
1300409,3,202204,7.9,83.54,659.97
1300409,3,202205,7.7,85.08,655.12
1300409,3,202206,7.1,78.52,557.49
1300409,3,202207,6.2,82.75,513.05
1300409,3,202208,7.0,87.1,609.7
1300409,3,202209,6.4,86.6,554.24
1300409,3,202210,6.2,91.9,569.78
1300409,3,202211,5.4,91.68,495.07
1300409,3,202212,5.9,90.85,536.02
1300409,3,202301,4.7,95.91,450.78
1300409,3,202302,5.7,101.41,578.04
1300409,3,202303,5.5,91.21,501.66
1300409,3,202304,6.9,82.25,567.52
1300409,3,202305,7.8,95.44,744.43
1300409,3,202306,8.1,91.86,744.07
1300409,3,202307,9.5,95.98,911.81
1300409,3,202308,11.8,91.1,1074.98
1300409,3,202309,12.5,90.12,1126.5
1300409,3,202310,7.9,89.39,706.18
1300409,3,202311,6.7,89.88,602.2
1300409,3,202312,6.0,95.07,570.42
1300409,3,202401,6.9,107.25,740.03
1300409,3,202402,6.2,105.45,653.79
1300409,3,202403,5.8,107.14,621.41
1300409,3,202404,5.6,100.65,563.64
1300409,3,202405,6.9,92.93,641.22
1300409,3,202406,8.4,99.92,839.33
1300409,3,202407,6.8,97.21,661.03
1300409,3,202408,6.8,92.22,627.1
1300409,3,202409,5.2,94.75,492.7
1300409,3,202410,3.9,96.68,377.05
1300409,3,202411,5.4,94.95,512.73
1300409,3,202412,6.3,98.82,622.57
1300508,1,202201,732.3,12.52,9168.4
1300508,1,202202,572.0,12.13,6938.36
1300508,1,202203,432.1,14.37,6209.28
1300508,1,202204,532.4,13.66,7272.58
1300508,1,202205,552.6,14.43,7974.02
1300508,1,202206,589.8,11.66,6877.07
1300508,1,202207,898.7,11.32,10173.28
1300508,1,202208,701.7,9.84,6904.73
1300508,1,202209,1085.2,9.24,10027.25
1300508,1,202210,930.0,9.42,8760.6
1300508,1,202211,958.9,9.35,8965.72
1300508,1,202212,766.6,10.67,8179.62
1300508,1,202301,570.6,11.3,6447.78
1300508,1,202302,669.4,12.39,8293.87
1300508,1,202303,795.0,13.82,10986.9
1300508,1,202304,625.9,14.11,8831.45
1300508,1,202305,647.2,13.68,8853.7
1300508,1,202306,695.2,12.31,8557.91
1300508,1,202307,1083.7,12.4,13437.88
1300508,1,202308,760.8,10.27,7813.42
1300508,1,202309,987.4,10.26,10130.72
1300508,1,202310,920.1,9.24,8501.72
1300508,1,202311,611.3,9.87,6033.53
1300508,1,202312,620.8,10.75,6673.6
1300508,1,202401,850.3,11.63,9888.99
1300508,1,202402,609.6,13.64,8314.94
1300508,1,202403,634.0,15.77,9998.18
1300508,1,202404,721.0,14.85,10706.85
1300508,1,202405,676.2,14.98,10129.48
1300508,1,202406,737.7,13.86,10224.52
1300508,1,202407,617.1,12.3,7590.33
1300508,1,202408,713.1,10.94,7801.31
1300508,1,202409,1067.7,10.19,10879.86
1300508,1,202410,1135.5,9.94,11286.87
1300508,1,202411,1157.1,9.26,10714.75
1300508,1,202412,1016.8,10.98,11164.46
1300508,2,202201,187.7,37.65,7066.9
1300508,2,202202,197.4,38.89,7676.89
1300508,2,202203,191.0,36.95,7057.45
1300508,2,202204,205.9,36.69,7554.47
1300508,2,202205,146.9,39.06,5737.91
1300508,2,202206,106.7,49.39,5269.91
1300508,2,202207,85.0,49.07,4170.95
1300508,2,202208,83.7,49.19,4117.2
1300508,2,202209,50.2,48.92,2455.78
1300508,2,202210,65.4,45.88,3000.55
1300508,2,202211,85.8,43.26,3711.71
1300508,2,202212,99.2,38.44,3813.25
1300508,2,202301,86.2,40.36,3479.03
1300508,2,202302,99.5,36.43,3624.78
1300508,2,202303,80.3,36.6,2938.98
1300508,2,202304,119.4,37.4,4465.56
1300508,2,202305,98.1,43.48,4265.39
1300508,2,202306,60.0,50.4,3024.0
1300508,2,202307,61.6,48.6,2993.76
1300508,2,202308,78.0,47.23,3683.94
1300508,2,202309,83.4,50.43,4205.86
1300508,2,202310,76.8,45.79,3516.67
1300508,2,202311,81.9,47.55,3894.34
1300508,2,202312,96.2,42.95,4131.79
1300508,2,202401,105.0,37.31,3917.55
1300508,2,202402,93.6,38.51,3604.54
1300508,2,202403,102.8,38.29,3936.21
1300508,2,202404,80.7,39.89,3219.12
1300508,2,202405,98.4,45.57,4484.09
1300508,2,202406,107.8,51.18,5517.2
1300508,2,202407,77.3,51.42,3974.77
1300508,2,202408,68.2,51.21,3492.52
1300508,2,202409,70.5,46.24,3259.92
1300508,2,202410,83.0,47.52,3944.16
1300508,2,202411,103.6,46.98,4867.13
1300508,2,202412,129.4,39.53,5115.18
1300508,3,202201,8.1,100.58,814.7
1300508,3,202202,9.9,94.68,937.33
1300508,3,202203,11.0,92.48,1017.28
1300508,3,202204,11.4,93.24,1062.94
1300508,3,202205,13.0,86.17,1120.21
1300508,3,202206,11.3,86.5,977.45
1300508,3,202207,9.1,77.83,708.25
1300508,3,202208,9.5,75.19,714.3
1300508,3,202209,9.7,81.28,788.42
1300508,3,202210,10.9,85.01,926.61
1300508,3,202211,11.1,82.43,914.97
1300508,3,202212,12.0,90.42,1085.04
1300508,3,202301,7.3,95.87,699.85
1300508,3,202302,6.8,98.91,672.59
1300508,3,202303,7.6,101.53,771.63
1300508,3,202304,9.2,105.02,966.18
1300508,3,202305,14.3,95.63,1367.51
1300508,3,202306,10.9,86.43,942.09
1300508,3,202307,9.8,91.74,899.05
1300508,3,202308,9.7,94.37,915.39
1300508,3,202309,8.9,83.9,746.71
1300508,3,202310,8.0,86.09,688.72
1300508,3,202311,8.6,87.18,749.75
1300508,3,202312,10.5,93.72,984.06
1300508,3,202401,10.1,104.18,1052.22
1300508,3,202402,8.3,110.96,920.97
1300508,3,202403,8.5,106.91,908.74
1300508,3,202404,7.7,102.06,785.86
1300508,3,202405,10.7,97.42,1042.39
1300508,3,202406,14.6,96.15,1403.79
1300508,3,202407,10.2,94.25,961.35
1300508,3,202408,11.3,97.52,1101.98
1300508,3,202409,9.9,92.05,911.3
1300508,3,202410,10.3,95.53,983.96
1300508,3,202411,10.0,95.23,952.3
1300508,3,202412,7.7,100.69,775.31
1300607,1,202201,686.8,11.46,7870.73
1300607,1,202202,752.0,13.87,10430.24
1300607,1,202203,539.4,14.87,8020.88
1300607,1,202204,404.9,15.05,6093.74
1300607,1,202205,545.9,14.8,8079.32
1300607,1,202206,485.2,13.11,6360.97
1300607,1,202207,455.9,11.88,5416.09
1300607,1,202208,786.0,10.4,8174.4
1300607,1,202209,976.3,9.9,9665.37
1300607,1,202210,1143.7,9.23,10556.35
1300607,1,202211,991.2,9.61,9525.43
1300607,1,202212,695.8,11.07,7702.51
1300607,1,202301,681.2,12.29,8371.95
1300607,1,202302,636.6,13.06,8314.0
1300607,1,202303,499.8,14.98,7487.0
1300607,1,202304,592.8,13.53,8020.58
1300607,1,202305,617.3,12.49,7710.08
1300607,1,202306,786.8,13.27,10440.84
1300607,1,202307,1000.1,11.15,11151.12
1300607,1,202308,1293.7,10.23,13234.55
1300607,1,202309,1579.2,8.68,13707.46
1300607,1,202310,1486.6,8.75,13007.75
1300607,1,202311,1465.1,8.79,12878.23
1300607,1,202312,1328.7,10.15,13486.3
1300607,1,202401,693.9,11.86,8229.65
1300607,1,202402,770.2,13.42,10336.08
1300607,1,202403,734.0,15.21,11164.14
1300607,1,202404,793.0,15.14,12006.02
1300607,1,202405,642.7,13.18,8470.79
1300607,1,202406,747.0,13.78,10293.66
1300607,1,202407,785.6,12.16,9552.9
1300607,1,202408,1210.5,10.77,13037.08
1300607,1,202409,1092.3,9.88,10791.92
1300607,1,202410,1087.8,9.65,10497.27
1300607,1,202411,1312.1,9.56,12543.68
1300607,1,202412,1079.3,10.73,11580.89
1300607,2,202201,126.3,39.22,4953.49
1300607,2,202202,141.6,37.48,5307.17
1300607,2,202203,129.4,37.92,4906.85
1300607,2,202204,99.4,42.27,4201.64
1300607,2,202205,106.0,42.54,4509.24
1300607,2,202206,87.1,53.87,4692.08
1300607,2,202207,73.1,47.52,3473.71
1300607,2,202208,51.0,49.35,2516.85
1300607,2,202209,84.3,48.26,4068.32
1300607,2,202210,97.0,48.86,4739.42
1300607,2,202211,138.2,47.34,6542.39
1300607,2,202212,164.9,42.73,7046.18
1300607,2,202301,203.8,43.83,8932.55
1300607,2,202302,168.0,38.17,6412.56
1300607,2,202303,122.8,42.08,5167.42
1300607,2,202304,139.3,42.64,5939.75
1300607,2,202305,125.3,47.34,5931.7
1300607,2,202306,100.6,53.18,5349.91
1300607,2,202307,108.0,48.59,5247.72
1300607,2,202308,106.6,59.45,6337.37
1300607,2,202309,118.7,52.5,6231.75
1300607,2,202310,101.0,46.43,4689.43
1300607,2,202311,141.2,45.21,6383.65
1300607,2,202312,152.3,43.51,6626.57
1300607,2,202401,197.4,40.85,8063.79
1300607,2,202402,221.5,37.29,8259.74
1300607,2,202403,214.2,42.49,9101.36
1300607,2,202404,169.6,43.36,7353.86
1300607,2,202405,159.6,50.21,8013.52
1300607,2,202406,157.6,49.53,7805.93
1300607,2,202407,140.8,61.49,8657.79
1300607,2,202408,125.1,57.34,7173.23
1300607,2,202409,135.1,55.46,7492.65
1300607,2,202410,121.8,53.9,6565.02
1300607,2,202411,177.4,44.37,7871.24
1300607,2,202412,131.8,43.85,5779.43
1300607,3,202201,9.2,109.74,1009.61
1300607,3,202202,11.6,87.76,1018.02
1300607,3,202203,15.3,87.16,1333.55
1300607,3,202204,14.1,95.39,1345.0
1300607,3,202205,14.8,83.82,1240.54
1300607,3,202206,17.2,80.55,1385.46
1300607,3,202207,15.8,73.9,1167.62
1300607,3,202208,15.8,85.85,1356.43
1300607,3,202209,14.4,80.88,1164.67
1300607,3,202210,12.5,90.15,1126.88
1300607,3,202211,13.6,89.66,1219.38
1300607,3,202212,14.0,93.1,1303.4
1300607,3,202301,15.2,96.26,1463.15
1300607,3,202302,13.7,97.86,1340.68
1300607,3,202303,10.6,94.16,998.1
1300607,3,202304,14.2,92.63,1315.35
1300607,3,202305,12.5,88.61,1107.62
1300607,3,202306,11.8,97.93,1155.57
1300607,3,202307,12.0,87.0,1044.0
1300607,3,202308,9.7,78.56,762.03
1300607,3,202309,10.9,89.89,979.8
1300607,3,202310,13.4,87.22,1168.75
1300607,3,202311,12.1,93.39,1130.02
1300607,3,202312,15.4,95.12,1464.85
1300607,3,202401,17.6,110.16,1938.82
1300607,3,202402,17.9,101.07,1809.15
1300607,3,202403,11.1,106.51,1182.26
1300607,3,202404,15.8,103.74,1639.09
1300607,3,202405,14.9,90.78,1352.62
1300607,3,202406,20.8,95.17,1979.54
1300607,3,202407,16.9,88.72,1499.37
1300607,3,202408,16.2,86.01,1393.36
1300607,3,202409,16.1,86.76,1396.84
1300607,3,202410,13.0,98.24,1277.12
1300607,3,202411,9.8,110.93,1087.11
1300607,3,202412,7.1,96.16,682.74
1300631,1,202201,686.8,11.08,7609.74
1300631,1,202202,506.0,12.28,6213.68
1300631,1,202203,490.8,12.19,5982.85
1300631,1,202204,410.3,12.73,5223.12
1300631,1,202205,357.7,12.47,4460.52
1300631,1,202206,467.3,12.03,5621.62
1300631,1,202207,837.1,12.14,10162.39
1300631,1,202208,976.2,9.39,9166.52
1300631,1,202209,1141.2,8.56,9768.67
1300631,1,202210,804.0,8.2,6592.8
1300631,1,202211,961.4,9.28,8921.79
1300631,1,202212,911.7,9.82,8952.89
1300631,1,202301,700.2,10.93,7653.19
1300631,1,202302,649.5,12.4,8053.8
1300631,1,202303,606.6,12.98,7873.67
1300631,1,202304,481.7,14.03,6758.25
1300631,1,202305,581.7,15.44,8981.45
1300631,1,202306,842.7,12.98,10938.25
1300631,1,202307,899.9,11.37,10231.86
1300631,1,202308,896.2,9.89,8863.42
1300631,1,202309,1037.7,8.74,9069.5
1300631,1,202310,1326.3,9.36,12414.17
1300631,1,202311,981.9,9.67,9494.97
1300631,1,202312,1028.3,9.99,10272.72
1300631,1,202401,765.8,12.61,9656.74
1300631,1,202402,707.2,13.12,9278.46
1300631,1,202403,570.7,14.58,8320.81
1300631,1,202404,517.7,14.57,7542.89
1300631,1,202405,768.0,13.9,10675.2
1300631,1,202406,635.4,12.5,7942.5
1300631,1,202407,881.3,11.78,10381.71
1300631,1,202408,1441.7,11.07,15959.62
1300631,1,202409,1644.9,9.46,15560.75
1300631,1,202410,1203.8,9.58,11532.4
1300631,1,202411,935.9,9.19,8600.92
1300631,1,202412,802.3,11.04,8857.39
1300631,2,202201,125.5,34.0,4267.0
1300631,2,202202,131.8,33.65,4435.07
1300631,2,202203,119.9,34.67,4156.93
1300631,2,202204,149.5,36.2,5411.9
1300631,2,202205,117.2,40.09,4698.55
1300631,2,202206,80.5,42.69,3436.54
1300631,2,202207,126.1,43.87,5532.01
1300631,2,202208,83.0,45.93,3812.19
1300631,2,202209,85.8,45.8,3929.64
1300631,2,202210,82.4,40.92,3371.81
1300631,2,202211,88.6,41.07,3638.8
1300631,2,202212,91.4,36.3,3317.82
1300631,2,202301,104.0,36.77,3824.08
1300631,2,202302,145.0,34.4,4988.0
1300631,2,202303,100.0,38.37,3837.0
1300631,2,202304,131.8,40.6,5351.08
1300631,2,202305,140.9,39.71,5595.14
1300631,2,202306,125.9,46.18,5814.06
1300631,2,202307,108.2,50.83,5499.81
1300631,2,202308,103.9,45.89,4767.97
1300631,2,202309,131.7,45.27,5962.06
1300631,2,202310,92.3,46.67,4307.64
1300631,2,202311,125.1,39.2,4903.92
1300631,2,202312,121.3,37.23,4516.0
1300631,2,202401,161.0,35.93,5784.73
1300631,2,202402,144.3,38.33,5531.02
1300631,2,202403,162.7,36.51,5940.18
1300631,2,202404,108.7,39.61,4305.61
1300631,2,202405,77.6,41.84,3246.78
1300631,2,202406,80.3,49.46,3971.64
1300631,2,202407,106.7,47.02,5017.03
1300631,2,202408,110.2,46.56,5130.91
1300631,2,202409,118.5,45.66,5410.71
1300631,2,202410,141.4,48.34,6835.28
1300631,2,202411,134.7,45.13,6079.01
1300631,2,202412,165.2,42.77,7065.6
1300631,3,202201,8.0,87.95,703.6
1300631,3,202202,7.0,98.43,689.01
1300631,3,202203,9.5,91.3,867.35
1300631,3,202204,13.4,94.94,1272.2
1300631,3,202205,10.3,89.03,917.01
1300631,3,202206,13.7,95.53,1308.76
1300631,3,202207,10.8,88.75,958.5
1300631,3,202208,8.7,81.27,707.05
1300631,3,202209,8.7,84.04,731.15
1300631,3,202210,10.1,90.81,917.18
1300631,3,202211,9.0,85.32,767.88
1300631,3,202212,9.7,98.34,953.9
1300631,3,202301,9.1,97.24,884.88
1300631,3,202302,10.9,103.31,1126.08
1300631,3,202303,10.7,97.5,1043.25
1300631,3,202304,13.1,93.92,1230.35
1300631,3,202305,9.9,90.44,895.36
1300631,3,202306,9.6,99.01,950.5
1300631,3,202307,9.9,87.44,865.66
1300631,3,202308,8.5,102.64,872.44
1300631,3,202309,7.5,89.41,670.58
1300631,3,202310,8.6,87.01,748.29
1300631,3,202311,9.6,86.47,830.11
1300631,3,202312,9.2,102.54,943.37
1300631,3,202401,10.5,101.26,1063.23
1300631,3,202402,7.8,107.36,837.41
1300631,3,202403,7.6,114.84,872.78
1300631,3,202404,6.6,103.52,683.23
1300631,3,202405,8.0,98.85,790.8
1300631,3,202406,9.8,100.25,982.45
1300631,3,202407,13.0,95.93,1247.09
1300631,3,202408,9.7,85.78,832.07
1300631,3,202409,10.5,98.5,1034.25
1300631,3,202410,13.1,94.07,1232.32
1300631,3,202411,9.3,104.99,976.41
1300631,3,202412,7.2,102.69,739.37
1300680,1,202201,500.3,10.73,5368.22
1300680,1,202202,441.7,13.91,6144.05
1300680,1,202203,493.9,12.99,6415.76
1300680,1,202204,367.5,14.63,5376.52
1300680,1,202205,343.8,13.54,4655.05
1300680,1,202206,437.8,12.76,5586.33
1300680,1,202207,831.5,11.48,9545.62
1300680,1,202208,792.1,10.53,8340.81
1300680,1,202209,973.2,9.72,9459.5
1300680,1,202210,1026.0,9.68,9931.68
1300680,1,202211,844.6,10.2,8614.92
1300680,1,202212,779.7,10.57,8241.43
1300680,1,202301,607.6,13.15,7989.94
1300680,1,202302,495.2,13.39,6630.73
1300680,1,202303,339.1,15.05,5103.46
1300680,1,202304,374.4,14.92,5586.05
1300680,1,202305,506.5,13.87,7025.16
1300680,1,202306,577.7,13.45,7770.06
1300680,1,202307,831.9,12.37,10290.6
1300680,1,202308,1014.7,10.78,10938.47
1300680,1,202309,1044.4,10.08,10527.55
1300680,1,202310,932.4,9.95,9277.38
1300680,1,202311,830.4,9.86,8187.74
1300680,1,202312,588.1,9.32,5481.09
1300680,1,202401,543.6,13.59,7387.52
1300680,1,202402,519.1,13.61,7064.95
1300680,1,202403,655.6,14.18,9296.41
1300680,1,202404,628.6,14.3,8988.98
1300680,1,202405,515.1,14.53,7484.4
1300680,1,202406,456.2,13.43,6126.77
1300680,1,202407,585.1,12.05,7050.46
1300680,1,202408,876.7,10.81,9477.13
1300680,1,202409,951.2,10.5,9987.6
1300680,1,202410,1113.8,10.93,12173.83
1300680,1,202411,999.0,10.65,10639.35
1300680,1,202412,997.1,11.83,11795.69
1300680,2,202201,63.4,37.62,2385.11
1300680,2,202202,103.5,37.2,3850.2
1300680,2,202203,80.8,41.65,3365.32
1300680,2,202204,61.9,42.68,2641.89
1300680,2,202205,54.3,44.98,2442.41
1300680,2,202206,52.9,48.38,2559.3
1300680,2,202207,51.1,46.67,2384.84
1300680,2,202208,41.8,48.56,2029.81
1300680,2,202209,39.4,45.24,1782.46
1300680,2,202210,43.1,43.61,1879.59
1300680,2,202211,45.1,41.36,1865.34
1300680,2,202212,44.7,39.93,1784.87
1300680,2,202301,77.7,36.86,2864.02
1300680,2,202302,71.5,38.21,2732.02
1300680,2,202303,65.2,38.89,2535.63
1300680,2,202304,57.9,39.37,2279.52
1300680,2,202305,52.6,48.61,2556.89
1300680,2,202306,51.9,45.32,2352.11
1300680,2,202307,43.1,53.82,2319.64
1300680,2,202308,52.7,46.28,2438.96
1300680,2,202309,57.0,50.53,2880.21
1300680,2,202310,55.7,45.61,2540.48
1300680,2,202311,54.3,43.59,2366.94
1300680,2,202312,77.0,45.61,3511.97
1300680,2,202401,77.4,40.0,3096.0
1300680,2,202402,62.6,37.62,2355.01
1300680,2,202403,78.7,41.7,3281.79
1300680,2,202404,61.4,42.5,2609.5
1300680,2,202405,65.9,47.13,3105.87
1300680,2,202406,35.6,48.04,1710.22
1300680,2,202407,35.7,50.61,1806.78
1300680,2,202408,48.2,51.71,2492.42
1300680,2,202409,49.5,55.0,2722.5
1300680,2,202410,60.3,49.72,2998.12
1300680,2,202411,55.6,44.39,2468.08
1300680,2,202412,69.9,43.62,3049.04
1300680,3,202201,9.9,97.3,963.27
1300680,3,202202,7.6,102.55,779.38
1300680,3,202203,9.6,89.78,861.89
1300680,3,202204,12.3,90.48,1112.9
1300680,3,202205,11.2,89.53,1002.74
1300680,3,202206,11.5,90.41,1039.71
1300680,3,202207,8.2,85.46,700.77
1300680,3,202208,9.6,84.06,806.98
1300680,3,202209,8.5,78.96,671.16
1300680,3,202210,10.6,82.49,874.39
1300680,3,202211,11.4,90.87,1035.92
1300680,3,202212,11.1,90.35,1002.88
1300680,3,202301,13.7,96.79,1326.02
1300680,3,202302,12.9,98.91,1275.94
1300680,3,202303,12.6,110.69,1394.69
1300680,3,202304,13.2,94.04,1241.33
1300680,3,202305,11.8,100.32,1183.78
1300680,3,202306,15.0,96.96,1454.4
1300680,3,202307,12.4,92.38,1145.51
1300680,3,202308,14.0,84.33,1180.62
1300680,3,202309,17.0,89.35,1518.95
1300680,3,202310,12.4,89.04,1104.1
1300680,3,202311,9.5,103.52,983.44
1300680,3,202312,8.3,98.41,816.8
1300680,3,202401,12.8,101.17,1294.98
1300680,3,202402,10.9,112.65,1227.88
1300680,3,202403,9.1,100.46,914.19
1300680,3,202404,11.1,102.92,1142.41
1300680,3,202405,7.4,100.67,744.96
1300680,3,202406,8.2,95.94,786.71
1300680,3,202407,13.3,91.66,1219.08
1300680,3,202408,11.6,95.28,1105.25
1300680,3,202409,11.9,89.29,1062.55
1300680,3,202410,13.0,99.68,1295.84
1300680,3,202411,13.3,95.84,1274.67
1300680,3,202412,11.4,107.04,1220.26
1300706,1,202201,939.5,10.32,9695.64
1300706,1,202202,848.8,11.94,10134.67
1300706,1,202203,642.8,11.57,7437.2
1300706,1,202204,585.7,13.06,7649.24
1300706,1,202205,753.1,12.36,9308.32
1300706,1,202206,1011.4,11.91,12045.77
1300706,1,202207,1109.6,12.61,13992.06
1300706,1,202208,1003.9,10.62,10661.42
1300706,1,202209,1139.5,8.29,9446.46
1300706,1,202210,972.5,8.85,8606.62
1300706,1,202211,1079.6,9.28,10018.69
1300706,1,202212,1076.2,9.59,10320.76
1300706,1,202301,886.7,11.43,10134.98
1300706,1,202302,808.8,12.7,10271.76
1300706,1,202303,773.2,12.52,9680.46
1300706,1,202304,754.7,13.02,9826.19
1300706,1,202305,617.7,13.51,8345.13
1300706,1,202306,719.1,12.58,9046.28
1300706,1,202307,980.9,10.94,10731.05
1300706,1,202308,1566.9,9.75,15277.28
1300706,1,202309,1524.6,9.23,14072.06
1300706,1,202310,1690.6,9.36,15824.02
1300706,1,202311,1773.0,9.24,16382.52
1300706,1,202312,1362.7,11.0,14989.7
1300706,1,202401,1346.8,11.36,15299.65
1300706,1,202402,1260.8,13.13,16554.3
1300706,1,202403,1224.8,13.66,16730.77
1300706,1,202404,1052.4,14.66,15428.18
1300706,1,202405,1460.9,13.37,19532.23
1300706,1,202406,1152.4,14.32,16502.37
1300706,1,202407,1808.5,10.81,19549.89
1300706,1,202408,1994.6,11.47,22878.06
1300706,1,202409,2403.7,9.67,23243.78
1300706,1,202410,1938.2,9.56,18529.19
1300706,1,202411,1952.0,10.29,20086.08
1300706,1,202412,1973.2,10.99,21685.47
1300706,2,202201,170.1,30.83,5244.18
1300706,2,202202,155.4,33.32,5177.93
1300706,2,202203,150.3,34.78,5227.43
1300706,2,202204,150.3,39.36,5915.81
1300706,2,202205,108.5,39.95,4334.58
1300706,2,202206,119.6,43.16,5161.94
1300706,2,202207,106.8,45.79,4890.37
1300706,2,202208,83.5,48.7,4066.45
1300706,2,202209,76.1,44.09,3355.25
1300706,2,202210,92.8,39.86,3699.01
1300706,2,202211,103.5,36.73,3801.56
1300706,2,202212,147.3,38.03,5601.82
1300706,2,202301,155.2,36.24,5624.45
1300706,2,202302,173.5,34.57,5997.9
1300706,2,202303,143.2,34.81,4984.79
1300706,2,202304,138.0,38.45,5306.1
1300706,2,202305,160.5,41.63,6681.62
1300706,2,202306,128.6,45.36,5833.3
1300706,2,202307,103.1,44.03,4539.49
1300706,2,202308,87.4,43.37,3790.54
1300706,2,202309,97.4,44.46,4330.4
1300706,2,202310,144.6,41.39,5984.99
1300706,2,202311,119.6,38.4,4592.64
1300706,2,202312,142.3,41.21,5864.18
1300706,2,202401,119.5,33.2,3967.4
1300706,2,202402,133.2,37.19,4953.71
1300706,2,202403,152.4,38.91,5929.88
1300706,2,202404,110.6,41.53,4593.22
1300706,2,202405,104.5,43.33,4527.98
1300706,2,202406,109.9,49.07,5392.79
1300706,2,202407,108.4,52.79,5722.44
1300706,2,202408,114.2,48.41,5528.42
1300706,2,202409,98.3,49.38,4854.05
1300706,2,202410,121.4,48.96,5943.74
1300706,2,202411,126.1,40.93,5161.27
1300706,2,202412,172.1,39.05,6720.5
1300706,3,202201,17.1,93.61,1600.73
1300706,3,202202,16.0,91.95,1471.2
1300706,3,202203,19.6,89.84,1760.86
1300706,3,202204,20.6,90.96,1873.78
1300706,3,202205,11.1,88.09,977.8
1300706,3,202206,12.1,80.75,977.08
1300706,3,202207,15.2,85.71,1302.79
1300706,3,202208,17.8,87.37,1555.19
1300706,3,202209,20.6,86.82,1788.49
1300706,3,202210,25.6,86.44,2212.86
1300706,3,202211,23.8,85.77,2041.33
1300706,3,202212,13.9,90.94,1264.07
1300706,3,202301,15.0,95.34,1430.1
1300706,3,202302,19.1,97.31,1858.62
1300706,3,202303,18.6,100.57,1870.6
1300706,3,202304,19.1,93.46,1785.09
1300706,3,202305,17.7,83.22,1472.99
1300706,3,202306,22.3,92.11,2054.05
1300706,3,202307,20.5,88.23,1808.72
1300706,3,202308,22.9,86.4,1978.56
1300706,3,202309,23.3,81.56,1900.35
1300706,3,202310,21.5,84.89,1825.14
1300706,3,202311,21.5,88.03,1892.64
1300706,3,202312,20.1,91.27,1834.53
1300706,3,202401,23.2,97.25,2256.2
1300706,3,202402,23.0,94.66,2177.18
1300706,3,202403,25.0,110.98,2774.5
1300706,3,202404,19.6,105.2,2061.92
1300706,3,202405,17.2,96.06,1652.23
1300706,3,202406,19.1,91.74,1752.23
1300706,3,202407,23.2,98.41,2283.11
1300706,3,202408,24.9,96.59,2405.09
1300706,3,202409,20.2,86.56,1748.51
1300706,3,202410,22.9,93.04,2130.62
1300706,3,202411,18.7,93.88,1755.56
1300706,3,202412,20.5,96.28,1973.74
1300805,1,202201,878.3,10.73,9424.16
1300805,1,202202,992.3,11.56,11470.99
1300805,1,202203,636.5,12.9,8210.85
1300805,1,202204,864.6,13.15,11369.49
1300805,1,202205,821.3,12.49,10258.04
1300805,1,202206,760.7,13.85,10535.7
1300805,1,202207,738.9,11.18,8260.9
1300805,1,202208,880.1,10.08,8871.41
1300805,1,202209,733.6,8.8,6455.68
1300805,1,202210,843.6,8.45,7128.42
1300805,1,202211,876.2,9.48,8306.38
1300805,1,202212,702.0,9.06,6360.12
1300805,1,202301,775.4,10.81,8382.07
1300805,1,202302,645.6,12.49,8063.54
1300805,1,202303,525.2,14.47,7599.64
1300805,1,202304,506.5,13.59,6883.34
1300805,1,202305,604.8,13.81,8352.29
1300805,1,202306,707.8,12.66,8960.75
1300805,1,202307,747.7,12.21,9129.42
1300805,1,202308,963.3,9.46,9112.82
1300805,1,202309,1113.7,9.71,10814.03
1300805,1,202310,970.9,8.95,8689.55
1300805,1,202311,968.4,9.8,9490.32
1300805,1,202312,1024.6,9.83,10071.82
1300805,1,202401,958.1,11.91,11410.97
1300805,1,202402,745.4,13.08,9749.83
1300805,1,202403,738.8,13.37,9877.76
1300805,1,202404,562.9,13.5,7599.15
1300805,1,202405,519.2,13.66,7092.27
1300805,1,202406,620.8,13.23,8213.18
1300805,1,202407,1046.0,11.45,11976.7
1300805,1,202408,1208.7,10.47,12655.09
1300805,1,202409,1248.8,8.86,11064.37
1300805,1,202410,1717.5,9.22,15835.35
1300805,1,202411,1389.8,10.24,14231.55
1300805,1,202412,1746.8,11.03,19267.2
1300805,2,202201,119.9,35.53,4260.05
1300805,2,202202,85.6,34.82,2980.59
1300805,2,202203,120.9,33.45,4044.11
1300805,2,202204,118.0,39.91,4709.38
1300805,2,202205,109.7,42.95,4711.62
1300805,2,202206,58.8,47.16,2773.01
1300805,2,202207,50.5,49.71,2510.36
1300805,2,202208,74.5,49.98,3723.51
1300805,2,202209,73.6,49.21,3621.86
1300805,2,202210,59.5,46.3,2754.85
1300805,2,202211,79.9,43.41,3468.46
1300805,2,202212,109.0,35.25,3842.25
1300805,2,202301,130.4,35.76,4663.1
1300805,2,202302,125.9,34.65,4362.44
1300805,2,202303,147.4,40.26,5934.32
1300805,2,202304,108.6,38.63,4195.22
1300805,2,202305,105.6,42.09,4444.7
1300805,2,202306,91.9,46.7,4291.73
1300805,2,202307,79.5,46.11,3665.74
1300805,2,202308,71.3,50.9,3629.17
1300805,2,202309,71.0,44.11,3131.81
1300805,2,202310,81.6,44.01,3591.22
1300805,2,202311,89.8,43.86,3938.63
1300805,2,202312,120.5,37.75,4548.88
1300805,2,202401,116.8,41.84,4886.91
1300805,2,202402,163.9,38.39,6292.12
1300805,2,202403,129.5,41.49,5372.96
1300805,2,202404,137.4,42.43,5829.88
1300805,2,202405,134.0,45.03,6034.02
1300805,2,202406,108.9,46.09,5019.2
1300805,2,202407,93.3,53.34,4976.62
1300805,2,202408,75.2,52.98,3984.1
1300805,2,202409,72.6,56.51,4102.63
1300805,2,202410,87.3,50.49,4407.78
1300805,2,202411,99.9,44.17,4412.58
1300805,2,202412,142.2,42.29,6013.64
1300805,3,202201,11.3,103.79,1172.83
1300805,3,202202,11.7,93.97,1099.45
1300805,3,202203,12.2,97.09,1184.5
1300805,3,202204,16.1,91.83,1478.46
1300805,3,202205,13.1,93.48,1224.59
1300805,3,202206,16.3,83.7,1364.31
1300805,3,202207,12.9,78.86,1017.29
1300805,3,202208,14.2,85.68,1216.66
1300805,3,202209,17.0,84.42,1435.14
1300805,3,202210,16.9,88.54,1496.33
1300805,3,202211,14.0,85.06,1190.84
1300805,3,202212,13.7,92.55,1267.94
1300805,3,202301,17.2,88.62,1524.26
1300805,3,202302,13.3,94.41,1255.65
1300805,3,202303,14.3,92.65,1324.9
1300805,3,202304,16.6,96.33,1599.08
1300805,3,202305,14.7,89.05,1309.03
1300805,3,202306,20.4,82.63,1685.65
1300805,3,202307,26.6,84.07,2236.26
1300805,3,202308,26.0,88.36,2297.36
1300805,3,202309,25.2,87.06,2193.91
1300805,3,202310,14.4,85.26,1227.74
1300805,3,202311,10.9,95.14,1037.03
1300805,3,202312,11.2,101.62,1138.14
1300805,3,202401,10.3,104.3,1074.29
1300805,3,202402,12.4,89.48,1109.55
1300805,3,202403,7.6,100.85,766.46
1300805,3,202404,10.9,96.89,1056.1
1300805,3,202405,12.1,85.57,1035.4
1300805,3,202406,12.3,86.16,1059.77
1300805,3,202407,19.5,93.48,1822.86
1300805,3,202408,17.1,89.89,1537.12
1300805,3,202409,12.2,90.18,1100.2
1300805,3,202410,14.2,88.96,1263.23
1300805,3,202411,14.9,100.01,1490.15
1300805,3,202412,13.6,91.76,1247.94
1300839,1,202201,347.6,11.6,4032.16
1300839,1,202202,248.1,12.07,2994.57
1300839,1,202203,308.4,14.89,4592.08
1300839,1,202204,392.8,15.34,6025.55
1300839,1,202205,348.1,13.35,4647.14
1300839,1,202206,554.8,12.84,7123.63
1300839,1,202207,449.9,11.29,5079.37
1300839,1,202208,384.7,10.51,4043.2
1300839,1,202209,395.7,9.72,3846.2
1300839,1,202210,427.3,9.17,3918.34
1300839,1,202211,655.8,8.83,5790.71
1300839,1,202212,481.9,10.27,4949.11
1300839,1,202301,332.7,12.68,4218.64
1300839,1,202302,244.9,13.39,3279.21
1300839,1,202303,287.8,14.23,4095.39
1300839,1,202304,319.0,14.14,4510.66
1300839,1,202305,280.5,14.03,3935.42
1300839,1,202306,223.8,14.51,3247.34
1300839,1,202307,247.1,11.56,2856.48
1300839,1,202308,470.5,11.36,5344.88
1300839,1,202309,589.4,10.04,5917.58
1300839,1,202310,586.3,9.79,5739.88
1300839,1,202311,751.3,9.65,7250.04
1300839,1,202312,803.1,10.76,8641.36
1300839,1,202401,548.9,12.58,6905.16
1300839,1,202402,400.9,13.55,5432.2
1300839,1,202403,293.6,15.12,4439.23
1300839,1,202404,265.1,15.58,4130.26
1300839,1,202405,216.9,16.58,3596.2
1300839,1,202406,212.7,14.1,2999.07
1300839,1,202407,222.8,11.44,2548.83
1300839,1,202408,407.9,11.94,4870.33
1300839,1,202409,373.3,10.19,3803.93
1300839,1,202410,647.4,11.0,7121.4
1300839,1,202411,516.7,11.08,5725.04
1300839,1,202412,637.8,10.98,7003.04
1300839,2,202201,60.8,36.34,2209.47
1300839,2,202202,73.6,37.91,2790.18
1300839,2,202203,60.0,41.65,2499.0
1300839,2,202204,41.0,39.96,1638.36
1300839,2,202205,27.1,44.2,1197.82
1300839,2,202206,23.0,47.45,1091.35
1300839,2,202207,22.6,52.32,1182.43
1300839,2,202208,33.4,47.92,1600.53
1300839,2,202209,44.7,52.46,2344.96
1300839,2,202210,51.8,46.89,2428.9
1300839,2,202211,63.9,44.97,2873.58
1300839,2,202212,53.8,41.16,2214.41
1300839,2,202301,42.7,41.96,1791.69
1300839,2,202302,40.0,39.74,1589.6
1300839,2,202303,30.3,43.76,1325.93
1300839,2,202304,28.3,45.49,1287.37
1300839,2,202305,28.2,44.98,1268.44
1300839,2,202306,30.3,53.86,1631.96
1300839,2,202307,31.0,53.73,1665.63
1300839,2,202308,27.8,54.28,1508.98
1300839,2,202309,34.4,55.17,1897.85
1300839,2,202310,33.7,47.76,1609.51
1300839,2,202311,40.4,43.68,1764.67
1300839,2,202312,38.8,43.34,1681.59
1300839,2,202401,59.9,40.54,2428.35
1300839,2,202402,61.2,45.28,2771.14
1300839,2,202403,66.3,40.22,2666.59
1300839,2,202404,46.1,44.51,2051.91
1300839,2,202405,44.5,48.49,2157.81
1300839,2,202406,44.6,54.9,2448.54
1300839,2,202407,27.4,51.63,1414.66
1300839,2,202408,37.4,50.95,1905.53
1300839,2,202409,30.8,58.18,1791.94
1300839,2,202410,38.4,51.83,1990.27
1300839,2,202411,62.6,50.01,3130.63
1300839,2,202412,76.0,46.37,3524.12
1300839,3,202201,4.0,88.42,353.68
1300839,3,202202,3.1,101.13,313.5
1300839,3,202203,3.0,96.78,290.34
1300839,3,202204,4.3,89.87,386.44
1300839,3,202205,4.0,95.5,382.0
1300839,3,202206,5.1,87.9,448.29
1300839,3,202207,5.9,86.69,511.47
1300839,3,202208,5.5,80.31,441.71
1300839,3,202209,4.1,79.09,324.27
1300839,3,202210,4.4,80.71,355.12
1300839,3,202211,3.0,99.88,299.64
1300839,3,202212,3.2,88.94,284.61
1300839,3,202301,4.1,96.29,394.79
1300839,3,202302,5.1,98.95,504.64
1300839,3,202303,4.9,95.87,469.76
1300839,3,202304,4.6,93.25,428.95
1300839,3,202305,4.5,90.43,406.94
1300839,3,202306,4.7,90.65,426.06
1300839,3,202307,5.9,82.11,484.45
1300839,3,202308,6.4,83.89,536.9
1300839,3,202309,6.2,77.08,477.9
1300839,3,202310,6.6,80.62,532.09
1300839,3,202311,6.0,85.5,513.0
1300839,3,202312,4.4,98.07,431.51
1300839,3,202401,3.4,100.87,342.96
1300839,3,202402,4.2,106.69,448.1
1300839,3,202403,3.5,104.24,364.84
1300839,3,202404,3.8,101.43,385.43
1300839,3,202405,4.4,92.72,407.97
1300839,3,202406,4.1,94.64,388.02
1300839,3,202407,3.5,93.33,326.65
1300839,3,202408,3.5,102.0,357.0
1300839,3,202409,3.1,90.57,280.77
1300839,3,202410,4.2,97.8,410.76
1300839,3,202411,4.8,96.6,463.68
1300839,3,202412,4.2,96.66,405.97
1300904,1,202201,495.9,10.97,5440.02
1300904,1,202202,436.5,12.53,5469.34
1300904,1,202203,446.7,13.62,6084.05
1300904,1,202204,505.8,13.93,7045.79
1300904,1,202205,565.8,13.52,7649.62
1300904,1,202206,577.9,12.08,6981.03
1300904,1,202207,997.7,10.99,10964.72
1300904,1,202208,890.7,9.55,8506.19
1300904,1,202209,682.1,8.54,5825.13
1300904,1,202210,584.9,8.87,5188.06
1300904,1,202211,833.6,9.62,8019.23
1300904,1,202212,706.9,9.43,6666.07
1300904,1,202301,608.9,11.89,7239.82
1300904,1,202302,457.2,13.48,6163.06
1300904,1,202303,383.0,12.65,4844.95
1300904,1,202304,334.7,14.0,4685.8
1300904,1,202305,418.0,15.05,6290.9
1300904,1,202306,477.4,13.32,6358.97
1300904,1,202307,628.6,10.68,6713.45
1300904,1,202308,783.0,10.85,8495.55
1300904,1,202309,797.8,9.24,7371.67
1300904,1,202310,651.3,9.59,6245.97
1300904,1,202311,527.5,9.27,4889.92
1300904,1,202312,959.5,10.47,10045.96
1300904,1,202401,975.6,11.73,11443.79
1300904,1,202402,880.2,13.31,11715.46
1300904,1,202403,563.6,13.84,7800.22
1300904,1,202404,503.5,14.41,7255.44
1300904,1,202405,438.0,13.42,5877.96
1300904,1,202406,407.8,13.64,5562.39
1300904,1,202407,491.7,12.15,5974.16
1300904,1,202408,834.2,9.94,8291.95
1300904,1,202409,1076.1,10.36,11148.4
1300904,1,202410,879.7,9.43,8295.57
1300904,1,202411,815.1,9.94,8102.09
1300904,1,202412,854.6,11.2,9571.52
1300904,2,202201,85.1,34.78,2959.78
1300904,2,202202,80.8,31.85,2573.48
1300904,2,202203,58.3,35.96,2096.47
1300904,2,202204,53.6,38.38,2057.17
1300904,2,202205,57.5,40.67,2338.52
1300904,2,202206,49.8,44.67,2224.57
1300904,2,202207,41.6,46.98,1954.37
1300904,2,202208,47.4,44.2,2095.08
1300904,2,202209,68.3,47.05,3213.52
1300904,2,202210,71.2,45.38,3231.06
1300904,2,202211,64.5,37.9,2444.55
1300904,2,202212,98.8,40.85,4035.98
1300904,2,202301,89.3,35.0,3125.5
1300904,2,202302,124.1,34.36,4264.08
1300904,2,202303,104.9,37.61,3945.29
1300904,2,202304,94.5,40.65,3841.42
1300904,2,202305,107.8,44.48,4794.94
1300904,2,202306,65.8,47.31,3113.0
1300904,2,202307,50.9,47.11,2397.9
1300904,2,202308,50.8,49.47,2513.08
1300904,2,202309,55.5,47.59,2641.25
1300904,2,202310,103.9,46.4,4820.96
1300904,2,202311,86.1,42.94,3697.13
1300904,2,202312,75.2,38.59,2901.97
1300904,2,202401,76.3,37.84,2887.19
1300904,2,202402,92.4,34.29,3168.4
1300904,2,202403,103.2,40.14,4142.45
1300904,2,202404,82.9,41.55,3444.5
1300904,2,202405,77.3,39.43,3047.94
1300904,2,202406,100.0,49.5,4950.0
1300904,2,202407,81.5,49.87,4064.4
1300904,2,202408,77.6,48.56,3768.26
1300904,2,202409,105.7,47.5,5020.75
1300904,2,202410,85.9,45.96,3947.96
1300904,2,202411,80.5,42.24,3400.32
1300904,2,202412,86.0,39.33,3382.38
1300904,3,202201,12.5,93.5,1168.75
1300904,3,202202,11.4,91.58,1044.01
1300904,3,202203,9.3,92.62,861.37
1300904,3,202204,10.4,96.5,1003.6
1300904,3,202205,11.1,79.18,878.9
1300904,3,202206,16.6,92.68,1538.49
1300904,3,202207,16.4,84.16,1380.22
1300904,3,202208,12.0,90.8,1089.6
1300904,3,202209,14.5,76.46,1108.67
1300904,3,202210,14.4,83.76,1206.14
1300904,3,202211,14.4,85.39,1229.62
1300904,3,202212,13.0,91.2,1185.6
1300904,3,202301,13.4,94.88,1271.39
1300904,3,202302,12.5,95.07,1188.38
1300904,3,202303,10.8,96.36,1040.69
1300904,3,202304,10.9,90.26,983.83
1300904,3,202305,10.8,85.86,927.29
1300904,3,202306,12.0,87.42,1049.04
1300904,3,202307,12.2,81.39,992.96
1300904,3,202308,11.4,82.3,938.22
1300904,3,202309,11.1,77.72,862.69
1300904,3,202310,10.9,85.7,934.13
1300904,3,202311,7.6,84.11,639.24
1300904,3,202312,10.0,90.6,906.0
1300904,3,202401,10.4,91.16,948.06
1300904,3,202402,9.0,96.89,872.01
1300904,3,202403,10.6,100.67,1067.1
1300904,3,202404,9.8,91.47,896.41
1300904,3,202405,9.7,87.32,847.0
1300904,3,202406,11.5,92.28,1061.22
1300904,3,202407,15.5,90.79,1407.24
1300904,3,202408,15.0,87.84,1317.6
1300904,3,202409,11.9,84.74,1008.41
1300904,3,202410,10.9,86.0,937.4
1300904,3,202411,12.5,89.99,1124.88
1300904,3,202412,12.3,93.96,1155.71
1301001,1,202201,1096.3,10.43,11434.41
1301001,1,202202,806.1,11.66,9399.13
1301001,1,202203,833.2,12.42,10348.34
1301001,1,202204,744.4,14.15,10533.26
1301001,1,202205,805.1,14.17,11408.27
1301001,1,202206,916.8,12.1,11093.28
1301001,1,202207,1273.3,10.75,13687.98
1301001,1,202208,1517.2,9.46,14352.71
1301001,1,202209,1401.0,8.91,12482.91
1301001,1,202210,1252.9,8.37,10486.77
1301001,1,202211,1211.0,8.87,10741.57
1301001,1,202212,946.4,9.95,9416.68
1301001,1,202301,703.6,11.1,7809.96
1301001,1,202302,453.1,12.4,5618.44
1301001,1,202303,377.9,13.26,5010.95
1301001,1,202304,661.0,13.49,8916.89
1301001,1,202305,620.4,13.09,8121.04
1301001,1,202306,1048.1,13.0,13625.3
1301001,1,202307,1210.8,10.37,12556.0
1301001,1,202308,1307.5,10.97,14343.28
1301001,1,202309,1080.9,9.33,10084.8
1301001,1,202310,1229.0,9.22,11331.38
1301001,1,202311,1732.7,9.61,16651.25
1301001,1,202312,1817.1,9.78,17771.24
1301001,1,202401,1282.2,11.44,14668.37
1301001,1,202402,774.7,12.57,9737.98
1301001,1,202403,580.1,13.98,8109.8
1301001,1,202404,512.9,15.01,7698.63
1301001,1,202405,754.8,13.75,10378.5
1301001,1,202406,1122.8,13.64,15314.99
1301001,1,202407,1215.9,10.64,12937.18
1301001,1,202408,1252.4,10.51,13162.72
1301001,1,202409,1823.8,10.39,18949.28
1301001,1,202410,1409.5,9.38,13221.11
1301001,1,202411,1350.9,9.4,12698.46
1301001,1,202412,1285.2,10.37,13327.52
1301001,2,202201,129.6,37.87,4907.95
1301001,2,202202,189.0,36.21,6843.69
1301001,2,202203,162.5,39.09,6352.13
1301001,2,202204,147.5,40.01,5901.48
1301001,2,202205,99.9,48.27,4822.17
1301001,2,202206,85.7,46.31,3968.77
1301001,2,202207,78.2,49.12,3841.18
1301001,2,202208,85.9,53.28,4576.75
1301001,2,202209,85.2,53.95,4596.54
1301001,2,202210,98.0,50.18,4917.64
1301001,2,202211,113.8,47.45,5399.81
1301001,2,202212,117.3,41.46,4863.26
1301001,2,202301,119.3,40.59,4842.39
1301001,2,202302,112.8,43.99,4962.07
1301001,2,202303,141.9,44.31,6287.59
1301001,2,202304,118.3,44.86,5306.94
1301001,2,202305,111.0,49.46,5490.06
1301001,2,202306,93.3,52.52,4900.12
1301001,2,202307,103.2,49.79,5138.33
1301001,2,202308,64.7,53.71,3475.04
1301001,2,202309,78.1,56.99,4450.92
1301001,2,202310,71.1,52.16,3708.58
1301001,2,202311,97.1,46.65,4529.71
1301001,2,202312,111.8,46.68,5218.82
1301001,2,202401,97.6,43.07,4203.63
1301001,2,202402,122.2,42.9,5242.38
1301001,2,202403,130.1,43.09,5606.01
1301001,2,202404,116.1,46.19,5362.66
1301001,2,202405,103.6,50.11,5191.4
1301001,2,202406,96.7,55.75,5391.02
1301001,2,202407,109.8,58.98,6476.0
1301001,2,202408,92.7,54.64,5065.13
1301001,2,202409,112.3,55.9,6277.57
1301001,2,202410,112.3,55.67,6251.74
1301001,2,202411,153.3,48.28,7401.32
1301001,2,202412,147.7,42.11,6219.65
1301001,3,202201,5.7,90.26,514.48
1301001,3,202202,7.6,94.09,715.08
1301001,3,202203,7.6,93.57,711.13
1301001,3,202204,9.5,93.83,891.38
1301001,3,202205,10.7,91.81,982.37
1301001,3,202206,9.3,88.29,821.1
1301001,3,202207,8.6,86.8,746.48
1301001,3,202208,10.2,83.88,855.58
1301001,3,202209,10.7,86.8,928.76
1301001,3,202210,11.2,84.56,947.07
1301001,3,202211,9.4,85.34,802.2
1301001,3,202212,8.5,101.67,864.2
1301001,3,202301,7.4,100.53,743.92
1301001,3,202302,7.2,108.59,781.85
1301001,3,202303,6.4,97.12,621.57
1301001,3,202304,6.9,108.76,750.44
1301001,3,202305,7.3,93.97,685.98
1301001,3,202306,7.3,96.15,701.9
1301001,3,202307,9.3,88.88,826.58
1301001,3,202308,7.1,88.71,629.84
1301001,3,202309,8.2,88.23,723.49
1301001,3,202310,6.9,88.58,611.2
1301001,3,202311,6.1,98.3,599.63
1301001,3,202312,5.7,96.37,549.31
1301001,3,202401,6.8,106.59,724.81
1301001,3,202402,4.7,107.79,506.61
1301001,3,202403,5.9,109.74,647.47
1301001,3,202404,6.8,102.25,695.3
1301001,3,202405,6.4,90.13,576.83
1301001,3,202406,7.7,92.79,714.48
1301001,3,202407,6.8,92.03,625.8
1301001,3,202408,7.7,91.42,703.93
1301001,3,202409,6.6,98.43,649.64
1301001,3,202410,10.5,99.8,1047.9
1301001,3,202411,11.0,96.5,1061.5
1301001,3,202412,9.9,113.05,1119.2
1301100,1,202201,377.5,11.05,4171.38
1301100,1,202202,414.1,12.74,5275.63
1301100,1,202203,318.9,12.73,4059.6
1301100,1,202204,287.4,13.16,3782.18
1301100,1,202205,208.3,13.36,2782.89
1301100,1,202206,215.7,11.39,2456.82
1301100,1,202207,404.4,11.26,4553.54
1301100,1,202208,571.4,9.6,5485.44
1301100,1,202209,510.6,9.51,4855.81
1301100,1,202210,523.1,9.04,4728.82
1301100,1,202211,549.6,9.3,5111.28
1301100,1,202212,415.9,9.2,3826.28
1301100,1,202301,277.5,11.5,3191.25
1301100,1,202302,282.6,12.05,3405.33
1301100,1,202303,319.1,13.64,4352.52
1301100,1,202304,355.4,12.46,4428.28
1301100,1,202305,430.8,12.65,5449.62
1301100,1,202306,345.7,13.56,4687.69
1301100,1,202307,447.4,11.78,5270.37
1301100,1,202308,529.0,10.17,5379.93
1301100,1,202309,619.5,9.04,5600.28
1301100,1,202310,647.4,8.65,5600.01
1301100,1,202311,569.8,9.56,5447.29
1301100,1,202312,313.0,10.17,3183.21
1301100,1,202401,420.0,12.98,5451.6
1301100,1,202402,403.4,13.16,5308.74
1301100,1,202403,278.0,14.25,3961.5
1301100,1,202404,326.5,13.57,4430.61
1301100,1,202405,328.9,13.95,4588.16
1301100,1,202406,367.6,13.4,4925.84
1301100,1,202407,407.8,11.8,4812.04
1301100,1,202408,589.6,10.5,6190.8
1301100,1,202409,592.8,9.99,5922.07
1301100,1,202410,548.1,10.24,5612.54
1301100,1,202411,725.6,9.9,7183.44
1301100,1,202412,614.8,11.39,7002.57
1301100,2,202201,79.2,33.98,2691.22
1301100,2,202202,80.5,37.22,2996.21
1301100,2,202203,73.2,39.36,2881.15
1301100,2,202204,88.8,41.53,3687.86
1301100,2,202205,73.6,44.74,3292.86
1301100,2,202206,82.7,45.74,3782.7
1301100,2,202207,56.8,48.55,2757.64
1301100,2,202208,53.3,52.07,2775.33
1301100,2,202209,59.0,50.34,2970.06
1301100,2,202210,76.5,49.4,3779.1
1301100,2,202211,102.0,41.25,4207.5
1301100,2,202212,94.3,38.14,3596.6
1301100,2,202301,121.6,37.87,4604.99
1301100,2,202302,85.4,35.89,3065.01
1301100,2,202303,103.9,36.05,3745.6
1301100,2,202304,73.2,41.91,3067.81
1301100,2,202305,76.4,45.15,3449.46
1301100,2,202306,84.5,48.17,4070.36
1301100,2,202307,84.6,50.9,4306.14
1301100,2,202308,55.0,47.31,2602.05
1301100,2,202309,55.7,48.82,2719.27
1301100,2,202310,74.3,46.89,3483.93
1301100,2,202311,94.5,44.37,4192.96
1301100,2,202312,106.8,38.06,4064.81
1301100,2,202401,74.3,38.27,2843.46
1301100,2,202402,108.6,38.32,4161.55
1301100,2,202403,133.7,42.27,5651.5
1301100,2,202404,113.5,43.18,4900.93
1301100,2,202405,97.2,48.49,4713.23
1301100,2,202406,88.7,49.23,4366.7
1301100,2,202407,98.3,52.06,5117.5
1301100,2,202408,86.0,54.32,4671.52
1301100,2,202409,77.5,51.6,3999.0
1301100,2,202410,86.8,48.0,4166.4
1301100,2,202411,93.1,42.76,3980.96
1301100,2,202412,102.4,41.36,4235.26
1301100,3,202201,9.0,96.31,866.79
1301100,3,202202,7.5,91.64,687.3
1301100,3,202203,6.3,92.05,579.92
1301100,3,202204,6.3,93.31,587.85
1301100,3,202205,9.5,86.11,818.04
1301100,3,202206,11.9,86.29,1026.85
1301100,3,202207,10.3,80.75,831.72
1301100,3,202208,11.2,87.41,978.99
1301100,3,202209,13.0,92.59,1203.67
1301100,3,202210,8.4,97.44,818.5
1301100,3,202211,12.4,85.47,1059.83
1301100,3,202212,13.5,88.81,1198.94
1301100,3,202301,13.5,98.22,1325.97
1301100,3,202302,14.7,103.38,1519.69
1301100,3,202303,8.8,98.01,862.49
1301100,3,202304,9.3,101.74,946.18
1301100,3,202305,12.9,96.67,1247.04
1301100,3,202306,12.8,83.59,1069.95
1301100,3,202307,14.6,89.49,1306.55
1301100,3,202308,17.9,83.17,1488.74
1301100,3,202309,17.4,86.76,1509.62
1301100,3,202310,13.9,89.45,1243.36
1301100,3,202311,13.8,97.69,1348.12
1301100,3,202312,9.0,96.81,871.29
1301100,3,202401,10.2,100.46,1024.69
1301100,3,202402,11.7,115.06,1346.2
1301100,3,202403,11.7,98.34,1150.58
1301100,3,202404,14.4,102.14,1470.82
1301100,3,202405,14.3,101.06,1445.16
1301100,3,202406,14.3,95.61,1367.22
1301100,3,202407,19.4,88.6,1718.84
1301100,3,202408,14.0,87.62,1226.68
1301100,3,202409,17.3,95.58,1653.53
1301100,3,202410,18.8,99.9,1878.12
1301100,3,202411,17.7,97.49,1725.57
1301100,3,202412,13.4,94.26,1263.08
1301159,1,202201,605.3,11.75,7112.28
1301159,1,202202,422.8,13.7,5792.36
1301159,1,202203,358.8,14.86,5331.77
1301159,1,202204,335.9,14.72,4944.45
1301159,1,202205,398.9,15.99,6378.41
1301159,1,202206,511.7,12.16,6222.27
1301159,1,202207,582.2,11.52,6706.94
1301159,1,202208,773.8,10.6,8202.28
1301159,1,202209,726.0,10.99,7978.74
1301159,1,202210,881.6,10.37,9142.19
1301159,1,202211,942.3,10.47,9865.88
1301159,1,202212,836.4,10.32,8631.65
1301159,1,202301,641.2,12.06,7732.87
1301159,1,202302,566.6,13.23,7496.12
1301159,1,202303,385.6,14.18,5467.81
1301159,1,202304,384.6,16.27,6257.44
1301159,1,202305,422.3,14.57,6152.91
1301159,1,202306,368.7,13.71,5054.88
1301159,1,202307,519.6,12.97,6739.21
1301159,1,202308,502.9,10.28,5169.81
1301159,1,202309,586.0,10.24,6000.64
1301159,1,202310,679.3,9.33,6337.87
1301159,1,202311,600.4,10.06,6040.02
1301159,1,202312,585.0,10.85,6347.25
1301159,1,202401,521.4,12.55,6543.57
1301159,1,202402,387.5,14.48,5611.0
1301159,1,202403,407.5,15.49,6312.18
1301159,1,202404,341.0,15.51,5288.91
1301159,1,202405,573.2,15.6,8941.92
1301159,1,202406,562.8,13.71,7715.99
1301159,1,202407,508.1,13.41,6813.62
1301159,1,202408,530.9,11.48,6094.73
1301159,1,202409,820.1,10.35,8488.04
1301159,1,202410,782.0,9.84,7694.88
1301159,1,202411,594.7,10.48,6232.46
1301159,1,202412,681.8,12.74,8686.13
1301159,2,202201,92.6,39.31,3640.11
1301159,2,202202,76.4,39.64,3028.5
1301159,2,202203,54.3,38.65,2098.69
1301159,2,202204,66.7,42.73,2850.09
1301159,2,202205,60.4,45.72,2761.49
1301159,2,202206,42.0,48.28,2027.76
1301159,2,202207,24.2,48.21,1166.68
1301159,2,202208,26.2,52.69,1380.48
1301159,2,202209,31.8,46.43,1476.47
1301159,2,202210,33.9,50.68,1718.05
1301159,2,202211,52.8,45.45,2399.76
1301159,2,202212,55.3,42.6,2355.78
1301159,2,202301,67.2,35.73,2401.06
1301159,2,202302,113.3,37.6,4260.08
1301159,2,202303,98.0,39.7,3890.6
1301159,2,202304,80.4,44.77,3599.51
1301159,2,202305,66.9,44.65,2987.08
1301159,2,202306,65.5,57.15,3743.32
1301159,2,202307,62.3,52.19,3251.44
1301159,2,202308,46.8,51.15,2393.82
1301159,2,202309,46.4,52.39,2430.9
1301159,2,202310,47.4,47.97,2273.78
1301159,2,202311,55.3,44.11,2439.28
1301159,2,202312,93.3,45.53,4247.95
1301159,2,202401,104.6,43.39,4538.59
1301159,2,202402,96.9,42.39,4107.59
1301159,2,202403,111.5,45.07,5025.3
1301159,2,202404,93.6,46.06,4311.22
1301159,2,202405,56.6,46.07,2607.56
1301159,2,202406,72.3,54.13,3913.6
1301159,2,202407,59.4,51.91,3083.45
1301159,2,202408,37.1,54.57,2024.55
1301159,2,202409,33.2,54.79,1819.03
1301159,2,202410,54.6,51.86,2831.56
1301159,2,202411,48.6,44.44,2159.78
1301159,2,202412,80.8,42.83,3460.66
1301159,3,202201,9.5,90.31,857.94
1301159,3,202202,7.1,98.84,701.76
1301159,3,202203,6.9,92.79,640.25
1301159,3,202204,7.5,96.82,726.15
1301159,3,202205,9.8,97.5,955.5
1301159,3,202206,8.8,86.4,760.32
1301159,3,202207,10.0,91.61,916.1
1301159,3,202208,12.5,85.84,1073.0
1301159,3,202209,8.4,88.36,742.22
1301159,3,202210,6.7,82.13,550.27
1301159,3,202211,7.0,87.41,611.87
1301159,3,202212,8.6,89.98,773.83
1301159,3,202301,8.6,105.86,910.4
1301159,3,202302,10.0,97.99,979.9
1301159,3,202303,6.8,102.12,694.42
1301159,3,202304,8.0,96.53,772.24
1301159,3,202305,5.1,92.41,471.29
1301159,3,202306,8.5,84.78,720.63
1301159,3,202307,11.3,81.07,916.09
1301159,3,202308,10.1,86.95,878.2
1301159,3,202309,6.5,87.95,571.68
1301159,3,202310,7.1,87.33,620.04
1301159,3,202311,9.2,94.76,871.79
1301159,3,202312,9.4,106.9,1004.86
1301159,3,202401,12.2,110.74,1351.03
1301159,3,202402,9.8,103.47,1014.01
1301159,3,202403,13.3,102.86,1368.04
1301159,3,202404,8.0,103.69,829.52
1301159,3,202405,7.6,98.71,750.2
1301159,3,202406,6.8,97.66,664.09
1301159,3,202407,9.3,93.71,871.5
1301159,3,202408,7.8,92.07,718.15
1301159,3,202409,10.4,89.46,930.38
1301159,3,202410,11.2,96.23,1077.78
1301159,3,202411,10.5,87.01,913.6
1301159,3,202412,9.4,101.69,955.89
1301209,1,202201,1495.6,11.02,16481.51
1301209,1,202202,1615.2,12.85,20755.32
1301209,1,202203,1289.0,12.79,16486.31
1301209,1,202204,1331.3,12.4,16508.12
1301209,1,202205,1248.7,11.57,14447.46
1301209,1,202206,1868.1,12.26,22902.91
1301209,1,202207,1876.7,10.27,19273.71
1301209,1,202208,2891.8,10.02,28975.84
1301209,1,202209,2473.4,9.41,23274.69
1301209,1,202210,2508.5,7.84,19666.64
1301209,1,202211,3188.3,9.02,28758.47
1301209,1,202212,2673.3,10.24,27374.59
1301209,1,202301,3205.0,11.71,37530.55
1301209,1,202302,2106.3,11.07,23316.74
1301209,1,202303,1761.8,12.6,22198.68
1301209,1,202304,2197.8,12.63,27758.21
1301209,1,202305,1464.3,13.5,19768.05
1301209,1,202306,1242.5,12.55,15593.38
1301209,1,202307,1447.7,9.72,14071.64
1301209,1,202308,2277.2,9.81,22339.33
1301209,1,202309,1980.4,9.48,18774.19
1301209,1,202310,2633.9,8.86,23336.35
1301209,1,202311,2867.8,9.17,26297.73
1301209,1,202312,3575.3,9.78,34966.43
1301209,1,202401,3097.4,10.98,34009.45
1301209,1,202402,2354.7,12.78,30093.07
1301209,1,202403,2338.8,13.72,32088.34
1301209,1,202404,2074.1,14.45,29970.74
1301209,1,202405,1740.8,14.17,24667.14
1301209,1,202406,1533.7,12.85,19708.04
1301209,1,202407,1742.0,12.23,21304.66
1301209,1,202408,2221.9,10.17,22596.72
1301209,1,202409,2739.7,8.81,24136.76
1301209,1,202410,1992.5,9.37,18669.72
1301209,1,202411,2159.3,9.53,20578.13
1301209,1,202412,2147.7,10.62,22808.57
1301209,2,202201,233.7,35.44,8282.33
1301209,2,202202,310.5,34.89,10833.34
1301209,2,202203,360.6,36.66,13219.6
1301209,2,202204,238.0,36.32,8644.16
1301209,2,202205,214.3,38.7,8293.41
1301209,2,202206,252.1,40.16,10124.34
1301209,2,202207,201.1,42.56,8558.82
1301209,2,202208,171.1,45.43,7773.07
1301209,2,202209,206.1,45.31,9338.39
1301209,2,202210,202.1,48.08,9716.97
1301209,2,202211,283.5,37.06,10506.51
1301209,2,202212,261.4,37.94,9917.52
1301209,2,202301,258.8,35.21,9112.35
1301209,2,202302,316.9,36.07,11430.58
1301209,2,202303,300.1,35.52,10659.55
1301209,2,202304,271.2,40.88,11086.66
1301209,2,202305,165.8,44.18,7325.04
1301209,2,202306,155.6,44.86,6980.22
1301209,2,202307,183.7,50.96,9361.35
1301209,2,202308,154.4,50.13,7740.07
1301209,2,202309,192.0,50.84,9761.28
1301209,2,202310,217.8,45.02,9805.36
1301209,2,202311,232.0,44.01,10210.32
1301209,2,202312,335.9,37.36,12549.22
1301209,2,202401,315.0,36.29,11431.35
1301209,2,202402,300.7,41.29,12415.9
1301209,2,202403,280.6,35.9,10073.54
1301209,2,202404,264.6,39.43,10433.18
1301209,2,202405,269.9,39.62,10693.44
1301209,2,202406,173.9,44.89,7806.37
1301209,2,202407,200.6,46.84,9396.1
1301209,2,202408,193.6,48.45,9379.92
1301209,2,202409,218.7,49.97,10928.44
1301209,2,202410,352.3,48.11,16949.15
1301209,2,202411,298.7,41.42,12372.15
1301209,2,202412,250.7,38.74,9712.12
1301209,3,202201,16.0,88.64,1418.24
1301209,3,202202,13.1,85.37,1118.35
1301209,3,202203,17.8,91.86,1635.11
1301209,3,202204,17.9,85.27,1526.33
1301209,3,202205,18.1,81.45,1474.24
1301209,3,202206,20.1,85.89,1726.39
1301209,3,202207,17.2,87.3,1501.56
1301209,3,202208,22.2,84.1,1867.02
1301209,3,202209,23.5,77.42,1819.37
1301209,3,202210,18.9,84.51,1597.24
1301209,3,202211,14.7,90.76,1334.17
1301209,3,202212,14.0,89.74,1256.36
1301209,3,202301,14.1,97.55,1375.46
1301209,3,202302,12.1,94.62,1144.9
1301209,3,202303,12.6,94.14,1186.16
1301209,3,202304,13.0,90.92,1181.96
1301209,3,202305,14.6,94.07,1373.42
1301209,3,202306,16.0,91.53,1464.48
1301209,3,202307,19.3,84.12,1623.52
1301209,3,202308,19.8,89.06,1763.39
1301209,3,202309,21.0,80.54,1691.34
1301209,3,202310,20.7,87.74,1816.22
1301209,3,202311,18.4,85.26,1568.78
1301209,3,202312,19.7,88.8,1749.36
1301209,3,202401,11.0,93.09,1023.99
1301209,3,202402,12.1,97.19,1176.0
1301209,3,202403,12.6,102.8,1295.28
1301209,3,202404,15.0,97.2,1458.0
1301209,3,202405,15.0,92.02,1380.3
1301209,3,202406,19.0,91.11,1731.09
1301209,3,202407,22.8,81.04,1847.71
1301209,3,202408,17.3,91.64,1585.37
1301209,3,202409,19.2,80.27,1541.18
1301209,3,202410,15.1,88.71,1339.52
1301209,3,202411,17.6,94.37,1660.91
1301209,3,202412,15.9,99.78,1586.5
1301308,1,202201,836.0,10.63,8886.68
1301308,1,202202,704.0,11.36,7997.44
1301308,1,202203,519.3,11.74,6096.58
1301308,1,202204,397.4,12.15,4828.41
1301308,1,202205,525.0,12.01,6305.25
1301308,1,202206,464.1,11.13,5165.43
1301308,1,202207,872.3,11.16,9734.87
1301308,1,202208,815.6,9.34,7617.7
1301308,1,202209,1222.4,8.32,10170.37
1301308,1,202210,1075.0,8.29,8911.75
1301308,1,202211,1270.8,8.83,11221.16
1301308,1,202212,839.4,9.18,7705.69
1301308,1,202301,682.0,11.35,7740.7
1301308,1,202302,647.1,11.25,7279.88
1301308,1,202303,598.1,13.59,8128.18
1301308,1,202304,637.2,13.12,8360.06
1301308,1,202305,537.0,12.79,6868.23
1301308,1,202306,594.6,11.58,6885.47
1301308,1,202307,861.2,10.2,8784.24
1301308,1,202308,812.9,8.93,7259.2
1301308,1,202309,1013.0,8.54,8651.02
1301308,1,202310,974.5,8.83,8604.84
1301308,1,202311,955.1,8.46,8080.15
1301308,1,202312,836.9,8.99,7523.73
1301308,1,202401,600.4,10.76,6460.3
1301308,1,202402,505.0,12.21,6166.05
1301308,1,202403,479.2,13.08,6267.94
1301308,1,202404,458.5,13.54,6208.09
1301308,1,202405,651.7,14.01,9130.32
1301308,1,202406,805.1,13.25,10667.58
1301308,1,202407,887.1,12.45,11044.4
1301308,1,202408,835.7,9.29,7763.65
1301308,1,202409,817.5,8.83,7218.52
1301308,1,202410,1297.7,9.21,11951.82
1301308,1,202411,930.0,9.01,8379.3
1301308,1,202412,845.0,10.52,8889.4
1301308,2,202201,178.3,33.05,5892.82
1301308,2,202202,205.3,30.19,6198.01
1301308,2,202203,125.8,35.79,4502.38
1301308,2,202204,145.7,37.82,5510.37
1301308,2,202205,167.5,40.09,6715.08
1301308,2,202206,91.6,42.66,3907.66
1301308,2,202207,103.6,48.29,5002.84
1301308,2,202208,97.8,46.61,4558.46
1301308,2,202209,90.4,43.88,3966.75
1301308,2,202210,100.3,43.24,4336.97
1301308,2,202211,121.9,44.23,5391.64
1301308,2,202212,164.0,38.1,6248.4
1301308,2,202301,197.4,35.46,6999.8
1301308,2,202302,135.3,35.25,4769.33
1301308,2,202303,119.5,37.01,4422.7
1301308,2,202304,118.2,37.64,4449.05
1301308,2,202305,143.2,40.52,5802.46
1301308,2,202306,70.6,44.65,3152.29
1301308,2,202307,66.6,50.67,3374.62
1301308,2,202308,55.8,49.72,2774.38
1301308,2,202309,54.5,46.01,2507.54
1301308,2,202310,88.5,46.66,4129.41
1301308,2,202311,96.7,41.58,4020.79
1301308,2,202312,77.6,39.11,3034.94
1301308,2,202401,102.8,37.98,3904.34
1301308,2,202402,176.8,32.97,5829.1
1301308,2,202403,116.4,32.2,3748.08
1301308,2,202404,128.7,40.32,5189.18
1301308,2,202405,153.7,41.3,6347.81
1301308,2,202406,121.8,42.69,5199.64
1301308,2,202407,149.0,46.74,6964.26
1301308,2,202408,108.0,51.91,5606.28
1301308,2,202409,137.5,49.58,6817.25
1301308,2,202410,163.9,48.16,7893.42
1301308,2,202411,156.4,44.09,6895.68
1301308,2,202412,123.2,38.08,4691.46
1301308,3,202201,8.4,91.51,768.68
1301308,3,202202,10.8,94.66,1022.33
1301308,3,202203,14.3,92.22,1318.75
1301308,3,202204,12.1,96.83,1171.64
1301308,3,202205,11.1,87.35,969.58
1301308,3,202206,10.7,90.48,968.14
1301308,3,202207,9.7,87.42,847.97
1301308,3,202208,10.8,84.14,908.71
1301308,3,202209,13.3,88.61,1178.51
1301308,3,202210,7.5,80.84,606.3
1301308,3,202211,7.8,89.72,699.82
1301308,3,202212,10.6,89.18,945.31
1301308,3,202301,10.4,97.94,1018.58
1301308,3,202302,10.4,96.91,1007.86
1301308,3,202303,7.4,98.76,730.82
1301308,3,202304,9.5,96.45,916.28
1301308,3,202305,11.9,94.25,1121.58
1301308,3,202306,12.1,91.61,1108.48
1301308,3,202307,10.5,91.32,958.86
1301308,3,202308,11.8,82.62,974.92
1301308,3,202309,9.4,91.03,855.68
1301308,3,202310,7.8,84.18,656.6
1301308,3,202311,9.8,81.39,797.62
1301308,3,202312,11.5,106.4,1223.6
1301308,3,202401,9.1,97.56,887.8
1301308,3,202402,7.4,100.75,745.55
1301308,3,202403,7.0,93.15,652.05
1301308,3,202404,8.5,97.87,831.9
1301308,3,202405,7.7,98.21,756.22
1301308,3,202406,11.6,95.44,1107.1
1301308,3,202407,10.8,86.75,936.9
1301308,3,202408,12.0,89.36,1072.32
1301308,3,202409,10.3,93.86,966.76
1301308,3,202410,11.6,95.42,1106.87
1301308,3,202411,12.3,97.83,1203.31
1301308,3,202412,8.2,104.0,852.8
1301407,1,202201,1193.8,11.76,14039.09
1301407,1,202202,1083.6,11.73,12710.63
1301407,1,202203,1004.1,12.83,12882.6
1301407,1,202204,759.4,13.92,10570.85
1301407,1,202205,733.9,13.51,9914.99
1301407,1,202206,766.6,11.78,9030.55
1301407,1,202207,700.6,11.66,8169.0
1301407,1,202208,1218.7,9.62,11723.89
1301407,1,202209,1528.0,9.81,14989.68
1301407,1,202210,1398.0,9.11,12735.78
1301407,1,202211,1657.5,8.68,14387.1
1301407,1,202212,1174.5,9.79,11498.36
1301407,1,202301,763.8,11.01,8409.44
1301407,1,202302,871.2,12.6,10977.12
1301407,1,202303,611.5,13.23,8090.14
1301407,1,202304,620.2,12.93,8019.19
1301407,1,202305,726.0,12.47,9053.22
1301407,1,202306,912.3,12.85,11723.05
1301407,1,202307,1256.6,11.48,14425.77
1301407,1,202308,1559.0,10.18,15870.62
1301407,1,202309,1808.7,9.38,16965.61
1301407,1,202310,1510.0,8.66,13076.6
1301407,1,202311,1530.8,9.34,14297.67
1301407,1,202312,1011.8,11.5,11635.7
1301407,1,202401,1199.8,12.63,15153.47
1301407,1,202402,744.2,12.97,9652.27
1301407,1,202403,661.4,13.71,9067.79
1301407,1,202404,533.9,12.49,6668.41
1301407,1,202405,563.7,14.85,8370.94
1301407,1,202406,736.9,13.69,10088.16
1301407,1,202407,867.3,11.59,10052.01
1301407,1,202408,1388.6,9.92,13774.91
1301407,1,202409,1600.5,9.2,14724.6
1301407,1,202410,1496.4,9.62,14395.37
1301407,1,202411,1417.1,9.7,13745.87
1301407,1,202412,1586.0,11.03,17493.58
1301407,2,202201,126.5,38.78,4905.67
1301407,2,202202,123.3,35.49,4375.92
1301407,2,202203,118.9,37.19,4421.89
1301407,2,202204,123.9,43.65,5408.24
1301407,2,202205,89.9,45.83,4120.12
1301407,2,202206,98.3,48.63,4780.33
1301407,2,202207,93.0,54.16,5036.88
1301407,2,202208,83.2,48.49,4034.37
1301407,2,202209,108.3,52.71,5708.49
1301407,2,202210,82.1,45.61,3744.58
1301407,2,202211,86.8,48.45,4205.46
1301407,2,202212,90.7,42.77,3879.24
1301407,2,202301,114.5,42.73,4892.58
1301407,2,202302,149.7,38.41,5749.98
1301407,2,202303,113.0,45.41,5131.33
1301407,2,202304,192.8,47.84,9223.55
1301407,2,202305,121.4,47.82,5805.35
1301407,2,202306,105.4,53.35,5623.09
1301407,2,202307,89.4,52.09,4656.85
1301407,2,202308,83.5,50.51,4217.58
1301407,2,202309,72.9,55.03,4011.69
1301407,2,202310,101.0,48.05,4853.05
1301407,2,202311,93.4,49.97,4667.2
1301407,2,202312,79.6,45.62,3631.35
1301407,2,202401,92.8,41.48,3849.34
1301407,2,202402,147.9,40.41,5976.64
1301407,2,202403,179.2,43.07,7718.14
1301407,2,202404,104.4,44.18,4612.39
1301407,2,202405,117.1,46.17,5406.51
1301407,2,202406,72.3,46.95,3394.48
1301407,2,202407,75.8,55.85,4233.43
1301407,2,202408,64.5,55.18,3559.11
1301407,2,202409,90.3,61.1,5517.33
1301407,2,202410,111.9,50.4,5639.76
1301407,2,202411,147.6,47.83,7059.71
1301407,2,202412,145.9,44.29,6461.91
1301407,3,202201,13.6,105.07,1428.95
1301407,3,202202,11.5,92.5,1063.75
1301407,3,202203,12.8,96.98,1241.34
1301407,3,202204,14.1,92.72,1307.35
1301407,3,202205,10.1,87.55,884.26
1301407,3,202206,12.2,78.1,952.82
1301407,3,202207,11.4,84.36,961.7
1301407,3,202208,10.2,83.46,851.29
1301407,3,202209,10.3,86.69,892.91
1301407,3,202210,11.3,97.19,1098.25
1301407,3,202211,8.5,92.95,790.08
1301407,3,202212,9.4,96.77,909.64
1301407,3,202301,9.5,96.97,921.22
1301407,3,202302,12.0,92.91,1114.92
1301407,3,202303,10.5,97.1,1019.55
1301407,3,202304,13.9,92.93,1291.73
1301407,3,202305,14.7,93.37,1372.54
1301407,3,202306,14.4,88.58,1275.55
1301407,3,202307,18.1,81.6,1476.96
1301407,3,202308,23.2,93.74,2174.77
1301407,3,202309,17.9,88.11,1577.17
1301407,3,202310,13.6,89.31,1214.62
1301407,3,202311,13.9,88.57,1231.12
1301407,3,202312,9.9,94.14,931.99
1301407,3,202401,8.2,97.93,803.03
1301407,3,202402,11.8,97.06,1145.31
1301407,3,202403,13.2,103.09,1360.79
1301407,3,202404,11.3,97.8,1105.14
1301407,3,202405,21.6,100.91,2179.66
1301407,3,202406,14.5,92.6,1342.7
1301407,3,202407,16.5,92.68,1529.22
1301407,3,202408,13.7,91.76,1257.11
1301407,3,202409,19.1,93.94,1794.25
1301407,3,202410,15.0,90.4,1356.0
1301407,3,202411,13.2,101.67,1342.04
1301407,3,202412,9.1,94.38,858.86
1301506,1,202201,605.6,11.77,7127.91
1301506,1,202202,508.9,12.28,6249.29
1301506,1,202203,487.5,12.03,5864.62
1301506,1,202204,289.9,13.99,4055.7
1301506,1,202205,267.3,12.78,3416.09
1301506,1,202206,329.7,12.15,4005.86
1301506,1,202207,535.7,10.6,5678.42
1301506,1,202208,889.5,10.04,8930.58
1301506,1,202209,855.5,9.65,8255.58
1301506,1,202210,749.5,9.25,6932.88
1301506,1,202211,505.2,9.9,5001.48
1301506,1,202212,600.2,10.91,6548.18
1301506,1,202301,472.5,10.46,4942.35
1301506,1,202302,715.3,12.07,8633.67
1301506,1,202303,461.5,12.52,5777.98
1301506,1,202304,611.1,14.48,8848.73
1301506,1,202305,611.6,13.23,8091.47
1301506,1,202306,492.0,12.5,6150.0
1301506,1,202307,598.6,11.47,6865.94
1301506,1,202308,797.1,10.58,8433.32
1301506,1,202309,811.0,8.81,7144.91
1301506,1,202310,964.5,8.6,8294.7
1301506,1,202311,990.6,9.48,9390.89
1301506,1,202312,877.0,11.02,9664.54
1301506,1,202401,663.3,12.02,7972.87
1301506,1,202402,425.1,12.78,5432.78
1301506,1,202403,388.3,12.78,4962.47
1301506,1,202404,397.2,15.27,6065.24
1301506,1,202405,300.5,13.71,4119.86
1301506,1,202406,406.6,12.56,5106.9
1301506,1,202407,513.5,11.05,5674.18
1301506,1,202408,511.3,10.02,5123.23
1301506,1,202409,621.8,9.38,5832.48
1301506,1,202410,682.3,9.4,6413.62
1301506,1,202411,1003.7,9.27,9304.3
1301506,1,202412,842.9,10.87,9162.32
1301506,2,202201,53.3,38.55,2054.71
1301506,2,202202,58.5,41.86,2448.81
1301506,2,202203,69.2,38.47,2662.12
1301506,2,202204,57.9,42.6,2466.54
1301506,2,202205,59.4,45.99,2731.81
1301506,2,202206,50.8,45.26,2299.21
1301506,2,202207,48.1,50.57,2432.42
1301506,2,202208,54.5,58.29,3176.8
1301506,2,202209,48.5,48.55,2354.67
1301506,2,202210,39.0,49.91,1946.49
1301506,2,202211,45.5,42.48,1932.84
1301506,2,202212,47.5,39.73,1887.18
1301506,2,202301,39.3,37.94,1491.04
1301506,2,202302,49.5,41.7,2064.15
1301506,2,202303,57.0,38.98,2221.86
1301506,2,202304,67.1,46.12,3094.65
1301506,2,202305,46.8,45.57,2132.68
1301506,2,202306,44.8,50.63,2268.22
1301506,2,202307,51.9,53.98,2801.56
1301506,2,202308,42.7,49.64,2119.63
1301506,2,202309,49.0,53.42,2617.58
1301506,2,202310,69.3,51.2,3548.16
1301506,2,202311,49.2,49.55,2437.86
1301506,2,202312,61.9,41.26,2553.99
1301506,2,202401,85.0,40.59,3450.15
1301506,2,202402,76.7,42.7,3275.09
1301506,2,202403,93.7,45.38,4252.11
1301506,2,202404,86.0,43.64,3753.04
1301506,2,202405,93.6,45.69,4276.58
1301506,2,202406,75.8,51.42,3897.64
1301506,2,202407,82.6,52.2,4311.72
1301506,2,202408,67.4,57.01,3842.47
1301506,2,202409,46.7,52.03,2429.8
1301506,2,202410,46.0,54.85,2523.1
1301506,2,202411,65.9,49.12,3237.01
1301506,2,202412,85.8,47.27,4055.77
1301506,3,202201,5.0,90.17,450.85
1301506,3,202202,5.3,84.9,449.97
1301506,3,202203,6.7,94.73,634.69
1301506,3,202204,7.5,95.08,713.1
1301506,3,202205,9.1,83.43,759.21
1301506,3,202206,8.1,79.06,640.39
1301506,3,202207,9.6,83.24,799.1
1301506,3,202208,7.8,81.98,639.44
1301506,3,202209,7.1,91.37,648.73
1301506,3,202210,7.3,87.35,637.66
1301506,3,202211,8.1,93.37,756.3
1301506,3,202212,6.7,93.68,627.66
1301506,3,202301,7.4,106.5,788.1
1301506,3,202302,7.2,94.89,683.21
1301506,3,202303,7.5,98.03,735.22
1301506,3,202304,6.4,89.13,570.43
1301506,3,202305,6.5,97.48,633.62
1301506,3,202306,7.0,95.99,671.93
1301506,3,202307,8.1,92.69,750.79
1301506,3,202308,7.1,87.44,620.82
1301506,3,202309,5.9,82.37,485.98
1301506,3,202310,4.4,90.4,397.76
1301506,3,202311,6.0,90.48,542.88
1301506,3,202312,7.4,100.96,747.1
1301506,3,202401,4.9,100.09,490.44
1301506,3,202402,5.7,100.75,574.28
1301506,3,202403,5.8,113.99,661.14
1301506,3,202404,8.1,104.2,844.02
1301506,3,202405,7.8,102.57,800.05
1301506,3,202406,9.0,91.9,827.1
1301506,3,202407,8.3,87.22,723.93
1301506,3,202408,7.5,96.37,722.78
1301506,3,202409,9.0,99.29,893.61
1301506,3,202410,10.3,88.41,910.62
1301506,3,202411,7.1,94.72,672.51
1301506,3,202412,8.7,95.64,832.07
1301605,1,202201,1016.4,9.96,10123.34
1301605,1,202202,537.2,12.45,6688.14
1301605,1,202203,501.9,11.92,5982.65
1301605,1,202204,498.4,12.82,6389.49
1301605,1,202205,431.4,12.05,5198.37
1301605,1,202206,536.3,11.33,6076.28
1301605,1,202207,762.4,11.38,8676.11
1301605,1,202208,896.1,9.86,8835.55
1301605,1,202209,1276.2,8.99,11473.04
1301605,1,202210,807.8,8.24,6656.27
1301605,1,202211,725.5,8.82,6398.91
1301605,1,202212,935.7,10.16,9506.71
1301605,1,202301,887.3,11.58,10274.93
1301605,1,202302,754.4,13.37,10086.33
1301605,1,202303,758.8,14.4,10926.72
1301605,1,202304,445.8,13.88,6187.7
1301605,1,202305,570.1,12.51,7131.95
1301605,1,202306,767.6,12.36,9487.54
1301605,1,202307,743.5,11.56,8594.86
1301605,1,202308,1416.3,10.0,14163.0
1301605,1,202309,1379.2,9.01,12426.59
1301605,1,202310,858.4,9.21,7905.86
1301605,1,202311,953.8,10.73,10234.27
1301605,1,202312,755.3,10.14,7658.74
1301605,1,202401,839.5,12.05,10115.98
1301605,1,202402,746.3,12.47,9306.36
1301605,1,202403,553.8,15.15,8390.07
1301605,1,202404,697.5,15.23,10622.92
1301605,1,202405,781.6,14.83,11591.13
1301605,1,202406,673.9,14.25,9603.07
1301605,1,202407,769.4,11.79,9071.23
1301605,1,202408,1009.5,10.62,10720.89
1301605,1,202409,1039.3,10.74,11162.08
1301605,1,202410,1033.7,9.82,10150.93
1301605,1,202411,1023.5,8.82,9027.27
1301605,1,202412,756.2,11.03,8340.89
1301605,2,202201,47.0,37.53,1763.91
1301605,2,202202,69.9,34.74,2428.33
1301605,2,202203,58.6,31.85,1866.41
1301605,2,202204,43.0,37.65,1618.95
1301605,2,202205,41.9,40.13,1681.45
1301605,2,202206,42.5,47.94,2037.45
1301605,2,202207,39.4,46.47,1830.92
1301605,2,202208,43.0,46.54,2001.22
1301605,2,202209,46.8,45.33,2121.44
1301605,2,202210,52.5,45.14,2369.85
1301605,2,202211,73.2,41.43,3032.68
1301605,2,202212,73.7,36.73,2707.0
1301605,2,202301,74.2,38.01,2820.34
1301605,2,202302,85.6,35.64,3050.78
1301605,2,202303,84.6,32.95,2787.57
1301605,2,202304,60.3,41.23,2486.17
1301605,2,202305,53.2,44.36,2359.95
1301605,2,202306,51.7,46.81,2420.08
1301605,2,202307,41.6,47.64,1981.82
1301605,2,202308,37.7,49.4,1862.38
1301605,2,202309,32.3,50.75,1639.22
1301605,2,202310,24.1,44.9,1082.09
1301605,2,202311,34.2,45.0,1539.0
1301605,2,202312,48.7,37.04,1803.85
1301605,2,202401,46.3,40.07,1855.24
1301605,2,202402,71.3,38.87,2771.43
1301605,2,202403,56.7,41.78,2368.93
1301605,2,202404,65.5,40.35,2642.92
1301605,2,202405,61.1,43.86,2679.85
1301605,2,202406,76.5,45.79,3502.94
1301605,2,202407,64.3,50.16,3225.29
1301605,2,202408,41.5,53.2,2207.8
1301605,2,202409,52.8,47.17,2490.58
1301605,2,202410,73.8,48.02,3543.88
1301605,2,202411,51.9,47.09,2443.97
1301605,2,202412,68.3,42.03,2870.65
1301605,3,202201,13.6,80.9,1100.24
1301605,3,202202,11.6,90.97,1055.25
1301605,3,202203,10.9,92.94,1013.05
1301605,3,202204,8.1,80.16,649.3
1301605,3,202205,8.3,85.17,706.91
1301605,3,202206,13.5,83.47,1126.84
1301605,3,202207,15.2,77.01,1170.55
1301605,3,202208,17.5,77.37,1353.98
1301605,3,202209,14.8,87.57,1296.04
1301605,3,202210,13.2,70.06,924.79
1301605,3,202211,12.7,87.57,1112.14
1301605,3,202212,12.9,94.31,1216.6
1301605,3,202301,15.6,94.39,1472.48
1301605,3,202302,12.2,102.19,1246.72
1301605,3,202303,11.9,92.52,1100.99
1301605,3,202304,10.7,88.45,946.42
1301605,3,202305,8.4,89.81,754.4
1301605,3,202306,12.5,85.51,1068.88
1301605,3,202307,18.5,82.78,1531.43
1301605,3,202308,19.5,83.7,1632.15
1301605,3,202309,17.9,81.87,1465.47
1301605,3,202310,22.2,83.58,1855.48
1301605,3,202311,19.1,84.95,1622.54
1301605,3,202312,18.3,94.49,1729.17
1301605,3,202401,14.9,94.81,1412.67
1301605,3,202402,14.1,94.38,1330.76
1301605,3,202403,13.0,94.46,1227.98
1301605,3,202404,15.1,98.59,1488.71
1301605,3,202405,12.1,97.97,1185.44
1301605,3,202406,14.2,95.42,1354.96
1301605,3,202407,12.5,90.79,1134.88
1301605,3,202408,14.7,91.47,1344.61
1301605,3,202409,22.3,89.57,1997.41
1301605,3,202410,20.6,94.02,1936.81
1301605,3,202411,20.8,96.85,2014.48
1301605,3,202412,19.5,94.09,1834.76
1301654,1,202201,413.6,10.56,4367.62
1301654,1,202202,351.7,12.64,4445.49
1301654,1,202203,212.2,13.14,2788.31
1301654,1,202204,232.2,13.58,3153.28
1301654,1,202205,261.8,13.68,3581.42
1301654,1,202206,320.2,13.38,4284.28
1301654,1,202207,414.8,10.89,4517.17
1301654,1,202208,614.2,10.0,6142.0
1301654,1,202209,655.8,8.95,5869.41
1301654,1,202210,618.0,8.61,5320.98
1301654,1,202211,678.6,9.03,6127.76
1301654,1,202212,792.3,10.07,7978.46
1301654,1,202301,625.2,12.15,7596.18
1301654,1,202302,444.3,13.25,5886.98
1301654,1,202303,369.1,13.23,4883.19
1301654,1,202304,330.1,15.23,5027.42
1301654,1,202305,319.4,14.62,4669.63
1301654,1,202306,510.2,12.46,6357.09
1301654,1,202307,441.9,12.54,5541.43
1301654,1,202308,613.5,10.73,6582.86
1301654,1,202309,608.1,9.58,5825.6
1301654,1,202310,460.7,9.49,4372.04
1301654,1,202311,457.4,9.64,4409.34
1301654,1,202312,387.0,10.85,4198.95
1301654,1,202401,392.0,12.34,4837.28
1301654,1,202402,336.5,13.28,4468.72
1301654,1,202403,246.0,13.05,3210.3
1301654,1,202404,329.5,15.18,5001.81
1301654,1,202405,395.9,14.18,5613.86
1301654,1,202406,535.0,14.04,7511.4
1301654,1,202407,555.5,12.52,6954.86
1301654,1,202408,581.2,10.75,6247.9
1301654,1,202409,699.2,10.52,7355.58
1301654,1,202410,603.1,9.76,5886.26
1301654,1,202411,582.5,10.08,5871.6
1301654,1,202412,489.4,10.86,5314.88
1301654,2,202201,35.8,40.05,1433.79
1301654,2,202202,40.7,39.86,1622.3
1301654,2,202203,42.7,37.82,1614.91
1301654,2,202204,39.6,42.49,1682.6
1301654,2,202205,37.4,47.32,1769.77
1301654,2,202206,31.7,45.02,1427.13
1301654,2,202207,27.6,52.22,1441.27
1301654,2,202208,23.3,52.7,1227.91
1301654,2,202209,32.1,55.86,1793.11
1301654,2,202210,28.1,49.74,1397.69
1301654,2,202211,35.8,44.08,1578.06
1301654,2,202212,58.7,41.02,2407.87
1301654,2,202301,70.7,45.06,3185.74
1301654,2,202302,69.7,39.08,2723.88
1301654,2,202303,62.6,41.93,2624.82
1301654,2,202304,51.2,42.78,2190.34
1301654,2,202305,36.8,49.4,1817.92
1301654,2,202306,32.4,53.24,1724.98
1301654,2,202307,34.3,52.82,1811.73
1301654,2,202308,35.1,52.74,1851.17
1301654,2,202309,40.4,51.75,2090.7
1301654,2,202310,51.2,46.15,2362.88
1301654,2,202311,49.4,47.04,2323.78
1301654,2,202312,54.2,43.46,2355.53
1301654,2,202401,40.1,40.6,1628.06
1301654,2,202402,69.3,37.69,2611.92
1301654,2,202403,56.5,42.73,2414.24
1301654,2,202404,56.5,45.71,2582.62
1301654,2,202405,43.5,49.57,2156.3
1301654,2,202406,35.3,49.72,1755.12
1301654,2,202407,31.8,56.01,1781.12
1301654,2,202408,25.5,55.39,1412.44
1301654,2,202409,18.9,57.34,1083.73
1301654,2,202410,32.7,49.76,1627.15
1301654,2,202411,43.8,51.48,2254.82
1301654,2,202412,42.2,48.48,2045.86
1301654,3,202201,5.3,93.53,495.71
1301654,3,202202,4.8,97.77,469.3
1301654,3,202203,5.6,90.84,508.7
1301654,3,202204,4.2,93.79,393.92
1301654,3,202205,4.2,85.66,359.77
1301654,3,202206,3.6,82.07,295.45
1301654,3,202207,4.7,87.99,413.55
1301654,3,202208,4.4,89.71,394.72
1301654,3,202209,4.2,80.42,337.76
1301654,3,202210,6.2,91.56,567.67
1301654,3,202211,6.1,89.94,548.63
1301654,3,202212,5.9,82.99,489.64
1301654,3,202301,4.1,91.65,375.76
1301654,3,202302,3.0,102.28,306.84
1301654,3,202303,4.2,90.78,381.28
1301654,3,202304,3.0,93.47,280.41
1301654,3,202305,3.4,93.22,316.95
1301654,3,202306,3.6,92.85,334.26
1301654,3,202307,3.6,89.56,322.42
1301654,3,202308,4.0,95.16,380.64
1301654,3,202309,3.7,85.19,315.2
1301654,3,202310,3.3,91.24,301.09
1301654,3,202311,4.0,95.74,382.96
1301654,3,202312,5.0,99.9,499.5
1301654,3,202401,3.5,107.77,377.2
1301654,3,202402,4.0,100.82,403.28
1301654,3,202403,4.7,105.64,496.51
1301654,3,202404,5.3,95.59,506.63
1301654,3,202405,5.1,96.82,493.78
1301654,3,202406,4.8,96.68,464.06
1301654,3,202407,6.0,96.75,580.5
1301654,3,202408,6.3,94.01,592.26
1301654,3,202409,4.3,92.57,398.05
1301654,3,202410,4.4,93.91,413.2
1301654,3,202411,4.6,99.9,459.54
1301654,3,202412,3.8,111.7,424.46
1301704,1,202201,1981.5,9.76,19339.44
1301704,1,202202,1659.1,12.1,20075.11
1301704,1,202203,1238.2,12.7,15725.14
1301704,1,202204,1527.0,12.78,19515.06
1301704,1,202205,1477.2,12.75,18834.3
1301704,1,202206,1635.7,11.47,18761.48
1301704,1,202207,1905.2,10.29,19604.51
1301704,1,202208,2489.6,9.37,23327.55
1301704,1,202209,2365.5,8.47,20035.78
1301704,1,202210,1865.1,9.33,17401.38
1301704,1,202211,2443.8,9.07,22165.27
1301704,1,202212,1639.8,9.03,14807.39
1301704,1,202301,2026.5,12.13,24581.45
1301704,1,202302,2420.0,11.85,28677.0
1301704,1,202303,1932.3,12.97,25061.93
1301704,1,202304,2267.7,13.87,31453.0
1301704,1,202305,2123.8,11.73,24912.17
1301704,1,202306,3027.6,11.96,36210.1
1301704,1,202307,2858.5,10.65,30443.02
1301704,1,202308,2104.2,9.91,20852.62
1301704,1,202309,2708.0,9.13,24724.04
1301704,1,202310,4225.1,8.62,36420.36
1301704,1,202311,4151.5,8.91,36989.86
1301704,1,202312,3082.0,10.34,31867.88
1301704,1,202401,2041.1,12.78,26085.26
1301704,1,202402,1987.4,13.94,27704.36
1301704,1,202403,1582.7,14.99,23724.67
1301704,1,202404,2321.8,16.69,38750.84
1301704,1,202405,1791.6,15.01,26891.92
1301704,1,202406,2231.7,13.56,30261.85
1301704,1,202407,2694.0,11.44,30819.36
1301704,1,202408,2490.7,10.49,26127.44
1301704,1,202409,2559.6,10.06,25749.58
1301704,1,202410,3279.0,9.89,32429.31
1301704,1,202411,3021.1,10.02,30271.42
1301704,1,202412,2699.1,11.46,30931.69
1301704,2,202201,269.6,30.16,8131.14
1301704,2,202202,313.1,33.98,10639.14
1301704,2,202203,234.8,32.43,7614.56
1301704,2,202204,203.0,35.23,7151.69
1301704,2,202205,196.1,37.47,7347.87
1301704,2,202206,254.9,39.57,10086.39
1301704,2,202207,164.6,41.53,6835.84
1301704,2,202208,215.7,46.62,10055.93
1301704,2,202209,192.9,43.01,8296.63
1301704,2,202210,199.6,42.75,8532.9
1301704,2,202211,274.3,40.04,10982.97
1301704,2,202212,404.0,36.2,14624.8
1301704,2,202301,395.2,36.03,14239.06
1301704,2,202302,433.0,33.84,14652.72
1301704,2,202303,298.4,37.06,11058.7
1301704,2,202304,238.8,38.34,9155.59
1301704,2,202305,168.2,41.73,7018.99
1301704,2,202306,151.0,40.8,6160.8
1301704,2,202307,169.4,45.54,7714.48
1301704,2,202308,174.3,41.74,7275.28
1301704,2,202309,246.2,48.21,11869.3
1301704,2,202310,345.6,41.45,14325.12
1301704,2,202311,306.7,38.83,11909.16
1301704,2,202312,272.7,34.36,9369.97
1301704,2,202401,257.2,40.71,10470.61
1301704,2,202402,303.7,39.31,11938.45
1301704,2,202403,274.8,44.68,12278.06
1301704,2,202404,253.0,45.26,11450.78
1301704,2,202405,218.7,45.68,9990.22
1301704,2,202406,144.7,46.36,6708.29
1301704,2,202407,106.8,47.25,5046.3
1301704,2,202408,112.4,51.21,5756.0
1301704,2,202409,119.2,49.55,5906.36
1301704,2,202410,144.8,51.27,7423.9
1301704,2,202411,162.4,46.53,7556.47
1301704,2,202412,138.1,43.4,5993.54
1301704,3,202201,28.1,89.82,2523.94
1301704,3,202202,21.2,85.83,1819.6
1301704,3,202203,20.1,88.61,1781.06
1301704,3,202204,22.0,82.06,1805.32
1301704,3,202205,30.0,81.33,2439.9
1301704,3,202206,26.4,83.94,2216.02
1301704,3,202207,32.8,81.15,2661.72
1301704,3,202208,33.8,76.6,2589.08
1301704,3,202209,35.1,80.51,2825.9
1301704,3,202210,31.6,80.8,2553.28
1301704,3,202211,27.0,79.54,2147.58
1301704,3,202212,22.5,85.4,1921.5
1301704,3,202301,27.5,92.55,2545.12
1301704,3,202302,27.2,92.67,2520.62
1301704,3,202303,23.1,83.22,1922.38
1301704,3,202304,27.3,89.42,2441.17
1301704,3,202305,55.3,86.21,4767.41
1301704,3,202306,44.9,75.95,3410.16
1301704,3,202307,55.8,78.39,4374.16
1301704,3,202308,29.5,82.94,2446.73
1301704,3,202309,29.9,87.47,2615.35
1301704,3,202310,36.5,76.94,2808.31
1301704,3,202311,33.9,90.42,3065.24
1301704,3,202312,28.3,80.72,2284.38
1301704,3,202401,26.9,102.48,2756.71
1301704,3,202402,32.6,95.15,3101.89
1301704,3,202403,46.1,92.21,4250.88
1301704,3,202404,48.1,95.24,4581.04
1301704,3,202405,38.4,86.58,3324.67
1301704,3,202406,35.9,90.42,3246.08
1301704,3,202407,34.9,85.59,2987.09
1301704,3,202408,30.3,70.58,2138.57
1301704,3,202409,31.1,82.7,2571.97
1301704,3,202410,30.0,88.97,2669.1
1301704,3,202411,24.3,95.82,2328.43
1301704,3,202412,30.2,95.13,2872.93
1301803,1,202201,460.4,12.02,5534.01
1301803,1,202202,462.8,11.94,5525.83
1301803,1,202203,520.8,13.3,6926.64
1301803,1,202204,369.4,13.64,5038.62
1301803,1,202205,414.0,14.49,5998.86
1301803,1,202206,333.3,12.37,4122.92
1301803,1,202207,349.4,11.8,4122.92
1301803,1,202208,452.8,10.43,4722.7
1301803,1,202209,739.7,9.88,7308.24
1301803,1,202210,684.0,9.51,6504.84
1301803,1,202211,602.3,9.43,5679.69
1301803,1,202212,589.7,9.49,5596.25
1301803,1,202301,528.8,11.86,6271.57
1301803,1,202302,399.0,13.25,5286.75
1301803,1,202303,543.1,14.39,7815.21
1301803,1,202304,449.7,14.0,6295.8
1301803,1,202305,464.2,15.02,6972.28
1301803,1,202306,477.4,13.27,6335.1
1301803,1,202307,624.1,11.46,7152.19
1301803,1,202308,908.6,10.5,9540.3
1301803,1,202309,1260.5,10.81,13626.0
1301803,1,202310,963.6,9.8,9443.28
1301803,1,202311,1065.8,10.35,11031.03
1301803,1,202312,929.4,10.2,9479.88
1301803,1,202401,858.6,11.96,10268.86
1301803,1,202402,622.5,13.22,8229.45
1301803,1,202403,493.8,14.76,7288.49
1301803,1,202404,542.9,14.84,8056.64
1301803,1,202405,622.7,14.27,8885.93
1301803,1,202406,835.3,13.43,11218.08
1301803,1,202407,860.8,11.89,10234.91
1301803,1,202408,891.2,10.98,9785.38
1301803,1,202409,610.7,10.7,6534.49
1301803,1,202410,551.3,9.06,4994.78
1301803,1,202411,599.8,10.3,6177.94
1301803,1,202412,503.5,11.87,5976.54
1301803,2,202201,66.6,41.85,2787.21
1301803,2,202202,53.0,40.45,2143.85
1301803,2,202203,55.7,36.97,2059.23
1301803,2,202204,63.2,40.47,2557.7
1301803,2,202205,51.3,43.46,2229.5
1301803,2,202206,49.9,43.49,2170.15
1301803,2,202207,31.3,51.07,1598.49
1301803,2,202208,23.9,53.34,1274.83
1301803,2,202209,32.9,51.92,1708.17
1301803,2,202210,48.9,47.88,2341.33
1301803,2,202211,52.8,46.61,2461.01
1301803,2,202212,89.5,38.86,3477.97
1301803,2,202301,65.5,44.07,2886.58
1301803,2,202302,61.2,37.82,2314.58
1301803,2,202303,64.6,38.93,2514.88
1301803,2,202304,65.9,41.56,2738.8
1301803,2,202305,51.6,44.77,2310.13
1301803,2,202306,39.0,49.24,1920.36
1301803,2,202307,43.9,51.65,2267.44
1301803,2,202308,44.3,53.53,2371.38
1301803,2,202309,43.1,50.16,2161.9
1301803,2,202310,53.1,50.13,2661.9
1301803,2,202311,57.7,43.79,2526.68
1301803,2,202312,63.8,44.37,2830.81
1301803,2,202401,68.6,43.32,2971.75
1301803,2,202402,62.5,40.81,2550.62
1301803,2,202403,55.1,40.45,2228.8
1301803,2,202404,51.2,45.12,2310.14
1301803,2,202405,50.6,45.94,2324.56
1301803,2,202406,34.0,51.72,1758.48
1301803,2,202407,43.7,53.85,2353.25
1301803,2,202408,44.1,62.99,2777.86
1301803,2,202409,38.5,51.03,1964.66
1301803,2,202410,61.9,45.18,2796.64
1301803,2,202411,66.7,46.52,3102.88
1301803,2,202412,57.2,40.77,2332.04
1301803,3,202201,8.7,94.25,819.97
1301803,3,202202,10.5,97.52,1023.96
1301803,3,202203,12.0,95.28,1143.36
1301803,3,202204,8.8,96.59,849.99
1301803,3,202205,12.3,83.87,1031.6
1301803,3,202206,13.3,89.13,1185.43
1301803,3,202207,12.6,94.54,1191.2
1301803,3,202208,12.1,84.8,1026.08
1301803,3,202209,10.1,85.7,865.57
1301803,3,202210,12.0,89.6,1075.2
1301803,3,202211,12.2,87.58,1068.48
1301803,3,202212,12.7,88.41,1122.81
1301803,3,202301,11.8,98.75,1165.25
1301803,3,202302,11.7,91.34,1068.68
1301803,3,202303,10.9,100.43,1094.69
1301803,3,202304,13.7,99.17,1358.63
1301803,3,202305,14.9,86.39,1287.21
1301803,3,202306,14.9,91.53,1363.8
1301803,3,202307,14.1,87.78,1237.7
1301803,3,202308,10.2,94.73,966.25
1301803,3,202309,7.9,94.74,748.45
1301803,3,202310,8.8,94.69,833.27
1301803,3,202311,12.2,99.44,1213.17
1301803,3,202312,10.3,94.66,975.0
1301803,3,202401,9.3,103.59,963.39
1301803,3,202402,8.4,101.74,854.62
1301803,3,202403,7.6,97.28,739.33
1301803,3,202404,7.9,100.53,794.19
1301803,3,202405,10.3,96.8,997.04
1301803,3,202406,10.8,93.34,1008.07
1301803,3,202407,11.1,91.88,1019.87
1301803,3,202408,11.0,91.65,1008.15
1301803,3,202409,12.5,96.33,1204.12
1301803,3,202410,13.6,91.57,1245.35
1301803,3,202411,9.2,91.18,838.86
1301803,3,202412,8.8,103.57,911.42
1301852,1,202201,1342.3,11.57,15530.41
1301852,1,202202,1388.2,11.73,16283.59
1301852,1,202203,983.4,12.99,12774.37
1301852,1,202204,981.2,13.04,12794.85
1301852,1,202205,881.1,11.98,10555.58
1301852,1,202206,787.4,12.11,9535.41
1301852,1,202207,1108.0,12.09,13395.72
1301852,1,202208,1196.2,9.06,10837.57
1301852,1,202209,1608.3,9.01,14490.78
1301852,1,202210,2287.1,8.68,19852.03
1301852,1,202211,2998.9,9.15,27439.94
1301852,1,202212,2329.4,9.4,21896.36
1301852,1,202301,2152.0,10.67,22961.84
1301852,1,202302,1711.8,11.81,20216.36
1301852,1,202303,1268.8,14.47,18359.54
1301852,1,202304,829.0,13.19,10934.51
1301852,1,202305,1314.0,13.2,17344.8
1301852,1,202306,1184.6,14.06,16655.48
1301852,1,202307,1905.6,11.04,21037.82
1301852,1,202308,2338.3,10.43,24388.47
1301852,1,202309,2064.0,9.88,20392.32
1301852,1,202310,2347.4,9.52,22347.25
1301852,1,202311,3270.5,8.77,28682.28
1301852,1,202312,3248.2,9.89,32124.7
1301852,1,202401,2024.6,12.09,24477.41
1301852,1,202402,1376.6,14.49,19946.93
1301852,1,202403,1237.3,13.55,16765.42
1301852,1,202404,1141.9,14.06,16055.11
1301852,1,202405,1502.3,14.37,21588.05
1301852,1,202406,1804.7,13.57,24489.78
1301852,1,202407,1436.9,12.32,17702.61
1301852,1,202408,1983.0,10.22,20266.26
1301852,1,202409,2198.6,9.49,20864.71
1301852,1,202410,2364.1,9.51,22482.59
1301852,1,202411,2383.8,10.38,24743.84
1301852,1,202412,2576.2,10.53,27127.39
1301852,2,202201,126.0,37.38,4709.88
1301852,2,202202,122.0,37.91,4625.02
1301852,2,202203,110.4,38.51,4251.5
1301852,2,202204,139.7,42.16,5889.75
1301852,2,202205,125.3,41.87,5246.31
1301852,2,202206,136.8,40.22,5502.1
1301852,2,202207,118.0,48.71,5747.78
1301852,2,202208,129.7,49.59,6431.82
1301852,2,202209,116.2,46.52,5405.62
1301852,2,202210,164.6,43.49,7158.45
1301852,2,202211,178.1,42.39,7549.66
1301852,2,202212,157.0,40.12,6298.84
1301852,2,202301,190.6,39.66,7559.2
1301852,2,202302,188.8,34.4,6494.72
1301852,2,202303,171.0,36.16,6183.36
1301852,2,202304,158.5,44.4,7037.4
1301852,2,202305,159.2,44.94,7154.45
1301852,2,202306,90.7,48.76,4422.53
1301852,2,202307,87.7,47.95,4205.22
1301852,2,202308,105.9,52.16,5523.74
1301852,2,202309,115.9,50.31,5830.93
1301852,2,202310,102.8,47.28,4860.38
1301852,2,202311,82.2,42.17,3466.37
1301852,2,202312,157.3,40.18,6320.31
1301852,2,202401,168.4,45.24,7618.42
1301852,2,202402,233.7,39.35,9196.09
1301852,2,202403,237.2,42.64,10114.21
1301852,2,202404,167.7,43.15,7236.25
1301852,2,202405,93.5,46.38,4336.53
1301852,2,202406,90.6,49.06,4444.84
1301852,2,202407,94.6,56.94,5386.52
1301852,2,202408,108.4,55.2,5983.68
1301852,2,202409,93.9,51.17,4804.86
1301852,2,202410,116.9,49.66,5805.25
1301852,2,202411,143.2,49.72,7119.9
1301852,2,202412,196.9,37.81,7444.79
1301852,3,202201,23.0,98.27,2260.21
1301852,3,202202,18.1,96.83,1752.62
1301852,3,202203,19.2,94.93,1822.66
1301852,3,202204,22.1,91.9,2030.99
1301852,3,202205,19.4,87.51,1697.69
1301852,3,202206,19.4,80.85,1568.49
1301852,3,202207,21.9,88.1,1929.39
1301852,3,202208,29.6,78.34,2318.86
1301852,3,202209,29.4,88.15,2591.61
1301852,3,202210,24.6,85.96,2114.62
1301852,3,202211,23.0,85.8,1973.4
1301852,3,202212,20.0,99.45,1989.0
1301852,3,202301,19.1,91.58,1749.18
1301852,3,202302,23.1,95.97,2216.91
1301852,3,202303,16.5,95.68,1578.72
1301852,3,202304,24.8,97.13,2408.82
1301852,3,202305,38.2,90.78,3467.8
1301852,3,202306,35.1,97.68,3428.57
1301852,3,202307,28.1,82.86,2328.37
1301852,3,202308,35.0,107.92,3777.2
1301852,3,202309,33.4,84.16,2810.94
1301852,3,202310,27.4,105.25,2883.85
1301852,3,202311,21.8,98.86,2155.15
1301852,3,202312,20.7,95.88,1984.72
1301852,3,202401,22.2,103.42,2295.92
1301852,3,202402,26.6,101.1,2689.26
1301852,3,202403,27.2,104.04,2829.89
1301852,3,202404,29.2,96.49,2817.51
1301852,3,202405,27.3,100.71,2749.38
1301852,3,202406,33.2,95.15,3158.98
1301852,3,202407,31.1,87.7,2727.47
1301852,3,202408,42.8,93.34,3994.95
1301852,3,202409,32.5,93.85,3050.12
1301852,3,202410,32.4,90.96,2947.1
1301852,3,202411,43.5,95.14,4138.59
1301852,3,202412,41.5,102.71,4262.46
1301902,1,202201,2163.3,11.03,23861.2
1301902,1,202202,2745.7,11.63,31932.49
1301902,1,202203,2279.7,13.58,30958.33
1301902,1,202204,2485.1,13.41,33325.19
1301902,1,202205,2340.0,12.95,30303.0
1301902,1,202206,2523.5,12.08,30483.88
1301902,1,202207,2193.2,11.3,24783.16
1301902,1,202208,1926.6,10.04,19343.06
1301902,1,202209,3371.2,8.67,29228.3
1301902,1,202210,3711.2,8.85,32844.12
1301902,1,202211,3738.8,8.8,32901.44
1301902,1,202212,2619.3,10.5,27502.65
1301902,1,202301,2061.3,11.68,24075.98
1301902,1,202302,2363.6,11.84,27985.02
1301902,1,202303,2837.2,14.68,41650.1
1301902,1,202304,2136.2,12.04,25719.85
1301902,1,202305,2454.9,13.48,33092.05
1301902,1,202306,2708.9,11.79,31937.93
1301902,1,202307,3002.7,12.14,36452.78
1301902,1,202308,4893.9,10.02,49036.88
1301902,1,202309,4441.3,8.69,38594.9
1301902,1,202310,5525.1,8.62,47626.36
1301902,1,202311,5014.3,8.72,43724.7
1301902,1,202312,3991.1,9.74,38873.31
1301902,1,202401,4054.0,11.29,45769.66
1301902,1,202402,3147.4,12.22,38461.23
1301902,1,202403,2468.7,13.75,33944.62
1301902,1,202404,2872.7,14.17,40706.16
1301902,1,202405,3318.3,12.91,42839.25
1301902,1,202406,3971.4,11.68,46385.95
1301902,1,202407,1955.3,11.66,22798.8
1301902,1,202408,2992.5,10.55,31570.88
1301902,1,202409,3800.6,9.74,37017.84
1301902,1,202410,4079.0,9.32,38016.28
1301902,1,202411,4441.2,10.16,45122.59
1301902,1,202412,3978.1,10.8,42963.48
1301902,2,202201,378.5,38.53,14583.6
1301902,2,202202,330.3,35.83,11834.65
1301902,2,202203,340.1,36.29,12342.23
1301902,2,202204,343.7,41.52,14270.42
1301902,2,202205,236.4,42.15,9964.26
1301902,2,202206,261.3,43.58,11387.45
1301902,2,202207,247.9,52.47,13007.31
1301902,2,202208,226.7,46.19,10471.27
1301902,2,202209,237.8,43.61,10370.46
1301902,2,202210,293.5,47.55,13955.92
1301902,2,202211,477.8,40.58,19389.12
1301902,2,202212,495.9,39.79,19731.86
1301902,2,202301,531.8,41.8,22229.24
1301902,2,202302,488.5,34.81,17004.69
1301902,2,202303,599.4,38.09,22831.15
1301902,2,202304,344.7,43.7,15063.39
1301902,2,202305,220.0,45.39,9985.8
1301902,2,202306,225.0,46.74,10516.5
1301902,2,202307,246.2,55.86,13752.73
1301902,2,202308,148.5,50.21,7456.18
1301902,2,202309,184.1,50.56,9308.1
1301902,2,202310,218.3,51.22,11181.33
1301902,2,202311,306.8,46.08,14137.34
1301902,2,202312,374.3,43.35,16225.9
1301902,2,202401,286.4,37.93,10863.15
1301902,2,202402,273.0,41.22,11253.06
1301902,2,202403,264.6,40.02,10589.29
1301902,2,202404,319.9,40.64,13000.74
1301902,2,202405,313.5,46.11,14455.48
1301902,2,202406,246.7,49.49,12209.18
1301902,2,202407,241.6,56.57,13667.31
1301902,2,202408,196.6,53.45,10508.27
1301902,2,202409,321.3,49.55,15920.42
1301902,2,202410,355.9,46.6,16584.94
1301902,2,202411,422.3,45.49,19210.43
1301902,2,202412,548.1,39.44,21617.06
1301902,3,202201,34.5,99.08,3418.26
1301902,3,202202,40.8,87.12,3554.5
1301902,3,202203,48.2,86.97,4191.95
1301902,3,202204,56.2,85.29,4793.3
1301902,3,202205,54.2,88.09,4774.48
1301902,3,202206,42.7,80.83,3451.44
1301902,3,202207,51.6,90.78,4684.25
1301902,3,202208,47.2,83.76,3953.47
1301902,3,202209,49.7,87.99,4373.1
1301902,3,202210,40.7,85.18,3466.83
1301902,3,202211,35.4,93.79,3320.17
1301902,3,202212,31.3,84.02,2629.83
1301902,3,202301,25.9,98.22,2543.9
1301902,3,202302,26.7,101.73,2716.19
1301902,3,202303,25.7,101.39,2605.72
1301902,3,202304,34.4,94.89,3264.22
1301902,3,202305,31.5,85.93,2706.8
1301902,3,202306,32.8,95.5,3132.4
1301902,3,202307,38.3,87.01,3332.48
1301902,3,202308,57.8,86.65,5008.37
1301902,3,202309,46.2,99.15,4580.73
1301902,3,202310,34.7,91.23,3165.68
1301902,3,202311,28.8,91.2,2626.56
1301902,3,202312,27.5,93.66,2575.65
1301902,3,202401,27.6,105.6,2914.56
1301902,3,202402,47.5,98.89,4697.27
1301902,3,202403,53.0,104.9,5559.7
1301902,3,202404,46.3,105.78,4897.61
1301902,3,202405,65.0,96.77,6290.05
1301902,3,202406,52.3,99.06,5180.84
1301902,3,202407,47.9,91.83,4398.66
1301902,3,202408,44.7,88.28,3946.12
1301902,3,202409,55.0,84.79,4663.45
1301902,3,202410,49.8,95.59,4760.38
1301902,3,202411,60.7,98.65,5988.06
1301902,3,202412,55.3,105.15,5814.8
1301951,1,202201,1081.7,12.15,13142.66
1301951,1,202202,531.5,11.85,6298.28
1301951,1,202203,313.9,13.93,4372.63
1301951,1,202204,350.3,12.2,4273.66
1301951,1,202205,442.9,12.74,5642.55
1301951,1,202206,508.4,11.76,5978.78
1301951,1,202207,702.2,11.81,8292.98
1301951,1,202208,768.4,9.88,7591.79
1301951,1,202209,770.4,8.06,6209.42
1301951,1,202210,770.7,8.09,6234.96
1301951,1,202211,762.0,8.51,6484.62
1301951,1,202212,827.7,10.26,8492.2
1301951,1,202301,621.6,11.84,7359.74
1301951,1,202302,506.6,12.38,6271.71
1301951,1,202303,512.0,13.08,6696.96
1301951,1,202304,463.0,14.26,6602.38
1301951,1,202305,596.4,12.7,7574.28
1301951,1,202306,532.7,12.86,6850.52
1301951,1,202307,529.0,11.59,6131.11
1301951,1,202308,733.5,10.04,7364.34
1301951,1,202309,931.4,9.49,8838.99
1301951,1,202310,831.5,9.03,7508.44
1301951,1,202311,1074.1,9.54,10246.91
1301951,1,202312,1260.5,9.52,11999.96
1301951,1,202401,773.1,12.31,9516.86
1301951,1,202402,801.7,13.88,11127.6
1301951,1,202403,399.7,14.34,5731.7
1301951,1,202404,506.3,14.88,7533.74
1301951,1,202405,444.8,14.03,6240.54
1301951,1,202406,633.7,13.79,8738.72
1301951,1,202407,611.0,11.98,7319.78
1301951,1,202408,754.1,10.09,7608.87
1301951,1,202409,767.5,10.17,7805.48
1301951,1,202410,839.4,8.69,7294.39
1301951,1,202411,1189.1,9.9,11772.09
1301951,1,202412,937.1,10.48,9820.81
1301951,2,202201,31.5,40.25,1267.88
1301951,2,202202,30.8,37.67,1160.24
1301951,2,202203,35.5,41.89,1487.1
1301951,2,202204,27.7,43.22,1197.19
1301951,2,202205,16.3,47.63,776.37
1301951,2,202206,13.1,44.09,577.58
1301951,2,202207,15.2,51.73,786.3
1301951,2,202208,15.3,56.55,865.22
1301951,2,202209,14.5,52.2,756.9
1301951,2,202210,26.9,50.72,1364.37
1301951,2,202211,34.1,45.08,1537.23
1301951,2,202212,35.3,41.85,1477.3
1301951,2,202301,38.6,43.68,1686.05
1301951,2,202302,36.6,38.47,1408.0
1301951,2,202303,28.1,39.19,1101.24
1301951,2,202304,33.8,42.27,1428.73
1301951,2,202305,34.1,46.85,1597.58
1301951,2,202306,19.7,46.42,914.47
1301951,2,202307,20.7,54.85,1135.4
1301951,2,202308,22.3,53.38,1190.37
1301951,2,202309,21.8,55.19,1203.14
1301951,2,202310,35.9,45.25,1624.48
1301951,2,202311,51.0,48.85,2491.35
1301951,2,202312,43.3,46.28,2003.92
1301951,2,202401,41.1,43.22,1776.34
1301951,2,202402,38.2,41.37,1580.33
1301951,2,202403,33.1,44.16,1461.7
1301951,2,202404,26.8,47.91,1283.99
1301951,2,202405,28.4,49.89,1416.88
1301951,2,202406,36.5,53.83,1964.79
1301951,2,202407,38.8,59.66,2314.81
1301951,2,202408,36.0,58.06,2090.16
1301951,2,202409,20.4,52.76,1076.3
1301951,2,202410,17.2,55.66,957.35
1301951,2,202411,28.3,48.3,1366.89
1301951,2,202412,44.5,45.03,2003.84
1301951,3,202201,7.3,93.17,680.14
1301951,3,202202,5.6,95.06,532.34
1301951,3,202203,5.8,95.32,552.86
1301951,3,202204,5.1,96.16,490.42
1301951,3,202205,6.4,86.78,555.39
1301951,3,202206,5.4,87.24,471.1
1301951,3,202207,6.9,84.9,585.81
1301951,3,202208,5.8,87.52,507.62
1301951,3,202209,6.8,97.54,663.27
1301951,3,202210,7.9,84.15,664.79
1301951,3,202211,5.1,90.36,460.84
1301951,3,202212,4.0,89.24,356.96
1301951,3,202301,4.6,96.09,442.01
1301951,3,202302,4.9,94.02,460.7
1301951,3,202303,4.9,91.21,446.93
1301951,3,202304,4.8,102.28,490.94
1301951,3,202305,4.6,95.28,438.29
1301951,3,202306,5.7,91.21,519.9
1301951,3,202307,5.1,84.94,433.19
1301951,3,202308,6.1,87.65,534.66
1301951,3,202309,5.6,83.75,469.0
1301951,3,202310,5.3,90.67,480.55
1301951,3,202311,6.8,95.17,647.16
1301951,3,202312,7.3,93.83,684.96
1301951,3,202401,5.4,98.45,531.63
1301951,3,202402,4.6,100.53,462.44
1301951,3,202403,5.8,106.5,617.7
1301951,3,202404,4.6,101.13,465.2
1301951,3,202405,6.9,89.7,618.93
1301951,3,202406,7.1,97.76,694.1
1301951,3,202407,6.5,94.69,615.48
1301951,3,202408,6.7,92.23,617.94
1301951,3,202409,8.6,100.05,860.43
1301951,3,202410,5.2,94.4,490.88
1301951,3,202411,6.5,99.32,645.58
1301951,3,202412,7.6,102.49,778.92
1302009,1,202201,315.5,10.73,3385.32
1302009,1,202202,231.2,13.38,3093.46
1302009,1,202203,233.9,13.08,3059.41
1302009,1,202204,224.0,13.68,3064.32
1302009,1,202205,208.8,13.66,2852.21
1302009,1,202206,315.0,12.19,3839.85
1302009,1,202207,363.3,12.53,4552.15
1302009,1,202208,459.0,9.4,4314.6
1302009,1,202209,623.7,8.73,5444.9
1302009,1,202210,726.5,8.29,6022.68
1302009,1,202211,638.3,9.73,6210.66
1302009,1,202212,456.7,10.25,4681.18
1302009,1,202301,277.5,11.13,3088.58
1302009,1,202302,257.7,12.1,3118.17
1302009,1,202303,283.1,14.49,4102.12
1302009,1,202304,270.6,14.09,3812.75
1302009,1,202305,143.5,14.5,2080.75
1302009,1,202306,236.1,12.6,2974.86
1302009,1,202307,355.6,11.73,4171.19
1302009,1,202308,391.2,10.39,4064.57
1302009,1,202309,535.6,9.07,4857.89
1302009,1,202310,589.2,8.97,5285.12
1302009,1,202311,457.7,8.82,4036.91
1302009,1,202312,507.0,10.49,5318.43
1302009,1,202401,309.4,12.35,3821.09
1302009,1,202402,267.4,13.8,3690.12
1302009,1,202403,235.6,14.52,3420.91
1302009,1,202404,199.8,14.29,2855.14
1302009,1,202405,239.4,15.18,3634.09
1302009,1,202406,354.2,13.73,4863.17
1302009,1,202407,489.4,12.74,6234.96
1302009,1,202408,580.9,11.44,6645.5
1302009,1,202409,427.0,9.66,4124.82
1302009,1,202410,368.1,9.57,3522.72
1302009,1,202411,410.1,10.11,4146.11
1302009,1,202412,382.6,10.04,3841.3
1302009,2,202201,43.4,39.33,1706.92
1302009,2,202202,57.5,38.1,2190.75
1302009,2,202203,47.4,38.47,1823.48
1302009,2,202204,53.6,41.59,2229.22
1302009,2,202205,40.6,46.75,1898.05
1302009,2,202206,40.9,46.66,1908.39
1302009,2,202207,32.6,49.97,1629.02
1302009,2,202208,25.7,54.35,1396.8
1302009,2,202209,36.4,52.05,1894.62
1302009,2,202210,30.7,51.57,1583.2
1302009,2,202211,29.5,48.35,1426.32
1302009,2,202212,27.1,38.89,1053.92
1302009,2,202301,41.4,41.31,1710.23
1302009,2,202302,54.6,38.78,2117.39
1302009,2,202303,50.0,38.35,1917.5
1302009,2,202304,34.6,41.62,1440.05
1302009,2,202305,30.9,46.1,1424.49
1302009,2,202306,26.1,49.57,1293.78
1302009,2,202307,20.4,51.3,1046.52
1302009,2,202308,19.8,53.78,1064.84
1302009,2,202309,24.6,59.76,1470.1
1302009,2,202310,24.7,46.15,1139.9
1302009,2,202311,31.3,49.54,1550.6
1302009,2,202312,26.1,43.25,1128.82
1302009,2,202401,44.5,41.37,1840.96
1302009,2,202402,41.4,37.34,1545.88
1302009,2,202403,47.2,43.93,2073.5
1302009,2,202404,42.1,41.83,1761.04
1302009,2,202405,38.2,50.65,1934.83
1302009,2,202406,26.0,57.0,1482.0
1302009,2,202407,21.8,51.5,1122.7
1302009,2,202408,20.1,59.25,1190.93
1302009,2,202409,23.2,54.98,1275.54
1302009,2,202410,34.5,47.05,1623.22
1302009,2,202411,40.0,45.76,1830.4
1302009,2,202412,36.2,45.36,1642.03
1302009,3,202201,5.2,87.7,456.04
1302009,3,202202,4.7,100.51,472.4
1302009,3,202203,6.0,88.9,533.4
1302009,3,202204,7.2,89.88,647.14
1302009,3,202205,8.7,89.85,781.7
1302009,3,202206,8.6,82.92,713.11
1302009,3,202207,5.9,82.05,484.1
1302009,3,202208,6.5,83.28,541.32
1302009,3,202209,6.6,78.5,518.1
1302009,3,202210,8.0,77.6,620.8
1302009,3,202211,8.5,83.29,707.96
1302009,3,202212,8.0,97.02,776.16
1302009,3,202301,4.7,91.84,431.65
1302009,3,202302,4.4,95.86,421.78
1302009,3,202303,4.6,88.45,406.87
1302009,3,202304,5.0,98.97,494.85
1302009,3,202305,5.8,88.51,513.36
1302009,3,202306,8.3,85.19,707.08
1302009,3,202307,9.2,84.61,778.41
1302009,3,202308,7.1,95.76,679.9
1302009,3,202309,6.1,87.08,531.19
1302009,3,202310,5.3,86.47,458.29
1302009,3,202311,5.5,77.79,427.84
1302009,3,202312,6.5,99.02,643.63
1302009,3,202401,7.4,94.8,701.52
1302009,3,202402,6.3,94.77,597.05
1302009,3,202403,6.2,94.48,585.78
1302009,3,202404,8.7,103.41,899.67
1302009,3,202405,6.2,93.11,577.28
1302009,3,202406,7.6,83.87,637.41
1302009,3,202407,8.4,87.56,735.5
1302009,3,202408,7.7,84.13,647.8
1302009,3,202409,7.5,90.06,675.45
1302009,3,202410,7.8,88.77,692.41
1302009,3,202411,6.8,86.26,586.57
1302009,3,202412,5.8,95.71,555.12
1302108,1,202201,182.7,10.89,1989.6
1302108,1,202202,165.9,13.1,2173.29
1302108,1,202203,147.1,13.31,1957.9
1302108,1,202204,115.9,12.53,1452.23
1302108,1,202205,144.2,14.79,2132.72
1302108,1,202206,174.2,11.54,2010.27
1302108,1,202207,271.2,10.98,2977.78
1302108,1,202208,441.5,9.45,4172.17
1302108,1,202209,458.0,8.64,3957.12
1302108,1,202210,369.9,8.59,3177.44
1302108,1,202211,385.0,9.39,3615.15
1302108,1,202212,318.7,10.61,3381.41
1302108,1,202301,247.0,11.34,2800.98
1302108,1,202302,177.0,12.15,2150.55
1302108,1,202303,152.4,14.0,2133.6
1302108,1,202304,151.4,14.35,2172.59
1302108,1,202305,194.3,13.83,2687.17
1302108,1,202306,236.9,12.96,3070.22
1302108,1,202307,373.7,11.5,4297.55
1302108,1,202308,428.9,10.4,4460.56
1302108,1,202309,456.5,9.38,4281.97
1302108,1,202310,403.9,9.64,3893.6
1302108,1,202311,305.8,10.58,3235.36
1302108,1,202312,255.1,10.44,2663.24
1302108,1,202401,202.1,12.02,2429.24
1302108,1,202402,117.7,13.46,1584.24
1302108,1,202403,110.2,13.76,1516.35
1302108,1,202404,174.8,15.12,2642.98
1302108,1,202405,199.4,14.53,2897.28
1302108,1,202406,208.9,13.01,2717.79
1302108,1,202407,272.9,12.58,3433.08
1302108,1,202408,225.4,10.78,2429.81
1302108,1,202409,308.0,9.37,2885.96
1302108,1,202410,432.0,9.67,4177.44
1302108,1,202411,382.4,9.96,3808.7
1302108,1,202412,239.3,11.29,2701.7
1302108,2,202201,30.6,36.14,1105.88
1302108,2,202202,35.9,38.2,1371.38
1302108,2,202203,43.1,40.67,1752.88
1302108,2,202204,46.4,40.6,1883.84
1302108,2,202205,35.1,40.25,1412.78
1302108,2,202206,33.0,46.09,1520.97
1302108,2,202207,35.1,53.03,1861.35
1302108,2,202208,35.8,48.59,1739.52
1302108,2,202209,38.6,48.84,1885.22
1302108,2,202210,37.7,46.7,1760.59
1302108,2,202211,38.5,39.73,1529.6
1302108,2,202212,43.9,41.73,1831.95
1302108,2,202301,40.3,40.48,1631.34
1302108,2,202302,52.4,34.3,1797.32
1302108,2,202303,36.2,36.29,1313.7
1302108,2,202304,32.6,39.29,1280.85
1302108,2,202305,31.0,46.28,1434.68
1302108,2,202306,31.5,46.16,1454.04
1302108,2,202307,32.4,51.4,1665.36
1302108,2,202308,39.1,50.81,1986.67
1302108,2,202309,35.9,50.55,1814.74
1302108,2,202310,31.8,49.13,1562.33
1302108,2,202311,35.2,45.19,1590.69
1302108,2,202312,38.2,41.2,1573.84
1302108,2,202401,47.3,41.0,1939.3
1302108,2,202402,39.8,39.83,1585.23
1302108,2,202403,39.9,39.91,1592.41
1302108,2,202404,51.6,41.96,2165.14
1302108,2,202405,43.3,50.92,2204.84
1302108,2,202406,29.8,48.74,1452.45
1302108,2,202407,26.6,56.08,1491.73
1302108,2,202408,18.1,51.51,932.33
1302108,2,202409,22.5,54.54,1227.15
1302108,2,202410,37.5,54.48,2043.0
1302108,2,202411,32.8,45.58,1495.02
1302108,2,202412,30.4,41.47,1260.69
1302108,3,202201,3.1,96.85,300.24
1302108,3,202202,2.3,87.97,202.33
1302108,3,202203,3.0,87.61,262.83
1302108,3,202204,3.3,90.11,297.36
1302108,3,202205,3.6,87.24,314.06
1302108,3,202206,4.7,85.17,400.3
1302108,3,202207,3.4,81.7,277.78
1302108,3,202208,3.9,83.23,324.6
1302108,3,202209,4.7,73.2,344.04
1302108,3,202210,4.4,87.94,386.94
1302108,3,202211,3.3,94.42,311.59
1302108,3,202212,3.1,87.89,272.46
1302108,3,202301,3.1,96.95,300.54
1302108,3,202302,2.6,105.18,273.47
1302108,3,202303,3.3,96.13,317.23
1302108,3,202304,3.8,95.42,362.6
1302108,3,202305,3.7,100.03,370.11
1302108,3,202306,5.0,97.98,489.9
1302108,3,202307,4.6,82.02,377.29
1302108,3,202308,6.3,84.01,529.26
1302108,3,202309,5.4,90.44,488.38
1302108,3,202310,4.3,90.72,390.1
1302108,3,202311,3.6,94.51,340.24
1302108,3,202312,3.9,82.43,321.48
1302108,3,202401,3.2,90.39,289.25
1302108,3,202402,3.7,109.8,406.26
1302108,3,202403,3.7,103.6,383.32
1302108,3,202404,3.8,99.32,377.42
1302108,3,202405,4.2,89.04,373.97
1302108,3,202406,5.6,90.01,504.06
1302108,3,202407,5.0,92.41,462.05
1302108,3,202408,5.3,83.11,440.48
1302108,3,202409,5.7,86.71,494.25
1302108,3,202410,4.3,93.64,402.65
1302108,3,202411,4.8,97.58,468.38
1302108,3,202412,5.3,95.06,503.82
1302207,1,202201,408.1,10.99,4485.02
1302207,1,202202,318.5,12.43,3958.96
1302207,1,202203,292.5,13.05,3817.12
1302207,1,202204,306.2,14.43,4418.47
1302207,1,202205,347.3,13.45,4671.18
1302207,1,202206,401.2,12.07,4842.48
1302207,1,202207,450.5,11.4,5135.7
1302207,1,202208,630.9,9.86,6220.67
1302207,1,202209,586.0,9.01,5279.86
1302207,1,202210,961.4,9.26,8902.56
1302207,1,202211,882.8,8.59,7583.25
1302207,1,202212,540.9,9.84,5322.46
1302207,1,202301,465.7,12.11,5639.63
1302207,1,202302,440.8,12.8,5642.24
1302207,1,202303,341.1,13.23,4512.75
1302207,1,202304,245.6,12.67,3111.75
1302207,1,202305,236.4,12.03,2843.89
1302207,1,202306,339.9,13.98,4751.8
1302207,1,202307,308.9,11.58,3577.06
1302207,1,202308,331.1,9.91,3281.2
1302207,1,202309,505.8,9.5,4805.1
1302207,1,202310,553.0,8.59,4750.27
1302207,1,202311,497.9,9.18,4570.72
1302207,1,202312,439.4,9.74,4279.76
1302207,1,202401,311.9,11.02,3437.14
1302207,1,202402,336.3,11.76,3954.89
1302207,1,202403,273.0,12.9,3521.7
1302207,1,202404,261.0,15.06,3930.66
1302207,1,202405,321.6,13.3,4277.28
1302207,1,202406,361.9,13.42,4856.7
1302207,1,202407,396.1,12.4,4911.64
1302207,1,202408,356.4,10.59,3774.28
1302207,1,202409,524.1,9.53,4994.67
1302207,1,202410,609.7,9.4,5731.18
1302207,1,202411,557.2,9.47,5276.68
1302207,1,202412,435.7,11.24,4897.27
1302207,2,202201,39.3,37.16,1460.39
1302207,2,202202,43.3,39.29,1701.26
1302207,2,202203,40.8,36.38,1484.3
1302207,2,202204,34.3,43.43,1489.65
1302207,2,202205,44.3,42.09,1864.59
1302207,2,202206,33.4,44.14,1474.28
1302207,2,202207,25.7,49.56,1273.69
1302207,2,202208,29.2,51.53,1504.68
1302207,2,202209,33.5,49.4,1654.9
1302207,2,202210,43.2,46.91,2026.51
1302207,2,202211,59.4,46.92,2787.05
1302207,2,202212,56.9,40.25,2290.22
1302207,2,202301,50.4,38.28,1929.31
1302207,2,202302,34.4,36.18,1244.59
1302207,2,202303,30.9,41.77,1290.69
1302207,2,202304,33.2,40.79,1354.23
1302207,2,202305,25.2,44.31,1116.61
1302207,2,202306,18.9,51.04,964.66
1302207,2,202307,21.1,56.4,1190.04
1302207,2,202308,26.2,52.45,1374.19
1302207,2,202309,26.3,50.55,1329.46
1302207,2,202310,34.8,48.41,1684.67
1302207,2,202311,42.0,44.03,1849.26
1302207,2,202312,54.5,40.93,2230.68
1302207,2,202401,77.5,40.08,3106.2
1302207,2,202402,102.1,41.7,4257.57
1302207,2,202403,81.5,40.6,3308.9
1302207,2,202404,53.5,46.41,2482.94
1302207,2,202405,42.7,46.6,1989.82
1302207,2,202406,46.6,49.47,2305.3
1302207,2,202407,31.1,56.46,1755.91
1302207,2,202408,38.0,53.96,2050.48
1302207,2,202409,33.8,52.63,1778.89
1302207,2,202410,36.5,50.47,1842.16
1302207,2,202411,34.0,50.44,1714.96
1302207,2,202412,31.3,44.03,1378.14
1302207,3,202201,6.0,88.02,528.12
1302207,3,202202,4.0,92.43,369.72
1302207,3,202203,6.0,97.64,585.84
1302207,3,202204,7.2,99.23,714.46
1302207,3,202205,7.0,95.0,665.0
1302207,3,202206,6.6,86.84,573.14
1302207,3,202207,7.6,87.79,667.2
1302207,3,202208,7.8,88.09,687.1
1302207,3,202209,6.7,95.48,639.72
1302207,3,202210,8.4,84.7,711.48
1302207,3,202211,4.8,97.06,465.89
1302207,3,202212,4.4,87.77,386.19
1302207,3,202301,5.0,104.45,522.25
1302207,3,202302,5.0,96.18,480.9
1302207,3,202303,5.9,95.15,561.39
1302207,3,202304,4.6,95.05,437.23
1302207,3,202305,5.0,90.04,450.2
1302207,3,202306,6.9,92.75,639.98
1302207,3,202307,5.3,94.35,500.05
1302207,3,202308,5.6,79.17,443.35
1302207,3,202309,5.4,87.97,475.04
1302207,3,202310,6.0,85.99,515.94
1302207,3,202311,6.3,97.93,616.96
1302207,3,202312,6.0,103.5,621.0
1302207,3,202401,5.4,101.36,547.34
1302207,3,202402,5.5,99.47,547.08
1302207,3,202403,5.4,94.32,509.33
1302207,3,202404,5.7,110.36,629.05
1302207,3,202405,7.9,103.83,820.26
1302207,3,202406,6.1,85.4,520.94
1302207,3,202407,6.9,95.22,657.02
1302207,3,202408,5.9,86.43,509.94
1302207,3,202409,8.9,89.84,799.58
1302207,3,202410,7.9,88.58,699.78
1302207,3,202411,5.6,87.95,492.52
1302207,3,202412,5.4,99.89,539.41
1302306,1,202201,1332.7,10.74,14313.2
1302306,1,202202,687.1,12.61,8664.33
1302306,1,202203,615.3,13.51,8312.7
1302306,1,202204,643.5,13.1,8429.85
1302306,1,202205,775.2,12.74,9876.05
1302306,1,202206,647.0,12.16,7867.52
1302306,1,202207,639.5,10.8,6906.6
1302306,1,202208,1181.3,10.73,12675.35
1302306,1,202209,1250.8,9.23,11544.88
1302306,1,202210,1064.6,8.78,9347.19
1302306,1,202211,962.4,8.67,8344.01
1302306,1,202212,1074.4,10.31,11077.06
1302306,1,202301,865.5,11.07,9581.09
1302306,1,202302,843.3,12.21,10296.69
1302306,1,202303,652.3,14.02,9145.25
1302306,1,202304,502.9,14.08,7080.83
1302306,1,202305,821.6,11.9,9777.04
1302306,1,202306,1015.1,12.51,12698.9
1302306,1,202307,1116.2,11.49,12825.14
1302306,1,202308,1227.3,10.04,12322.09
1302306,1,202309,1904.2,9.41,17918.52
1302306,1,202310,2058.7,8.24,16963.69
1302306,1,202311,2215.5,8.11,17967.7
1302306,1,202312,1536.8,9.73,14953.06
1302306,1,202401,1258.2,12.01,15110.98
1302306,1,202402,1109.1,11.14,12355.37
1302306,1,202403,847.9,13.42,11378.82
1302306,1,202404,808.5,13.02,10526.67
1302306,1,202405,777.0,13.83,10745.91
1302306,1,202406,1002.3,14.43,14463.19
1302306,1,202407,946.7,11.72,11095.32
1302306,1,202408,1381.9,10.54,14565.23
1302306,1,202409,1695.8,10.11,17144.54
1302306,1,202410,1699.2,9.37,15921.5
1302306,1,202411,1778.0,9.59,17051.02
1302306,1,202412,1430.1,11.1,15874.11
1302306,2,202201,116.5,36.4,4240.6
1302306,2,202202,149.6,40.82,6106.67
1302306,2,202203,141.6,34.61,4900.78
1302306,2,202204,143.6,40.24,5778.46
1302306,2,202205,137.2,44.72,6135.58
1302306,2,202206,90.2,44.85,4045.47
1302306,2,202207,83.0,47.55,3946.65
1302306,2,202208,94.7,47.83,4529.5
1302306,2,202209,111.5,47.95,5346.42
1302306,2,202210,135.6,47.72,6470.83
1302306,2,202211,133.2,42.02,5597.06
1302306,2,202212,179.8,45.86,8245.63
1302306,2,202301,147.8,37.52,5545.46
1302306,2,202302,110.7,40.16,4445.71
1302306,2,202303,110.0,39.44,4338.4
1302306,2,202304,133.3,41.02,5467.97
1302306,2,202305,92.6,47.47,4395.72
1302306,2,202306,66.2,43.77,2897.57
1302306,2,202307,50.9,50.91,2591.32
1302306,2,202308,69.3,48.94,3391.54
1302306,2,202309,59.5,48.76,2901.22
1302306,2,202310,83.7,46.28,3873.64
1302306,2,202311,94.2,42.03,3959.23
1302306,2,202312,98.3,37.56,3692.15
1302306,2,202401,98.0,40.72,3990.56
1302306,2,202402,119.6,38.88,4650.05
1302306,2,202403,107.6,39.34,4232.98
1302306,2,202404,107.8,44.1,4753.98
1302306,2,202405,108.5,46.94,5092.99
1302306,2,202406,107.7,48.68,5242.84
1302306,2,202407,112.0,60.4,6764.8
1302306,2,202408,102.2,55.53,5675.17
1302306,2,202409,82.1,58.6,4811.06
1302306,2,202410,101.8,48.32,4918.98
1302306,2,202411,128.7,46.47,5980.69
1302306,2,202412,134.2,39.9,5354.58
1302306,3,202201,13.0,87.58,1138.54
1302306,3,202202,16.2,86.62,1403.24
1302306,3,202203,19.4,86.88,1685.47
1302306,3,202204,21.1,78.29,1651.92
1302306,3,202205,28.7,90.23,2589.6
1302306,3,202206,29.2,83.11,2426.81
1302306,3,202207,34.7,79.72,2766.28
1302306,3,202208,22.5,76.92,1730.7
1302306,3,202209,23.9,81.57,1949.52
1302306,3,202210,27.6,85.88,2370.29
1302306,3,202211,19.5,83.56,1629.42
1302306,3,202212,9.5,91.56,869.82
1302306,3,202301,9.2,93.96,864.43
1302306,3,202302,10.0,92.95,929.5
1302306,3,202303,13.6,97.01,1319.34
1302306,3,202304,13.8,88.47,1220.89
1302306,3,202305,15.8,82.76,1307.61
1302306,3,202306,15.8,85.23,1346.63
1302306,3,202307,17.3,83.67,1447.49
1302306,3,202308,18.3,81.9,1498.77
1302306,3,202309,16.8,88.65,1489.32
1302306,3,202310,20.2,87.63,1770.13
1302306,3,202311,24.3,87.6,2128.68
1302306,3,202312,16.9,90.72,1533.17
1302306,3,202401,19.4,92.78,1799.93
1302306,3,202402,14.8,95.59,1414.73
1302306,3,202403,12.1,92.65,1121.06
1302306,3,202404,18.3,89.78,1642.97
1302306,3,202405,28.7,82.17,2358.28
1302306,3,202406,25.3,82.23,2080.42
1302306,3,202407,34.9,84.44,2946.96
1302306,3,202408,26.9,83.35,2242.11
1302306,3,202409,24.3,77.32,1878.88
1302306,3,202410,31.3,82.84,2592.89
1302306,3,202411,22.3,83.85,1869.86
1302306,3,202412,24.9,96.86,2411.81
1302405,1,202201,1524.3,10.86,16553.9
1302405,1,202202,1227.4,11.26,13820.52
1302405,1,202203,1016.4,12.11,12308.6
1302405,1,202204,1175.9,12.64,14863.38
1302405,1,202205,1105.8,12.09,13369.12
1302405,1,202206,1564.4,10.88,17020.67
1302405,1,202207,1412.5,10.96,15481.0
1302405,1,202208,2230.6,9.65,21525.29
1302405,1,202209,2529.7,8.11,20515.87
1302405,1,202210,2046.2,8.27,16922.07
1302405,1,202211,2184.3,8.59,18763.14
1302405,1,202212,1671.2,9.57,15993.38
1302405,1,202301,1461.9,10.44,15262.24
1302405,1,202302,1147.2,11.38,13055.14
1302405,1,202303,1034.7,13.37,13833.94
1302405,1,202304,1218.0,12.35,15042.3
1302405,1,202305,1344.0,12.87,17297.28
1302405,1,202306,1174.0,11.98,14064.52
1302405,1,202307,1208.6,10.95,13234.17
1302405,1,202308,1681.2,9.99,16795.19
1302405,1,202309,2128.3,9.77,20793.49
1302405,1,202310,1984.5,8.04,15955.38
1302405,1,202311,2658.8,9.42,25045.9
1302405,1,202312,2496.9,8.7,21723.03
1302405,1,202401,1645.3,12.39,20385.27
1302405,1,202402,1192.8,11.53,13752.98
1302405,1,202403,1052.2,15.43,16235.45
1302405,1,202404,988.6,13.71,13553.71
1302405,1,202405,1368.4,14.57,19937.59
1302405,1,202406,1753.2,13.48,23633.14
1302405,1,202407,1894.7,11.31,21429.06
1302405,1,202408,2394.0,10.16,24323.04
1302405,1,202409,2898.6,9.07,26290.3
1302405,1,202410,2753.9,9.5,26162.05
1302405,1,202411,2640.4,9.26,24450.1
1302405,1,202412,2415.3,9.93,23983.93
1302405,2,202201,151.6,37.66,5709.26
1302405,2,202202,281.5,33.9,9542.85
1302405,2,202203,199.5,35.35,7052.33
1302405,2,202204,164.3,34.69,5699.57
1302405,2,202205,109.7,41.42,4543.77
1302405,2,202206,117.2,42.36,4964.59
1302405,2,202207,92.9,47.84,4444.34
1302405,2,202208,114.7,43.47,4986.01
1302405,2,202209,84.5,46.59,3936.86
1302405,2,202210,102.1,38.9,3971.69
1302405,2,202211,90.2,41.62,3754.12
1302405,2,202212,112.4,37.01,4159.92
1302405,2,202301,137.4,37.06,5092.04
1302405,2,202302,142.5,34.44,4907.7
1302405,2,202303,140.7,34.65,4875.25
1302405,2,202304,169.8,37.79,6416.74
1302405,2,202305,220.4,42.16,9292.06
1302405,2,202306,176.5,46.2,8154.3
1302405,2,202307,122.6,47.9,5872.54
1302405,2,202308,119.1,45.82,5457.16
1302405,2,202309,114.8,51.72,5937.46
1302405,2,202310,151.0,45.64,6891.64
1302405,2,202311,171.6,40.48,6946.37
1302405,2,202312,139.5,39.45,5503.28
1302405,2,202401,206.1,37.99,7829.74
1302405,2,202402,247.3,36.32,8981.94
1302405,2,202403,287.9,36.96,10640.78
1302405,2,202404,204.9,41.88,8581.21
1302405,2,202405,180.7,46.99,8491.09
1302405,2,202406,122.2,41.85,5114.07
1302405,2,202407,116.8,51.79,6049.07
1302405,2,202408,126.0,49.62,6252.12
1302405,2,202409,115.8,49.28,5706.62
1302405,2,202410,141.2,49.57,6999.28
1302405,2,202411,165.6,37.74,6249.74
1302405,2,202412,171.7,41.53,7130.7
1302405,3,202201,19.8,98.51,1950.5
1302405,3,202202,18.8,87.14,1638.23
1302405,3,202203,16.8,88.58,1488.14
1302405,3,202204,16.8,94.94,1594.99
1302405,3,202205,20.5,82.26,1686.33
1302405,3,202206,20.6,86.71,1786.23
1302405,3,202207,23.8,81.91,1949.46
1302405,3,202208,24.3,78.76,1913.87
1302405,3,202209,24.7,82.15,2029.1
1302405,3,202210,24.5,81.57,1998.46
1302405,3,202211,20.3,94.84,1925.25
1302405,3,202212,18.5,78.69,1455.76
1302405,3,202301,27.1,83.93,2274.5
1302405,3,202302,35.6,84.69,3014.96
1302405,3,202303,36.4,84.55,3077.62
1302405,3,202304,19.5,87.97,1715.42
1302405,3,202305,19.9,79.13,1574.69
1302405,3,202306,24.1,80.44,1938.6
1302405,3,202307,21.9,77.61,1699.66
1302405,3,202308,20.4,79.32,1618.13
1302405,3,202309,21.8,76.19,1660.94
1302405,3,202310,25.4,79.76,2025.9
1302405,3,202311,28.4,80.42,2283.93
1302405,3,202312,25.0,79.33,1983.25
1302405,3,202401,21.3,98.46,2097.2
1302405,3,202402,18.9,88.16,1666.22
1302405,3,202403,23.0,88.74,2041.02
1302405,3,202404,26.3,85.26,2242.34
1302405,3,202405,32.0,88.16,2821.12
1302405,3,202406,31.9,81.83,2610.38
1302405,3,202407,24.8,88.36,2191.33
1302405,3,202408,25.2,83.42,2102.18
1302405,3,202409,31.0,80.79,2504.49
1302405,3,202410,21.4,80.08,1713.71
1302405,3,202411,22.5,85.93,1933.43
1302405,3,202412,24.3,91.34,2219.56
1302504,1,202201,2172.2,10.37,22525.71
1302504,1,202202,1841.0,10.94,20140.54
1302504,1,202203,1764.9,15.2,26826.48
1302504,1,202204,1551.9,13.84,21478.3
1302504,1,202205,1593.8,13.26,21133.79
1302504,1,202206,2582.0,12.48,32223.36
1302504,1,202207,2786.5,10.37,28896.0
1302504,1,202208,3047.1,9.58,29191.22
1302504,1,202209,3407.0,9.94,33865.58
1302504,1,202210,3966.3,9.1,36093.33
1302504,1,202211,3088.8,8.77,27088.78
1302504,1,202212,3134.4,9.38,29400.67
1302504,1,202301,2946.8,11.06,32591.61
1302504,1,202302,1774.1,12.35,21910.14
1302504,1,202303,2440.7,14.86,36268.8
1302504,1,202304,2872.8,13.61,39098.81
1302504,1,202305,2276.8,12.64,28778.75
1302504,1,202306,2068.8,12.51,25880.69
1302504,1,202307,2752.0,11.5,31648.0
1302504,1,202308,2605.3,9.53,24828.51
1302504,1,202309,4270.2,9.48,40481.5
1302504,1,202310,4014.6,9.53,38259.14
1302504,1,202311,5237.2,9.35,48967.82
1302504,1,202312,3584.7,9.76,34986.67
1302504,1,202401,2965.5,11.45,33954.98
1302504,1,202402,3156.8,11.96,37755.33
1302504,1,202403,2409.3,13.81,33272.43
1302504,1,202404,2353.8,14.45,34012.41
1302504,1,202405,2904.9,13.29,38606.12
1302504,1,202406,2711.6,14.32,38830.11
1302504,1,202407,2531.9,12.24,30990.46
1302504,1,202408,2519.5,9.62,24237.59
1302504,1,202409,3719.0,8.81,32764.39
1302504,1,202410,4409.5,8.85,39024.07
1302504,1,202411,5122.8,10.41,53328.35
1302504,1,202412,3994.5,11.01,43979.44
1302504,2,202201,343.5,37.63,12925.9
1302504,2,202202,291.6,33.91,9888.16
1302504,2,202203,433.3,36.72,15910.78
1302504,2,202204,278.1,40.58,11285.3
1302504,2,202205,294.4,45.45,13380.48
1302504,2,202206,323.6,42.66,13804.78
1302504,2,202207,301.5,48.68,14677.02
1302504,2,202208,304.8,49.13,14974.82
1302504,2,202209,279.2,48.53,13549.58
1302504,2,202210,324.9,46.41,15078.61
1302504,2,202211,309.6,42.8,13250.88
1302504,2,202212,324.2,42.51,13781.74
1302504,2,202301,381.7,41.19,15722.22
1302504,2,202302,309.6,42.09,13031.06
1302504,2,202303,379.4,38.69,14678.99
1302504,2,202304,230.6,40.32,9297.79
1302504,2,202305,266.4,42.39,11292.7
1302504,2,202306,281.6,46.6,13122.56
1302504,2,202307,229.0,52.1,11930.9
1302504,2,202308,191.2,53.43,10215.82
1302504,2,202309,210.4,52.0,10940.8
1302504,2,202310,289.6,46.26,13396.9
1302504,2,202311,357.4,43.05,15386.07
1302504,2,202312,328.4,45.38,14902.79
1302504,2,202401,397.0,38.52,15292.44
1302504,2,202402,447.8,42.11,18856.86
1302504,2,202403,453.5,40.98,18584.43
1302504,2,202404,343.0,41.16,14117.88
1302504,2,202405,332.8,43.5,14476.8
1302504,2,202406,357.1,47.94,17119.37
1302504,2,202407,342.8,53.25,18254.1
1302504,2,202408,334.6,50.72,16970.91
1302504,2,202409,435.0,56.37,24520.95
1302504,2,202410,420.0,49.1,20622.0
1302504,2,202411,368.5,47.8,17614.3
1302504,2,202412,358.9,44.04,15805.96
1302504,3,202201,27.1,92.53,2507.56
1302504,3,202202,22.5,98.46,2215.35
1302504,3,202203,37.2,92.09,3425.75
1302504,3,202204,33.4,89.43,2986.96
1302504,3,202205,26.1,91.92,2399.11
1302504,3,202206,24.2,85.44,2067.65
1302504,3,202207,26.7,90.7,2421.69
1302504,3,202208,42.4,82.65,3504.36
1302504,3,202209,37.5,81.9,3071.25
1302504,3,202210,32.7,87.28,2854.06
1302504,3,202211,36.5,91.98,3357.27
1302504,3,202212,38.8,94.2,3654.96
1302504,3,202301,38.2,101.15,3863.93
1302504,3,202302,35.2,96.51,3397.15
1302504,3,202303,27.2,104.22,2834.78
1302504,3,202304,25.5,88.75,2263.12
1302504,3,202305,21.8,90.02,1962.44
1302504,3,202306,25.9,90.97,2356.12
1302504,3,202307,27.9,85.7,2391.03
1302504,3,202308,28.5,86.63,2468.96
1302504,3,202309,32.6,84.49,2754.37
1302504,3,202310,29.2,89.85,2623.62
1302504,3,202311,28.1,95.79,2691.7
1302504,3,202312,26.3,93.86,2468.52
1302504,3,202401,27.3,97.85,2671.3
1302504,3,202402,30.2,100.68,3040.54
1302504,3,202403,24.2,108.05,2614.81
1302504,3,202404,30.2,105.75,3193.65
1302504,3,202405,34.3,94.9,3255.07
1302504,3,202406,38.9,96.71,3762.02
1302504,3,202407,40.2,92.06,3700.81
1302504,3,202408,42.4,97.43,4131.03
1302504,3,202409,37.4,93.04,3479.7
1302504,3,202410,39.3,93.34,3668.26
1302504,3,202411,44.8,105.29,4716.99
1302504,3,202412,35.4,95.6,3384.24
1302553,1,202201,757.0,11.67,8834.19
1302553,1,202202,614.0,11.3,6938.2
1302553,1,202203,439.7,12.98,5707.31
1302553,1,202204,495.2,13.57,6719.86
1302553,1,202205,520.5,12.58,6547.89
1302553,1,202206,589.5,11.63,6855.88
1302553,1,202207,979.8,10.77,10552.45
1302553,1,202208,1042.9,10.08,10512.43
1302553,1,202209,1442.9,8.63,12452.23
1302553,1,202210,1007.7,8.1,8162.37
1302553,1,202211,1630.0,9.37,15273.1
1302553,1,202212,1136.4,9.87,11216.27
1302553,1,202301,1010.2,11.82,11940.56
1302553,1,202302,904.3,12.9,11665.47
1302553,1,202303,647.9,14.81,9595.4
1302553,1,202304,693.9,14.38,9978.28
1302553,1,202305,788.0,12.81,10094.28
1302553,1,202306,707.9,12.72,9004.49
1302553,1,202307,735.1,10.93,8034.64
1302553,1,202308,923.9,9.83,9081.94
1302553,1,202309,1055.3,8.57,9043.92
1302553,1,202310,1457.8,8.75,12755.75
1302553,1,202311,1452.2,9.45,13723.29
1302553,1,202312,1142.6,10.03,11460.28
1302553,1,202401,1014.6,11.05,11211.33
1302553,1,202402,547.5,11.95,6542.62
1302553,1,202403,478.8,15.33,7340.0
1302553,1,202404,536.5,14.36,7704.14
1302553,1,202405,719.9,13.24,9531.48
1302553,1,202406,806.2,13.2,10641.84
1302553,1,202407,1195.7,13.02,15568.01
1302553,1,202408,1463.3,10.78,15774.37
1302553,1,202409,1326.5,8.31,11023.22
1302553,1,202410,1294.4,10.53,13630.03
1302553,1,202411,1308.2,8.71,11394.42
1302553,1,202412,1022.7,10.34,10574.72
1302553,2,202201,86.1,38.99,3357.04
1302553,2,202202,94.1,36.85,3467.58
1302553,2,202203,71.8,40.85,2933.03
1302553,2,202204,74.7,37.63,2810.96
1302553,2,202205,86.0,44.05,3788.3
1302553,2,202206,75.6,42.98,3249.29
1302553,2,202207,100.5,49.78,5002.89
1302553,2,202208,88.3,44.94,3968.2
1302553,2,202209,71.4,45.29,3233.71
1302553,2,202210,80.8,42.94,3469.55
1302553,2,202211,66.3,43.13,2859.52
1302553,2,202212,69.8,40.1,2798.98
1302553,2,202301,68.5,43.47,2977.7
1302553,2,202302,82.5,37.39,3084.68
1302553,2,202303,86.4,39.97,3453.41
1302553,2,202304,104.1,41.21,4289.96
1302553,2,202305,85.9,45.74,3929.07
1302553,2,202306,62.0,47.85,2966.7
1302553,2,202307,79.7,52.76,4204.97
1302553,2,202308,42.1,48.22,2030.06
1302553,2,202309,52.0,44.18,2297.36
1302553,2,202310,65.5,48.51,3177.4
1302553,2,202311,77.6,40.38,3133.49
1302553,2,202312,99.2,43.65,4330.08
1302553,2,202401,109.3,38.83,4244.12
1302553,2,202402,121.7,37.01,4504.12
1302553,2,202403,101.1,45.67,4617.24
1302553,2,202404,72.3,42.38,3064.07
1302553,2,202405,71.2,45.38,3231.06
1302553,2,202406,56.3,51.18,2881.43
1302553,2,202407,50.9,53.98,2747.58
1302553,2,202408,68.8,55.83,3841.1
1302553,2,202409,93.7,48.48,4542.58
1302553,2,202410,112.5,50.64,5697.0
1302553,2,202411,130.5,45.2,5898.6
1302553,2,202412,127.8,40.51,5177.18
1302553,3,202201,8.4,103.49,869.32
1302553,3,202202,8.5,94.29,801.46
1302553,3,202203,6.8,98.82,671.98
1302553,3,202204,6.0,91.19,547.14
1302553,3,202205,5.2,97.9,509.08
1302553,3,202206,8.2,82.14,673.55
1302553,3,202207,6.8,88.84,604.11
1302553,3,202208,8.4,81.45,684.18
1302553,3,202209,6.3,95.31,600.45
1302553,3,202210,10.7,90.4,967.28
1302553,3,202211,7.1,82.65,586.82
1302553,3,202212,6.9,88.48,610.51
1302553,3,202301,8.4,101.9,855.96
1302553,3,202302,6.8,102.53,697.2
1302553,3,202303,7.7,101.38,780.63
1302553,3,202304,7.3,97.17,709.34
1302553,3,202305,8.2,92.12,755.38
1302553,3,202306,10.2,95.86,977.77
1302553,3,202307,9.0,84.98,764.82
1302553,3,202308,11.6,88.22,1023.35
1302553,3,202309,10.9,86.03,937.73
1302553,3,202310,13.5,87.67,1183.54
1302553,3,202311,9.1,91.48,832.47
1302553,3,202312,7.3,92.93,678.39
1302553,3,202401,6.8,105.1,714.68
1302553,3,202402,5.6,95.7,535.92
1302553,3,202403,7.4,104.48,773.15
1302553,3,202404,7.6,96.99,737.12
1302553,3,202405,6.5,97.35,632.78
1302553,3,202406,6.4,93.5,598.4
1302553,3,202407,6.4,89.88,575.23
1302553,3,202408,8.8,97.08,854.3
1302553,3,202409,9.5,90.46,859.37
1302553,3,202410,8.8,97.66,859.41
1302553,3,202411,7.8,100.74,785.77
1302553,3,202412,7.3,98.76,720.95
1302603,1,202201,21667.0,10.82,234436.94
1302603,1,202202,20275.9,11.53,233781.13
1302603,1,202203,12480.9,13.64,170239.48
1302603,1,202204,13752.7,13.71,188549.52
1302603,1,202205,19666.5,13.06,256844.49
1302603,1,202206,18856.6,12.07,227599.16
1302603,1,202207,18411.3,10.58,194791.55
1302603,1,202208,24421.6,8.81,215154.3
1302603,1,202209,28614.6,8.35,238931.91
1302603,1,202210,29208.0,8.33,243302.64
1302603,1,202211,24695.8,8.57,211643.01
1302603,1,202212,27522.4,9.94,273572.66
1302603,1,202301,27139.1,11.84,321326.94
1302603,1,202302,18597.5,12.48,232096.8
1302603,1,202303,14875.6,14.42,214506.15
1302603,1,202304,16262.5,13.23,215152.88
1302603,1,202305,15192.0,13.35,202813.2
1302603,1,202306,19834.2,12.53,248522.53
1302603,1,202307,32436.5,12.01,389562.36
1302603,1,202308,35554.2,10.23,363719.47
1302603,1,202309,31287.5,9.36,292851.0
1302603,1,202310,37608.6,8.27,311023.12
1302603,1,202311,35224.0,8.89,313141.36
1302603,1,202312,30847.8,10.75,331613.85
1302603,1,202401,28950.5,10.64,308033.32
1302603,1,202402,27058.4,13.95,377464.68
1302603,1,202403,22601.2,14.31,323423.17
1302603,1,202404,20580.3,13.76,283184.93
1302603,1,202405,30789.9,13.39,412276.76
1302603,1,202406,37158.8,14.34,532857.19
1302603,1,202407,43023.6,12.67,545109.01
1302603,1,202408,44474.8,10.5,466985.4
1302603,1,202409,37900.1,9.73,368767.97
1302603,1,202410,49137.7,9.03,443713.43
1302603,1,202411,44706.3,9.73,434992.3
1302603,1,202412,33623.9,10.22,343636.26
1302603,2,202201,2377.5,40.94,97334.85
1302603,2,202202,3321.0,37.5,124537.5
1302603,2,202203,3096.9,37.06,114771.11
1302603,2,202204,2678.1,41.63,111489.3
1302603,2,202205,2436.8,46.35,112945.68
1302603,2,202206,2182.2,50.67,110572.07
1302603,2,202207,2546.5,53.27,135652.06
1302603,2,202208,1911.6,51.57,98581.21
1302603,2,202209,1933.8,50.41,97482.86
1302603,2,202210,2158.4,46.96,101358.46
1302603,2,202211,2126.1,45.57,96886.38
1302603,2,202212,2765.7,38.35,106064.6
1302603,2,202301,2813.2,40.77,114694.16
1302603,2,202302,2465.3,45.87,113083.31
1302603,2,202303,3060.8,37.77,115606.42
1302603,2,202304,3906.1,43.63,170423.14
1302603,2,202305,3224.1,47.69,153757.33
1302603,2,202306,2664.1,51.6,137467.56
1302603,2,202307,2332.0,50.38,117486.16
1302603,2,202308,2053.3,55.23,113403.76
1302603,2,202309,2723.3,51.48,140195.48
1302603,2,202310,2859.6,46.84,133943.66
1302603,2,202311,2101.5,49.08,103141.62
1302603,2,202312,3378.6,44.75,151192.35
1302603,2,202401,4377.2,40.29,176357.39
1302603,2,202402,4705.0,40.2,189141.0
1302603,2,202403,2549.2,41.08,104721.14
1302603,2,202404,2701.4,41.41,111864.97
1302603,2,202405,3069.4,50.49,154974.01
1302603,2,202406,2878.5,54.38,156532.83
1302603,2,202407,2644.6,54.01,142834.85
1302603,2,202408,2912.4,55.81,162541.04
1302603,2,202409,2846.3,55.23,157201.15
1302603,2,202410,3658.0,52.89,193471.62
1302603,2,202411,3787.3,45.43,172057.04
1302603,2,202412,4014.2,46.07,184934.19
1302603,3,202201,239.8,103.08,24718.58
1302603,3,202202,318.6,91.48,29145.53
1302603,3,202203,335.7,94.38,31683.37
1302603,3,202204,335.0,102.67,34394.45
1302603,3,202205,303.6,85.21,25869.76
1302603,3,202206,442.3,90.23,39908.73
1302603,3,202207,350.0,82.34,28819.0
1302603,3,202208,362.2,86.32,31265.1
1302603,3,202209,386.9,95.89,37099.84
1302603,3,202210,283.0,90.82,25702.06
1302603,3,202211,252.1,90.69,22862.95
1302603,3,202212,243.8,88.39,21549.48
1302603,3,202301,301.5,97.6,29426.4
1302603,3,202302,273.9,96.45,26417.66
1302603,3,202303,221.0,91.58,20239.18
1302603,3,202304,196.9,86.67,17065.32
1302603,3,202305,217.2,89.79,19502.39
1302603,3,202306,206.7,90.65,18737.36
1302603,3,202307,303.7,93.84,28499.21
1302603,3,202308,382.7,84.8,32452.96
1302603,3,202309,373.2,89.59,33434.99
1302603,3,202310,340.8,83.39,28419.31
1302603,3,202311,376.7,89.93,33876.63
1302603,3,202312,389.9,85.3,33258.47
1302603,3,202401,292.3,114.34,33421.58
1302603,3,202402,254.7,104.06,26504.08
1302603,3,202403,317.5,103.1,32734.25
1302603,3,202404,345.3,102.83,35507.2
1302603,3,202405,397.5,110.32,43852.2
1302603,3,202406,337.3,92.25,31115.92
1302603,3,202407,316.2,87.74,27743.39
1302603,3,202408,376.0,100.98,37968.48
1302603,3,202409,332.8,86.65,28837.12
1302603,3,202410,258.9,100.61,26047.93
1302603,3,202411,252.9,96.84,24490.84
1302603,3,202412,266.1,102.31,27224.69
1302702,1,202201,2037.9,11.6,23639.64
1302702,1,202202,1482.2,11.99,17771.58
1302702,1,202203,1009.7,11.38,11490.39
1302702,1,202204,781.6,13.99,10934.58
1302702,1,202205,947.0,13.25,12547.75
1302702,1,202206,1002.5,11.55,11578.88
1302702,1,202207,1374.1,10.18,13988.34
1302702,1,202208,1274.8,8.84,11269.23
1302702,1,202209,1893.2,9.86,18666.95
1302702,1,202210,1702.6,8.06,13722.96
1302702,1,202211,1811.8,8.2,14856.76
1302702,1,202212,1590.6,9.69,15412.91
1302702,1,202301,1972.9,10.15,20024.94
1302702,1,202302,1568.5,11.59,18178.92
1302702,1,202303,1841.0,13.68,25184.88
1302702,1,202304,1630.4,13.64,22238.66
1302702,1,202305,1912.3,12.77,24420.07
1302702,1,202306,1735.8,12.18,21142.04
1302702,1,202307,1999.5,10.78,21554.61
1302702,1,202308,2736.3,9.83,26897.83
1302702,1,202309,3200.0,8.68,27776.0
1302702,1,202310,3194.6,8.45,26994.37
1302702,1,202311,2540.8,8.74,22206.59
1302702,1,202312,2069.3,9.51,19679.04
1302702,1,202401,2099.6,12.05,25300.18
1302702,1,202402,2052.7,13.13,26951.95
1302702,1,202403,1398.2,12.9,18036.78
1302702,1,202404,1115.4,13.04,14544.82
1302702,1,202405,1021.8,13.41,13702.34
1302702,1,202406,1466.1,14.07,20628.03
1302702,1,202407,1465.8,10.86,15918.59
1302702,1,202408,2156.4,10.15,21887.46
1302702,1,202409,2653.6,9.4,24943.84
1302702,1,202410,2400.6,8.99,21581.39
1302702,1,202411,3070.6,9.14,28065.28
1302702,1,202412,1871.1,10.84,20282.72
1302702,2,202201,186.7,33.24,6205.91
1302702,2,202202,152.4,33.87,5161.79
1302702,2,202203,122.8,35.18,4320.1
1302702,2,202204,126.5,36.09,4565.38
1302702,2,202205,119.7,39.36,4711.39
1302702,2,202206,113.5,44.23,5020.1
1302702,2,202207,90.5,46.53,4210.96
1302702,2,202208,98.5,43.33,4268.0
1302702,2,202209,111.4,46.17,5143.34
1302702,2,202210,150.9,44.52,6718.07
1302702,2,202211,163.0,39.11,6374.93
1302702,2,202212,156.1,36.0,5619.6
1302702,2,202301,135.9,37.21,5056.84
1302702,2,202302,118.4,31.26,3701.18
1302702,2,202303,144.4,36.4,5256.16
1302702,2,202304,165.1,41.99,6932.55
1302702,2,202305,123.4,36.74,4533.72
1302702,2,202306,121.4,46.86,5688.8
1302702,2,202307,109.6,48.57,5323.27
1302702,2,202308,123.9,44.77,5547.0
1302702,2,202309,144.7,48.51,7019.4
1302702,2,202310,97.2,47.28,4595.62
1302702,2,202311,149.0,39.44,5876.56
1302702,2,202312,176.2,37.35,6581.07
1302702,2,202401,173.1,37.78,6539.72
1302702,2,202402,168.2,38.7,6509.34
1302702,2,202403,172.9,36.72,6348.89
1302702,2,202404,148.9,40.02,5958.98
1302702,2,202405,117.6,41.94,4932.14
1302702,2,202406,101.3,46.67,4727.67
1302702,2,202407,86.0,51.62,4439.32
1302702,2,202408,122.6,50.13,6145.94
1302702,2,202409,127.0,48.12,6111.24
1302702,2,202410,207.3,46.53,9645.67
1302702,2,202411,213.0,41.66,8873.58
1302702,2,202412,237.0,38.16,9043.92
1302702,3,202201,24.6,91.8,2258.28
1302702,3,202202,18.9,88.5,1672.65
1302702,3,202203,15.6,87.45,1364.22
1302702,3,202204,17.9,86.23,1543.52
1302702,3,202205,16.2,81.45,1319.49
1302702,3,202206,18.9,78.33,1480.44
1302702,3,202207,15.4,73.91,1138.21
1302702,3,202208,17.4,76.66,1333.88
1302702,3,202209,16.1,72.88,1173.37
1302702,3,202210,14.4,83.6,1203.84
1302702,3,202211,12.8,81.35,1041.28
1302702,3,202212,16.3,84.96,1384.85
1302702,3,202301,15.0,91.86,1377.9
1302702,3,202302,14.8,89.08,1318.38
1302702,3,202303,16.8,86.78,1457.9
1302702,3,202304,21.3,91.11,1940.64
1302702,3,202305,17.4,96.15,1673.01
1302702,3,202306,19.4,88.81,1722.91
1302702,3,202307,17.0,88.42,1503.14
1302702,3,202308,17.7,77.06,1363.96
1302702,3,202309,22.4,82.14,1839.94
1302702,3,202310,13.6,84.02,1142.67
1302702,3,202311,12.6,93.96,1183.9
1302702,3,202312,13.5,94.33,1273.46
1302702,3,202401,15.2,95.46,1450.99
1302702,3,202402,19.5,86.5,1686.75
1302702,3,202403,13.7,90.83,1244.37
1302702,3,202404,20.0,97.27,1945.4
1302702,3,202405,22.0,90.04,1980.88
1302702,3,202406,20.8,88.26,1835.81
1302702,3,202407,16.2,89.44,1448.93
1302702,3,202408,16.3,91.01,1483.46
1302702,3,202409,21.4,83.43,1785.4
1302702,3,202410,20.5,91.41,1873.9
1302702,3,202411,18.7,99.17,1854.48
1302702,3,202412,15.1,101.21,1528.27
1302801,1,202201,574.0,11.21,6434.54
1302801,1,202202,506.3,13.19,6678.1
1302801,1,202203,485.4,13.72,6659.69
1302801,1,202204,553.2,14.02,7755.86
1302801,1,202205,617.2,12.72,7850.78
1302801,1,202206,872.6,12.99,11335.07
1302801,1,202207,972.3,12.06,11725.94
1302801,1,202208,793.7,10.27,8151.3
1302801,1,202209,946.4,9.4,8896.16
1302801,1,202210,997.5,8.34,8319.15
1302801,1,202211,1189.5,9.7,11538.15
1302801,1,202212,712.5,11.01,7844.62
1302801,1,202301,627.5,11.88,7454.7
1302801,1,202302,433.9,12.54,5441.11
1302801,1,202303,421.9,13.71,5784.25
1302801,1,202304,375.7,13.85,5203.44
1302801,1,202305,428.7,13.57,5817.46
1302801,1,202306,365.5,13.34,4875.77
1302801,1,202307,545.8,11.86,6473.19
1302801,1,202308,671.0,11.0,7381.0
1302801,1,202309,771.0,9.74,7509.54
1302801,1,202310,1126.0,8.85,9965.1
1302801,1,202311,863.0,9.33,8051.79
1302801,1,202312,759.7,10.17,7726.15
1302801,1,202401,553.2,12.41,6865.21
1302801,1,202402,461.8,15.15,6996.27
1302801,1,202403,583.8,16.33,9533.45
1302801,1,202404,470.4,15.81,7437.02
1302801,1,202405,398.2,14.9,5933.18
1302801,1,202406,618.6,12.93,7998.5
1302801,1,202407,601.5,12.67,7621.0
1302801,1,202408,503.1,10.78,5423.42
1302801,1,202409,541.3,11.12,6019.26
1302801,1,202410,501.9,9.13,4582.35
1302801,1,202411,403.5,10.45,4216.58
1302801,1,202412,415.6,10.73,4459.39
1302801,2,202201,98.0,40.4,3959.2
1302801,2,202202,65.5,38.4,2515.2
1302801,2,202203,74.9,38.63,2893.39
1302801,2,202204,79.5,38.39,3052.0
1302801,2,202205,53.1,44.33,2353.92
1302801,2,202206,45.3,45.44,2058.43
1302801,2,202207,39.8,50.6,2013.88
1302801,2,202208,58.9,48.29,2844.28
1302801,2,202209,75.4,50.58,3813.73
1302801,2,202210,59.1,50.1,2960.91
1302801,2,202211,49.8,44.45,2213.61
1302801,2,202212,70.8,41.02,2904.22
1302801,2,202301,85.4,41.32,3528.73
1302801,2,202302,106.3,42.13,4478.42
1302801,2,202303,76.0,39.26,2983.76
1302801,2,202304,79.9,43.07,3441.29
1302801,2,202305,59.2,48.93,2896.66
1302801,2,202306,60.1,50.43,3030.84
1302801,2,202307,53.1,46.38,2462.78
1302801,2,202308,71.4,50.34,3594.28
1302801,2,202309,69.4,53.22,3693.47
1302801,2,202310,64.1,47.8,3063.98
1302801,2,202311,71.1,48.76,3466.84
1302801,2,202312,76.4,46.05,3518.22
1302801,2,202401,70.3,39.26,2759.98
1302801,2,202402,111.1,37.51,4167.36
1302801,2,202403,130.9,39.71,5198.04
1302801,2,202404,97.8,42.09,4116.4
1302801,2,202405,89.8,50.18,4506.16
1302801,2,202406,103.7,47.44,4919.53
1302801,2,202407,96.2,54.49,5241.94
1302801,2,202408,71.3,57.28,4084.06
1302801,2,202409,65.5,54.7,3582.85
1302801,2,202410,49.9,51.06,2547.89
1302801,2,202411,71.3,46.09,3286.22
1302801,2,202412,101.3,47.15,4776.3
1302801,3,202201,6.6,95.95,633.27
1302801,3,202202,7.4,81.87,605.84
1302801,3,202203,7.0,93.74,656.18
1302801,3,202204,6.7,94.92,635.96
1302801,3,202205,5.2,77.44,402.69
1302801,3,202206,5.3,80.28,425.48
1302801,3,202207,5.5,76.97,423.34
1302801,3,202208,5.1,83.61,426.41
1302801,3,202209,6.1,78.66,479.83
1302801,3,202210,7.6,80.33,610.51
1302801,3,202211,6.7,86.52,579.68
1302801,3,202212,4.4,94.33,415.05
1302801,3,202301,5.0,92.4,462.0
1302801,3,202302,5.8,91.22,529.08
1302801,3,202303,6.4,91.37,584.77
1302801,3,202304,6.0,93.78,562.68
1302801,3,202305,5.4,82.43,445.12
1302801,3,202306,7.5,85.39,640.42
1302801,3,202307,8.5,79.7,677.45
1302801,3,202308,7.5,77.98,584.85
1302801,3,202309,5.9,75.79,447.16
1302801,3,202310,6.7,83.29,558.04
1302801,3,202311,5.8,92.99,539.34
1302801,3,202312,6.6,82.18,542.39
1302801,3,202401,6.6,99.75,658.35
1302801,3,202402,9.6,94.7,909.12
1302801,3,202403,8.4,92.05,773.22
1302801,3,202404,11.5,96.7,1112.05
1302801,3,202405,10.2,98.53,1005.01
1302801,3,202406,8.4,96.48,810.43
1302801,3,202407,7.1,88.74,630.05
1302801,3,202408,6.5,86.44,561.86
1302801,3,202409,7.7,89.22,686.99
1302801,3,202410,7.9,101.32,800.43
1302801,3,202411,5.5,90.94,500.17
1302801,3,202412,7.2,100.6,724.32
1302900,1,202201,1698.1,11.55,19613.06
1302900,1,202202,1640.0,12.66,20762.4
1302900,1,202203,1293.6,14.07,18200.95
1302900,1,202204,1342.7,14.65,19670.56
1302900,1,202205,1147.4,13.32,15283.37
1302900,1,202206,1361.0,11.52,15678.72
1302900,1,202207,1909.2,12.11,23120.41
1302900,1,202208,2227.3,9.43,21003.44
1302900,1,202209,2144.7,9.22,19774.13
1302900,1,202210,2132.0,8.64,18420.48
1302900,1,202211,2492.2,8.87,22105.81
1302900,1,202212,1697.6,10.31,17502.26
1302900,1,202301,1257.4,11.67,14673.86
1302900,1,202302,1295.4,13.07,16930.88
1302900,1,202303,1070.2,13.08,13998.22
1302900,1,202304,820.7,13.82,11342.07
1302900,1,202305,1251.8,13.11,16411.1
1302900,1,202306,1148.5,12.61,14482.58
1302900,1,202307,1417.1,11.46,16239.97
1302900,1,202308,1601.1,11.31,18108.44
1302900,1,202309,1871.4,9.31,17422.73
1302900,1,202310,1797.4,8.19,14720.71
1302900,1,202311,2174.0,10.11,21979.14
1302900,1,202312,1981.3,10.55,20902.72
1302900,1,202401,1992.5,11.89,23690.82
1302900,1,202402,1401.2,12.94,18131.53
1302900,1,202403,1818.9,13.49,24536.96
1302900,1,202404,1061.5,15.95,16930.92
1302900,1,202405,878.7,14.18,12459.97
1302900,1,202406,1583.9,12.12,19196.87
1302900,1,202407,1979.7,12.16,24073.15
1302900,1,202408,2374.0,11.37,26992.38
1302900,1,202409,2758.0,9.87,27221.46
1302900,1,202410,3008.2,9.04,27194.13
1302900,1,202411,2804.5,9.32,26137.94
1302900,1,202412,1940.6,10.23,19852.34
1302900,2,202201,252.0,39.23,9885.96
1302900,2,202202,237.5,35.18,8355.25
1302900,2,202203,160.8,39.92,6419.14
1302900,2,202204,157.4,35.8,5634.92
1302900,2,202205,148.2,41.87,6205.13
1302900,2,202206,136.5,44.71,6102.92
1302900,2,202207,116.6,44.04,5135.06
1302900,2,202208,136.8,49.01,6704.57
1302900,2,202209,162.4,49.94,8110.26
1302900,2,202210,160.5,49.14,7886.97
1302900,2,202211,171.0,41.79,7146.09
1302900,2,202212,163.8,34.44,5641.27
1302900,2,202301,204.8,38.0,7782.4
1302900,2,202302,281.7,37.62,10597.55
1302900,2,202303,323.8,36.67,11873.75
1302900,2,202304,230.0,39.87,9170.1
1302900,2,202305,278.9,41.63,11610.61
1302900,2,202306,195.3,45.54,8893.96
1302900,2,202307,138.1,50.7,7001.67
1302900,2,202308,107.9,52.57,5672.3
1302900,2,202309,103.5,45.22,4680.27
1302900,2,202310,140.0,44.68,6255.2
1302900,2,202311,162.1,39.39,6385.12
1302900,2,202312,174.2,43.24,7532.41
1302900,2,202401,178.5,40.23,7181.05
1302900,2,202402,169.9,34.04,5783.4
1302900,2,202403,162.3,38.39,6230.7
1302900,2,202404,207.4,40.37,8372.74
1302900,2,202405,258.7,42.62,11025.79
1302900,2,202406,284.5,50.11,14256.3
1302900,2,202407,240.1,52.61,12631.66
1302900,2,202408,179.5,51.59,9260.41
1302900,2,202409,154.3,48.43,7472.75
1302900,2,202410,195.9,46.1,9030.99
1302900,2,202411,202.8,44.36,8996.21
1302900,2,202412,245.5,40.02,9824.91
1302900,3,202201,17.8,91.46,1627.99
1302900,3,202202,25.8,94.89,2448.16
1302900,3,202203,24.0,80.54,1932.96
1302900,3,202204,24.6,85.57,2105.02
1302900,3,202205,27.3,79.32,2165.44
1302900,3,202206,22.9,80.22,1837.04
1302900,3,202207,22.6,74.43,1682.12
1302900,3,202208,21.4,71.81,1536.73
1302900,3,202209,24.2,74.21,1795.88
1302900,3,202210,25.6,78.89,2019.58
1302900,3,202211,21.6,86.1,1859.76
1302900,3,202212,30.8,82.68,2546.54
1302900,3,202301,25.7,88.13,2264.94
1302900,3,202302,24.1,94.58,2279.38
1302900,3,202303,29.7,93.36,2772.79
1302900,3,202304,23.3,98.11,2285.96
1302900,3,202305,22.0,91.67,2016.74
1302900,3,202306,25.2,80.61,2031.37
1302900,3,202307,20.1,80.2,1612.02
1302900,3,202308,21.8,85.36,1860.85
1302900,3,202309,33.8,79.34,2681.69
1302900,3,202310,41.1,83.49,3431.44
1302900,3,202311,38.1,80.31,3059.81
1302900,3,202312,37.6,84.41,3173.82
1302900,3,202401,32.8,101.78,3338.38
1302900,3,202402,25.9,97.1,2514.89
1302900,3,202403,33.4,92.61,3093.17
1302900,3,202404,25.1,91.31,2291.88
1302900,3,202405,30.8,98.98,3048.58
1302900,3,202406,27.3,85.27,2327.87
1302900,3,202407,25.8,88.19,2275.3
1302900,3,202408,29.7,89.2,2649.24
1302900,3,202409,41.4,92.58,3832.81
1302900,3,202410,44.1,84.45,3724.25
1302900,3,202411,36.7,84.71,3108.86
1302900,3,202412,30.7,88.55,2718.48
1303007,1,202201,665.9,11.77,7837.64
1303007,1,202202,417.1,12.55,5234.61
1303007,1,202203,447.0,13.8,6168.6
1303007,1,202204,460.3,12.95,5960.88
1303007,1,202205,454.9,14.76,6714.32
1303007,1,202206,451.1,12.91,5823.7
1303007,1,202207,492.1,11.05,5437.71
1303007,1,202208,820.2,9.24,7578.65
1303007,1,202209,982.3,10.06,9881.94
1303007,1,202210,1109.2,9.49,10526.31
1303007,1,202211,1062.9,9.65,10256.98
1303007,1,202212,953.2,10.91,10399.41
1303007,1,202301,702.6,12.68,8908.97
1303007,1,202302,572.8,13.55,7761.44
1303007,1,202303,634.9,14.17,8996.53
1303007,1,202304,729.0,14.39,10490.31
1303007,1,202305,532.0,14.66,7799.12
1303007,1,202306,585.2,14.39,8421.03
1303007,1,202307,826.6,12.08,9985.33
1303007,1,202308,1318.2,11.7,15422.94
1303007,1,202309,1755.9,10.12,17769.71
1303007,1,202310,1274.7,9.78,12466.57
1303007,1,202311,1419.0,11.2,15892.8
1303007,1,202312,1101.9,11.81,13013.44
1303007,1,202401,1026.6,13.72,14084.95
1303007,1,202402,877.5,13.39,11749.72
1303007,1,202403,540.3,16.63,8985.19
1303007,1,202404,577.8,15.2,8782.56
1303007,1,202405,705.1,14.74,10393.17
1303007,1,202406,731.2,12.51,9147.31
1303007,1,202407,792.8,12.82,10163.7
1303007,1,202408,704.4,10.69,7530.04
1303007,1,202409,1009.3,10.53,10627.93
1303007,1,202410,1117.7,9.4,10506.38
1303007,1,202411,900.9,11.29,10171.16
1303007,1,202412,798.7,11.6,9264.92
1303007,2,202201,83.7,39.5,3306.15
1303007,2,202202,63.4,37.28,2363.55
1303007,2,202203,58.5,39.14,2289.69
1303007,2,202204,59.3,39.94,2368.44
1303007,2,202205,74.4,43.91,3266.9
1303007,2,202206,71.4,43.35,3095.19
1303007,2,202207,58.9,50.22,2957.96
1303007,2,202208,57.8,46.31,2676.72
1303007,2,202209,55.1,50.22,2767.12
1303007,2,202210,71.2,45.08,3209.7
1303007,2,202211,79.5,43.67,3471.77
1303007,2,202212,104.2,37.81,3939.8
1303007,2,202301,78.4,37.71,2956.46
1303007,2,202302,71.1,38.48,2735.93
1303007,2,202303,77.4,40.16,3108.38
1303007,2,202304,79.0,43.42,3430.18
1303007,2,202305,105.2,41.96,4414.19
1303007,2,202306,55.8,44.32,2473.06
1303007,2,202307,51.8,47.83,2477.59
1303007,2,202308,50.2,48.46,2432.69
1303007,2,202309,55.2,54.31,2997.91
1303007,2,202310,82.2,51.09,4199.6
1303007,2,202311,96.1,42.29,4064.07
1303007,2,202312,71.1,44.78,3183.86
1303007,2,202401,106.4,42.81,4554.98
1303007,2,202402,132.1,36.16,4776.74
1303007,2,202403,114.2,38.14,4355.59
1303007,2,202404,69.6,39.29,2734.58
1303007,2,202405,62.8,45.96,2886.29
1303007,2,202406,63.0,49.66,3128.58
1303007,2,202407,68.3,52.19,3564.58
1303007,2,202408,44.6,47.96,2139.02
1303007,2,202409,43.7,48.56,2122.07
1303007,2,202410,65.0,50.27,3267.55
1303007,2,202411,95.4,47.61,4541.99
1303007,2,202412,104.2,38.59,4021.08
1303007,3,202201,15.6,89.69,1399.16
1303007,3,202202,15.4,94.88,1461.15
1303007,3,202203,12.1,77.47,937.39
1303007,3,202204,15.0,88.64,1329.6
1303007,3,202205,13.1,77.46,1014.73
1303007,3,202206,11.5,81.66,939.09
1303007,3,202207,11.8,77.9,919.22
1303007,3,202208,11.3,80.86,913.72
1303007,3,202209,10.6,77.24,818.74
1303007,3,202210,14.1,84.11,1185.95
1303007,3,202211,11.9,79.09,941.17
1303007,3,202212,8.7,84.57,735.76
1303007,3,202301,10.5,91.45,960.22
1303007,3,202302,9.0,99.24,893.16
1303007,3,202303,8.5,94.42,802.57
1303007,3,202304,11.3,89.59,1012.37
1303007,3,202305,10.7,88.89,951.12
1303007,3,202306,11.1,88.17,978.69
1303007,3,202307,12.5,83.17,1039.62
1303007,3,202308,12.6,76.89,968.81
1303007,3,202309,12.1,84.23,1019.18
1303007,3,202310,8.1,83.39,675.46
1303007,3,202311,9.2,84.59,778.23
1303007,3,202312,13.5,85.26,1151.01
1303007,3,202401,14.1,96.82,1365.16
1303007,3,202402,12.2,97.23,1186.21
1303007,3,202403,13.3,89.66,1192.48
1303007,3,202404,14.9,87.13,1298.24
1303007,3,202405,12.6,98.28,1238.33
1303007,3,202406,17.0,90.54,1539.18
1303007,3,202407,16.9,85.13,1438.7
1303007,3,202408,15.3,86.63,1325.44
1303007,3,202409,19.9,82.8,1647.72
1303007,3,202410,11.8,85.98,1014.56
1303007,3,202411,9.8,89.5,877.1
1303007,3,202412,12.0,96.64,1159.68
1303106,1,202201,1026.4,10.54,10818.26
1303106,1,202202,1230.9,12.69,15620.12
1303106,1,202203,734.9,13.57,9972.59
1303106,1,202204,799.4,14.78,11815.13
1303106,1,202205,780.4,12.44,9708.18
1303106,1,202206,880.2,13.09,11521.82
1303106,1,202207,1032.5,11.84,12224.8
1303106,1,202208,1136.3,9.68,10999.38
1303106,1,202209,1159.5,9.16,10621.02
1303106,1,202210,1321.6,9.19,12145.5
1303106,1,202211,1468.9,8.92,13102.59
1303106,1,202212,1713.0,9.72,16650.36
1303106,1,202301,1468.1,11.0,16149.1
1303106,1,202302,1456.6,11.14,16226.52
1303106,1,202303,881.5,13.46,11864.99
1303106,1,202304,812.5,13.25,10765.62
1303106,1,202305,1026.4,12.71,13045.54
1303106,1,202306,1223.4,12.81,15671.75
1303106,1,202307,1209.3,10.55,12758.12
1303106,1,202308,1782.3,10.57,18838.91
1303106,1,202309,1771.2,9.51,16844.11
1303106,1,202310,1640.9,8.79,14423.51
1303106,1,202311,1828.8,9.26,16934.69
1303106,1,202312,1622.3,9.57,15525.41
1303106,1,202401,1224.1,12.32,15080.91
1303106,1,202402,970.0,13.23,12833.1
1303106,1,202403,753.0,14.21,10700.13
1303106,1,202404,753.7,14.72,11094.46
1303106,1,202405,1065.8,13.58,14473.56
1303106,1,202406,1245.2,12.15,15129.18
1303106,1,202407,1717.7,12.45,21385.36
1303106,1,202408,2066.8,10.99,22714.13
1303106,1,202409,1932.2,9.45,18259.29
1303106,1,202410,1496.8,9.57,14324.38
1303106,1,202411,1359.1,10.34,14053.09
1303106,1,202412,1217.2,11.24,13681.33
1303106,2,202201,105.0,37.07,3892.35
1303106,2,202202,81.3,31.88,2591.84
1303106,2,202203,82.3,36.65,3016.29
1303106,2,202204,61.1,38.88,2375.57
1303106,2,202205,70.3,43.7,3072.11
1303106,2,202206,43.6,45.94,2002.98
1303106,2,202207,44.0,49.27,2167.88
1303106,2,202208,56.5,48.02,2713.13
1303106,2,202209,65.5,47.11,3085.7
1303106,2,202210,63.4,43.08,2731.27
1303106,2,202211,64.0,42.46,2717.44
1303106,2,202212,73.8,35.27,2602.93
1303106,2,202301,68.2,36.5,2489.3
1303106,2,202302,78.7,36.88,2902.46
1303106,2,202303,81.6,39.43,3217.49
1303106,2,202304,73.2,38.15,2792.58
1303106,2,202305,82.7,44.33,3666.09
1303106,2,202306,58.4,44.96,2625.66
1303106,2,202307,41.7,50.14,2090.84
1303106,2,202308,43.1,46.66,2011.05
1303106,2,202309,52.2,49.49,2583.38
1303106,2,202310,60.4,45.19,2729.48
1303106,2,202311,70.3,39.81,2798.64
1303106,2,202312,68.0,38.77,2636.36
1303106,2,202401,71.5,40.36,2885.74
1303106,2,202402,77.8,35.07,2728.45
1303106,2,202403,76.5,35.08,2683.62
1303106,2,202404,95.4,40.97,3908.54
1303106,2,202405,87.5,39.93,3493.88
1303106,2,202406,68.6,50.47,3462.24
1303106,2,202407,78.3,52.98,4148.33
1303106,2,202408,77.2,52.6,4060.72
1303106,2,202409,58.4,49.03,2863.35
1303106,2,202410,37.9,50.73,1922.67
1303106,2,202411,44.3,46.44,2057.29
1303106,2,202412,72.5,39.11,2835.48
1303106,3,202201,7.4,90.33,668.44
1303106,3,202202,6.4,81.91,524.22
1303106,3,202203,8.6,81.93,704.6
1303106,3,202204,9.0,93.39,840.51
1303106,3,202205,8.2,80.57,660.67
1303106,3,202206,8.9,74.79,665.63
1303106,3,202207,8.8,74.99,659.91
1303106,3,202208,7.6,81.35,618.26
1303106,3,202209,10.9,79.3,864.37
1303106,3,202210,10.3,83.33,858.3
1303106,3,202211,12.6,83.03,1046.18
1303106,3,202212,8.5,81.07,689.09
1303106,3,202301,9.6,82.83,795.17
1303106,3,202302,7.3,87.53,638.97
1303106,3,202303,12.8,91.12,1166.34
1303106,3,202304,8.7,83.58,727.15
1303106,3,202305,13.4,90.43,1211.76
1303106,3,202306,12.8,79.44,1016.83
1303106,3,202307,12.2,75.15,916.83
1303106,3,202308,13.5,80.93,1092.56
1303106,3,202309,10.7,84.79,907.25
1303106,3,202310,12.4,89.98,1115.75
1303106,3,202311,13.3,79.43,1056.42
1303106,3,202312,11.7,95.22,1114.07
1303106,3,202401,11.7,93.54,1094.42
1303106,3,202402,15.7,90.53,1421.32
1303106,3,202403,15.2,95.89,1457.53
1303106,3,202404,11.8,97.11,1145.9
1303106,3,202405,13.8,81.01,1117.94
1303106,3,202406,12.3,83.64,1028.77
1303106,3,202407,11.2,81.28,910.34
1303106,3,202408,13.1,85.45,1119.4
1303106,3,202409,10.8,89.85,970.38
1303106,3,202410,11.3,85.77,969.2
1303106,3,202411,12.6,86.83,1094.06
1303106,3,202412,16.5,92.79,1531.04
1303205,1,202201,300.5,11.25,3380.62
1303205,1,202202,222.4,13.23,2942.35
1303205,1,202203,217.8,13.67,2977.33
1303205,1,202204,305.5,13.67,4176.19
1303205,1,202205,272.5,13.33,3632.42
1303205,1,202206,288.4,12.51,3607.88
1303205,1,202207,328.4,11.4,3743.76
1303205,1,202208,387.4,10.16,3935.98
1303205,1,202209,481.5,9.06,4362.39
1303205,1,202210,424.4,9.34,3963.9
1303205,1,202211,559.6,9.71,5433.72
1303205,1,202212,479.9,11.14,5346.09
1303205,1,202301,677.3,11.26,7626.4
1303205,1,202302,388.6,13.26,5152.84
1303205,1,202303,448.1,12.46,5583.33
1303205,1,202304,486.1,14.63,7111.64
1303205,1,202305,398.4,12.75,5079.6
1303205,1,202306,392.6,12.2,4789.72
1303205,1,202307,391.1,11.8,4614.98
1303205,1,202308,420.1,10.07,4230.41
1303205,1,202309,529.4,9.14,4838.72
1303205,1,202310,593.5,8.95,5311.82
1303205,1,202311,441.1,9.85,4344.84
1303205,1,202312,674.5,9.91,6684.3
1303205,1,202401,499.1,12.02,5999.18
1303205,1,202402,412.6,13.06,5388.56
1303205,1,202403,318.0,14.84,4719.12
1303205,1,202404,299.5,15.21,4555.4
1303205,1,202405,306.9,12.99,3986.63
1303205,1,202406,367.5,14.03,5156.02
1303205,1,202407,451.5,11.69,5278.04
1303205,1,202408,636.1,10.91,6939.85
1303205,1,202409,721.8,9.41,6792.14
1303205,1,202410,824.8,9.7,8000.56
1303205,1,202411,730.2,11.2,8178.24
1303205,1,202412,642.4,10.85,6970.04
1303205,2,202201,71.5,35.77,2557.56
1303205,2,202202,76.5,36.32,2778.48
1303205,2,202203,56.7,35.32,2002.64
1303205,2,202204,62.7,41.57,2606.44
1303205,2,202205,57.5,39.94,2296.55
1303205,2,202206,50.5,45.72,2308.86
1303205,2,202207,48.5,46.28,2244.58
1303205,2,202208,44.9,49.29,2213.12
1303205,2,202209,50.7,46.87,2376.31
1303205,2,202210,73.4,45.66,3351.44
1303205,2,202211,64.5,45.2,2915.4
1303205,2,202212,89.0,38.01,3382.89
1303205,2,202301,99.4,36.96,3673.82
1303205,2,202302,106.2,36.8,3908.16
1303205,2,202303,97.4,41.19,4011.91
1303205,2,202304,76.3,40.5,3090.15
1303205,2,202305,75.8,46.78,3545.92
1303205,2,202306,73.0,46.86,3420.78
1303205,2,202307,55.4,52.74,2921.8
1303205,2,202308,43.6,51.62,2250.63
1303205,2,202309,51.6,51.09,2636.24
1303205,2,202310,69.3,44.0,3049.2
1303205,2,202311,92.9,40.63,3774.53
1303205,2,202312,120.9,42.92,5189.03
1303205,2,202401,126.9,41.59,5277.77
1303205,2,202402,112.8,43.49,4905.67
1303205,2,202403,104.5,36.62,3826.79
1303205,2,202404,74.5,42.97,3201.26
1303205,2,202405,62.8,43.07,2704.8
1303205,2,202406,60.5,46.96,2841.08
1303205,2,202407,56.1,49.95,2802.2
1303205,2,202408,58.5,53.14,3108.69
1303205,2,202409,48.7,49.55,2413.08
1303205,2,202410,48.9,48.82,2387.3
1303205,2,202411,74.4,47.26,3516.14
1303205,2,202412,75.5,44.37,3349.94
1303205,3,202201,3.7,98.53,364.56
1303205,3,202202,4.7,95.17,447.3
1303205,3,202203,6.1,101.88,621.47
1303205,3,202204,7.4,96.59,714.77
1303205,3,202205,5.7,86.18,491.23
1303205,3,202206,6.9,88.35,609.62
1303205,3,202207,9.2,87.13,801.6
1303205,3,202208,13.0,86.6,1125.8
1303205,3,202209,10.8,86.69,936.25
1303205,3,202210,10.3,89.8,924.94
1303205,3,202211,6.9,91.91,634.18
1303205,3,202212,5.1,89.42,456.04
1303205,3,202301,6.3,96.24,606.31
1303205,3,202302,4.2,97.96,411.43
1303205,3,202303,4.9,98.94,484.81
1303205,3,202304,7.1,95.21,675.99
1303205,3,202305,8.0,98.91,791.28
1303205,3,202306,8.8,86.54,761.55
1303205,3,202307,8.1,81.36,659.02
1303205,3,202308,7.2,97.08,698.98
1303205,3,202309,10.5,85.18,894.39
1303205,3,202310,10.8,95.93,1036.04
1303205,3,202311,10.0,96.49,964.9
1303205,3,202312,8.1,92.71,750.95
1303205,3,202401,6.4,101.57,650.05
1303205,3,202402,7.5,101.59,761.92
1303205,3,202403,6.6,104.09,686.99
1303205,3,202404,6.8,96.35,655.18
1303205,3,202405,7.8,96.35,751.53
1303205,3,202406,8.0,94.11,752.88
1303205,3,202407,10.5,97.37,1022.38
1303205,3,202408,7.3,89.51,653.42
1303205,3,202409,7.4,87.76,649.42
1303205,3,202410,10.6,91.75,972.55
1303205,3,202411,10.2,99.0,1009.8
1303205,3,202412,8.0,91.63,733.04
1303304,1,202201,621.3,10.62,6598.21
1303304,1,202202,408.8,13.15,5375.72
1303304,1,202203,526.3,13.96,7347.15
1303304,1,202204,515.3,12.65,6518.54
1303304,1,202205,429.9,12.76,5485.52
1303304,1,202206,429.4,11.59,4976.75
1303304,1,202207,570.8,10.78,6153.22
1303304,1,202208,858.0,9.64,8271.12
1303304,1,202209,772.0,9.34,7210.48
1303304,1,202210,1058.8,8.23,8713.92
1303304,1,202211,957.3,7.82,7486.09
1303304,1,202212,702.4,8.99,6314.58
1303304,1,202301,575.9,10.75,6190.92
1303304,1,202302,711.3,12.11,8613.84
1303304,1,202303,449.3,13.51,6070.04
1303304,1,202304,396.2,12.98,5142.68
1303304,1,202305,537.2,12.59,6763.35
1303304,1,202306,625.2,11.94,7464.89
1303304,1,202307,631.2,10.71,6760.15
1303304,1,202308,935.5,9.86,9224.03
1303304,1,202309,1224.7,8.99,11010.05
1303304,1,202310,1237.9,9.26,11462.95
1303304,1,202311,976.9,8.82,8616.26
1303304,1,202312,789.8,9.95,7858.51
1303304,1,202401,725.9,11.41,8282.52
1303304,1,202402,481.8,13.5,6504.3
1303304,1,202403,593.0,13.76,8159.68
1303304,1,202404,741.4,14.96,11091.34
1303304,1,202405,646.0,13.09,8456.14
1303304,1,202406,732.3,12.93,9468.64
1303304,1,202407,1013.0,11.4,11548.2
1303304,1,202408,1518.7,9.87,14989.57
1303304,1,202409,1847.5,9.56,17662.1
1303304,1,202410,1116.8,10.11,11290.85
1303304,1,202411,990.7,9.2,9114.44
1303304,1,202412,967.9,10.43,10095.2
1303304,2,202201,116.7,35.95,4195.37
1303304,2,202202,114.3,32.28,3689.6
1303304,2,202203,99.3,37.12,3686.02
1303304,2,202204,103.9,39.61,4115.48
1303304,2,202205,74.9,43.16,3232.68
1303304,2,202206,72.3,45.21,3268.68
1303304,2,202207,56.3,49.72,2799.24
1303304,2,202208,59.7,46.16,2755.75
1303304,2,202209,54.5,50.97,2777.86
1303304,2,202210,62.4,42.89,2676.34
1303304,2,202211,69.2,41.69,2884.95
1303304,2,202212,75.9,40.12,3045.11
1303304,2,202301,93.3,36.9,3442.77
1303304,2,202302,67.8,38.4,2603.52
1303304,2,202303,59.4,37.22,2210.87
1303304,2,202304,81.9,40.49,3316.13
1303304,2,202305,82.3,43.12,3548.78
1303304,2,202306,67.3,45.45,3058.78
1303304,2,202307,79.7,55.02,4385.09
1303304,2,202308,67.6,47.98,3243.45
1303304,2,202309,65.3,43.85,2863.4
1303304,2,202310,66.4,44.93,2983.35
1303304,2,202311,117.0,43.8,5124.6
1303304,2,202312,128.0,39.5,5056.0
1303304,2,202401,140.3,40.99,5750.9
1303304,2,202402,150.2,39.97,6003.49
1303304,2,202403,97.9,38.34,3753.49
1303304,2,202404,88.5,38.07,3369.2
1303304,2,202405,94.0,41.99,3947.06
1303304,2,202406,85.5,48.05,4108.27
1303304,2,202407,118.5,46.78,5543.43
1303304,2,202408,90.0,50.55,4549.5
1303304,2,202409,105.3,54.31,5718.84
1303304,2,202410,121.4,48.96,5943.74
1303304,2,202411,126.1,44.87,5658.11
1303304,2,202412,140.3,39.31,5515.19
1303304,3,202201,16.6,83.83,1391.58
1303304,3,202202,17.8,78.84,1403.35
1303304,3,202203,18.2,74.13,1349.17
1303304,3,202204,16.3,76.86,1252.82
1303304,3,202205,14.5,84.71,1228.29
1303304,3,202206,14.8,70.71,1046.51
1303304,3,202207,13.1,72.39,948.31
1303304,3,202208,16.9,63.74,1077.21
1303304,3,202209,17.6,70.66,1243.62
1303304,3,202210,13.7,72.68,995.72
1303304,3,202211,13.5,77.78,1050.03
1303304,3,202212,16.6,77.55,1287.33
1303304,3,202301,20.8,77.8,1618.24
1303304,3,202302,15.2,81.82,1243.66
1303304,3,202303,23.9,83.09,1985.85
1303304,3,202304,18.5,78.19,1446.52
1303304,3,202305,14.3,76.47,1093.52
1303304,3,202306,23.3,81.39,1896.39
1303304,3,202307,19.0,73.32,1393.08
1303304,3,202308,26.5,76.67,2031.76
1303304,3,202309,21.4,74.98,1604.57
1303304,3,202310,19.6,72.78,1426.49
1303304,3,202311,15.1,78.47,1184.9
1303304,3,202312,20.2,83.39,1684.48
1303304,3,202401,23.5,94.8,2227.8
1303304,3,202402,18.7,84.26,1575.66
1303304,3,202403,18.5,86.54,1600.99
1303304,3,202404,21.7,89.06,1932.6
1303304,3,202405,20.1,87.99,1768.6
1303304,3,202406,27.2,77.58,2110.18
1303304,3,202407,25.3,77.72,1966.32
1303304,3,202408,22.3,82.11,1831.05
1303304,3,202409,16.7,80.36,1342.01
1303304,3,202410,14.4,84.39,1215.22
1303304,3,202411,18.1,87.6,1585.56
1303304,3,202412,19.1,87.49,1671.06
1303403,1,202201,1272.4,11.63,14798.01
1303403,1,202202,1034.0,12.66,13090.44
1303403,1,202203,949.5,13.52,12837.24
1303403,1,202204,938.7,13.75,12907.12
1303403,1,202205,1039.6,13.51,14045.0
1303403,1,202206,947.2,12.68,12010.5
1303403,1,202207,1189.7,10.44,12420.47
1303403,1,202208,1795.2,9.64,17305.73
1303403,1,202209,1685.3,8.71,14678.96
1303403,1,202210,1889.5,9.35,17666.82
1303403,1,202211,2113.2,9.96,21047.47
1303403,1,202212,1687.9,9.0,15191.1
1303403,1,202301,1584.4,12.74,20185.26
1303403,1,202302,1040.0,13.08,13603.2
1303403,1,202303,1220.0,14.65,17873.0
1303403,1,202304,1261.4,14.63,18454.28
1303403,1,202305,1314.1,14.97,19672.08
1303403,1,202306,1807.2,13.16,23782.75
1303403,1,202307,1860.8,11.01,20487.41
1303403,1,202308,1931.4,10.49,20260.39
1303403,1,202309,2897.0,9.89,28651.33
1303403,1,202310,3907.5,9.21,35988.08
1303403,1,202311,2753.6,9.96,27425.86
1303403,1,202312,2245.5,10.51,23600.2
1303403,1,202401,2193.7,11.93,26170.84
1303403,1,202402,1663.5,12.86,21392.61
1303403,1,202403,1556.7,14.24,22167.41
1303403,1,202404,1596.6,15.02,23980.93
1303403,1,202405,1374.4,13.17,18100.85
1303403,1,202406,1659.4,13.06,21671.76
1303403,1,202407,1901.7,11.12,21146.9
1303403,1,202408,1782.9,10.67,19023.54
1303403,1,202409,1831.7,10.67,19544.24
1303403,1,202410,1922.8,9.15,17593.62
1303403,1,202411,2445.3,10.41,25455.57
1303403,1,202412,2575.3,12.68,32654.8
1303403,2,202201,315.0,38.15,12017.25
1303403,2,202202,347.9,35.43,12326.1
1303403,2,202203,382.8,34.04,13030.51
1303403,2,202204,389.9,38.67,15077.43
1303403,2,202205,320.5,39.02,12505.91
1303403,2,202206,290.9,45.89,13349.4
1303403,2,202207,224.9,46.3,10412.87
1303403,2,202208,265.2,49.7,13180.44
1303403,2,202209,215.1,50.26,10810.93
1303403,2,202210,230.6,40.81,9410.79
1303403,2,202211,335.1,40.46,13558.15
1303403,2,202212,324.0,36.05,11680.2
1303403,2,202301,277.6,41.71,11578.7
1303403,2,202302,292.9,35.78,10479.96
1303403,2,202303,397.3,35.06,13929.34
1303403,2,202304,230.1,44.53,10246.35
1303403,2,202305,237.4,41.5,9852.1
1303403,2,202306,201.8,42.66,8608.79
1303403,2,202307,196.2,45.89,9003.62
1303403,2,202308,191.1,49.85,9526.33
1303403,2,202309,251.6,48.74,12262.98
1303403,2,202310,271.1,44.37,12028.71
1303403,2,202311,361.9,42.0,15199.8
1303403,2,202312,476.1,39.91,19001.15
1303403,2,202401,459.1,41.45,19029.7
1303403,2,202402,408.9,38.53,15754.92
1303403,2,202403,413.6,37.72,15600.99
1303403,2,202404,402.1,40.77,16393.62
1303403,2,202405,270.7,46.33,12541.53
1303403,2,202406,261.2,52.13,13616.36
1303403,2,202407,230.7,47.67,10997.47
1303403,2,202408,212.6,54.21,11525.05
1303403,2,202409,203.8,49.59,10106.44
1303403,2,202410,216.3,44.19,9558.3
1303403,2,202411,337.8,40.7,13748.46
1303403,2,202412,347.4,44.09,15316.87
1303403,3,202201,28.3,94.36,2670.39
1303403,3,202202,28.1,85.18,2393.56
1303403,3,202203,29.1,93.59,2723.47
1303403,3,202204,39.1,86.95,3399.75
1303403,3,202205,40.1,86.35,3462.64
1303403,3,202206,41.6,91.17,3792.67
1303403,3,202207,34.7,80.39,2789.53
1303403,3,202208,45.9,76.07,3491.61
1303403,3,202209,37.4,77.32,2891.77
1303403,3,202210,35.0,84.53,2958.55
1303403,3,202211,43.8,86.91,3806.66
1303403,3,202212,45.5,89.33,4064.52
1303403,3,202301,33.9,88.63,3004.56
1303403,3,202302,27.5,105.39,2898.22
1303403,3,202303,29.1,101.7,2959.47
1303403,3,202304,29.0,93.15,2701.35
1303403,3,202305,25.4,83.27,2115.06
1303403,3,202306,27.3,94.34,2575.48
1303403,3,202307,20.1,90.16,1812.22
1303403,3,202308,31.9,84.89,2707.99
1303403,3,202309,40.9,90.44,3699.0
1303403,3,202310,51.2,85.02,4353.02
1303403,3,202311,47.2,85.64,4042.21
1303403,3,202312,38.2,93.27,3562.91
1303403,3,202401,49.6,87.03,4316.69
1303403,3,202402,39.8,89.65,3568.07
1303403,3,202403,31.9,96.65,3083.14
1303403,3,202404,35.6,93.2,3317.92
1303403,3,202405,43.3,83.44,3612.95
1303403,3,202406,39.9,84.97,3390.3
1303403,3,202407,36.8,79.28,2917.5
1303403,3,202408,38.9,82.01,3190.19
1303403,3,202409,45.8,82.27,3767.97
1303403,3,202410,44.5,91.14,4055.73
1303403,3,202411,70.3,88.71,6236.31
1303403,3,202412,55.1,90.98,5013.0
1303502,1,202201,664.0,11.8,7835.2
1303502,1,202202,647.0,12.87,8326.89
1303502,1,202203,417.5,14.87,6208.22
1303502,1,202204,319.4,13.06,4171.36
1303502,1,202205,391.8,13.38,5242.28
1303502,1,202206,524.1,12.32,6456.91
1303502,1,202207,781.5,10.44,8158.86
1303502,1,202208,791.0,10.9,8621.9
1303502,1,202209,936.7,9.27,8683.21
1303502,1,202210,1001.7,9.63,9646.37
1303502,1,202211,919.7,9.72,8939.48
1303502,1,202212,800.4,10.75,8604.3
1303502,1,202301,645.7,11.47,7406.18
1303502,1,202302,610.2,12.48,7615.3
1303502,1,202303,568.6,13.93,7920.6
1303502,1,202304,501.8,14.86,7456.75
1303502,1,202305,613.3,13.83,8481.94
1303502,1,202306,817.4,12.52,10233.85
1303502,1,202307,1007.5,11.05,11132.88
1303502,1,202308,900.3,10.61,9552.18
1303502,1,202309,1059.6,9.34,9896.66
1303502,1,202310,946.8,9.24,8748.43
1303502,1,202311,985.9,9.48,9346.33
1303502,1,202312,764.2,10.27,7848.33
1303502,1,202401,885.0,12.35,10929.75
1303502,1,202402,824.5,13.83,11402.84
1303502,1,202403,826.6,15.87,13118.14
1303502,1,202404,839.1,15.3,12838.23
1303502,1,202405,720.5,15.58,11225.39
1303502,1,202406,707.9,12.91,9138.99
1303502,1,202407,1143.2,11.24,12849.57
1303502,1,202408,1161.7,10.89,12650.91
1303502,1,202409,970.6,10.39,10084.53
1303502,1,202410,1295.9,9.96,12907.16
1303502,1,202411,1226.1,10.58,12972.14
1303502,1,202412,1373.6,9.6,13186.56
1303502,2,202201,97.0,34.59,3355.23
1303502,2,202202,101.0,35.84,3619.84
1303502,2,202203,74.0,40.12,2968.88
1303502,2,202204,90.6,39.38,3567.83
1303502,2,202205,82.8,46.83,3877.52
1303502,2,202206,56.9,43.32,2464.91
1303502,2,202207,61.3,51.43,3152.66
1303502,2,202208,49.3,47.88,2360.48
1303502,2,202209,64.9,46.24,3000.98
1303502,2,202210,61.3,46.18,2830.83
1303502,2,202211,82.1,41.37,3396.48
1303502,2,202212,86.2,38.32,3303.18
1303502,2,202301,66.4,38.59,2562.38
1303502,2,202302,101.9,33.61,3424.86
1303502,2,202303,126.4,36.19,4574.42
1303502,2,202304,101.1,41.51,4196.66
1303502,2,202305,95.3,45.49,4335.2
1303502,2,202306,90.2,47.37,4272.77
1303502,2,202307,86.5,49.59,4289.54
1303502,2,202308,108.3,50.79,5500.56
1303502,2,202309,103.4,51.31,5305.45
1303502,2,202310,94.1,43.33,4077.35
1303502,2,202311,110.1,42.2,4646.22
1303502,2,202312,109.2,39.89,4355.99
1303502,2,202401,99.0,39.45,3905.55
1303502,2,202402,137.7,34.35,4730.0
1303502,2,202403,141.0,36.69,5173.29
1303502,2,202404,86.6,41.5,3593.9
1303502,2,202405,74.6,47.23,3523.36
1303502,2,202406,84.3,47.27,3984.86
1303502,2,202407,58.9,49.07,2890.22
1303502,2,202408,56.2,53.02,2979.72
1303502,2,202409,106.7,49.91,5325.4
1303502,2,202410,98.5,50.44,4968.34
1303502,2,202411,130.0,44.41,5773.3
1303502,2,202412,174.4,39.28,6850.43
1303502,3,202201,5.1,95.43,486.69
1303502,3,202202,5.6,87.72,491.23
1303502,3,202203,6.8,89.6,609.28
1303502,3,202204,7.5,96.94,727.05
1303502,3,202205,8.8,85.02,748.18
1303502,3,202206,10.1,92.24,931.62
1303502,3,202207,14.3,81.91,1171.31
1303502,3,202208,9.7,82.11,796.47
1303502,3,202209,9.5,86.74,824.03
1303502,3,202210,9.4,87.44,821.94
1303502,3,202211,8.1,88.4,716.04
1303502,3,202212,6.8,88.29,600.37
1303502,3,202301,7.5,88.81,666.08
1303502,3,202302,7.9,89.71,708.71
1303502,3,202303,6.4,102.49,655.94
1303502,3,202304,5.1,102.3,521.73
1303502,3,202305,5.8,91.83,532.61
1303502,3,202306,6.2,80.99,502.14
1303502,3,202307,8.2,83.22,682.4
1303502,3,202308,7.3,82.31,600.86
1303502,3,202309,7.6,84.12,639.31
1303502,3,202310,5.8,84.67,491.09
1303502,3,202311,4.9,93.64,458.84
1303502,3,202312,5.1,95.14,485.21
1303502,3,202401,5.6,107.86,604.02
1303502,3,202402,5.4,98.49,531.85
1303502,3,202403,6.5,100.67,654.36
1303502,3,202404,5.3,101.27,536.73
1303502,3,202405,6.4,99.71,638.14
1303502,3,202406,7.3,86.4,630.72
1303502,3,202407,6.4,91.66,586.62
1303502,3,202408,7.9,89.71,708.71
1303502,3,202409,5.7,91.19,519.78
1303502,3,202410,6.0,92.17,553.02
1303502,3,202411,7.8,103.21,805.04
1303502,3,202412,5.2,93.33,485.32
1303536,1,202201,1178.3,11.38,13409.05
1303536,1,202202,734.3,12.34,9061.26
1303536,1,202203,813.9,13.05,10621.4
1303536,1,202204,808.8,13.51,10926.89
1303536,1,202205,903.8,13.37,12083.81
1303536,1,202206,1195.2,12.49,14928.05
1303536,1,202207,1409.7,10.52,14830.04
1303536,1,202208,1187.1,10.27,12191.52
1303536,1,202209,1394.6,9.09,12676.91
1303536,1,202210,1145.1,8.48,9710.45
1303536,1,202211,1421.7,9.08,12909.04
1303536,1,202212,1679.0,9.99,16773.21
1303536,1,202301,1052.4,12.02,12649.85
1303536,1,202302,820.6,11.94,9797.96
1303536,1,202303,666.0,14.38,9577.08
1303536,1,202304,655.2,13.79,9035.21
1303536,1,202305,818.6,13.12,10740.03
1303536,1,202306,888.0,12.25,10878.0
1303536,1,202307,1254.8,10.83,13589.48
1303536,1,202308,1786.8,9.34,16688.71
1303536,1,202309,2279.3,9.64,21972.45
1303536,1,202310,1719.4,9.93,17073.64
1303536,1,202311,2117.5,8.59,18189.32
1303536,1,202312,2206.3,9.72,21445.24
1303536,1,202401,2098.4,12.25,25705.4
1303536,1,202402,1392.7,13.01,18119.03
1303536,1,202403,957.8,14.54,13926.41
1303536,1,202404,757.4,14.2,10755.08
1303536,1,202405,695.4,13.54,9415.72
1303536,1,202406,893.7,12.89,11519.79
1303536,1,202407,1334.3,10.47,13970.12
1303536,1,202408,1980.1,9.97,19741.6
1303536,1,202409,1863.0,10.12,18853.56
1303536,1,202410,1892.2,9.89,18713.86
1303536,1,202411,1754.0,10.36,18171.44
1303536,1,202412,1380.6,10.79,14896.67
1303536,2,202201,165.7,36.96,6124.27
1303536,2,202202,132.5,37.7,4995.25
1303536,2,202203,140.3,35.44,4972.23
1303536,2,202204,118.9,36.2,4304.18
1303536,2,202205,119.2,45.37,5408.1
1303536,2,202206,86.9,49.7,4318.93
1303536,2,202207,97.0,49.82,4832.54
1303536,2,202208,112.5,49.55,5574.38
1303536,2,202209,88.3,46.42,4098.89
1303536,2,202210,98.6,50.07,4936.9
1303536,2,202211,139.2,45.03,6268.18
1303536,2,202212,121.0,41.24,4990.04
1303536,2,202301,121.9,39.59,4826.02
1303536,2,202302,151.3,37.79,5717.63
1303536,2,202303,141.0,37.46,5281.86
1303536,2,202304,97.7,42.63,4164.95
1303536,2,202305,91.8,44.3,4066.74
1303536,2,202306,122.2,47.9,5853.38
1303536,2,202307,151.3,56.04,8478.85
1303536,2,202308,108.3,52.21,5654.34
1303536,2,202309,89.1,45.49,4053.16
1303536,2,202310,92.5,47.63,4405.78
1303536,2,202311,152.8,43.29,6614.71
1303536,2,202312,182.8,41.81,7642.87
1303536,2,202401,231.9,38.3,8881.77
1303536,2,202402,241.2,41.05,9901.26
1303536,2,202403,154.5,40.52,6260.34
1303536,2,202404,117.9,42.69,5033.15
1303536,2,202405,97.9,47.62,4662.0
1303536,2,202406,86.2,50.61,4362.58
1303536,2,202407,76.4,53.04,4052.26
1303536,2,202408,74.3,53.75,3993.62
1303536,2,202409,95.9,53.35,5116.27
1303536,2,202410,109.8,51.69,5675.56
1303536,2,202411,155.5,47.78,7429.79
1303536,2,202412,169.5,46.25,7839.38
1303536,3,202201,7.2,88.39,636.41
1303536,3,202202,7.2,92.79,668.09
1303536,3,202203,8.2,99.93,819.43
1303536,3,202204,7.9,90.13,712.03
1303536,3,202205,10.4,93.76,975.1
1303536,3,202206,10.5,85.53,898.06
1303536,3,202207,10.4,88.46,919.98
1303536,3,202208,8.3,86.43,717.37
1303536,3,202209,12.5,84.27,1053.38
1303536,3,202210,11.1,90.38,1003.22
1303536,3,202211,13.6,80.79,1098.74
1303536,3,202212,10.1,87.8,886.78
1303536,3,202301,10.8,96.21,1039.07
1303536,3,202302,8.9,105.21,936.37
1303536,3,202303,12.5,91.6,1145.0
1303536,3,202304,13.9,96.24,1337.74
1303536,3,202305,14.5,95.1,1378.95
1303536,3,202306,11.4,91.92,1047.89
1303536,3,202307,16.1,88.3,1421.63
1303536,3,202308,20.1,85.3,1714.53
1303536,3,202309,14.5,87.65,1270.93
1303536,3,202310,12.9,95.33,1229.76
1303536,3,202311,13.4,90.43,1211.76
1303536,3,202312,8.0,86.54,692.32
1303536,3,202401,10.2,104.66,1067.53
1303536,3,202402,11.7,111.03,1299.05
1303536,3,202403,9.7,97.02,941.09
1303536,3,202404,6.7,107.16,717.97
1303536,3,202405,8.7,99.76,867.91
1303536,3,202406,8.0,88.99,711.92
1303536,3,202407,7.1,88.96,631.62
1303536,3,202408,9.3,88.02,818.59
1303536,3,202409,12.7,92.93,1180.21
1303536,3,202410,11.3,93.43,1055.76
1303536,3,202411,13.2,102.72,1355.9
1303536,3,202412,13.0,104.46,1357.98
1303569,1,202201,336.4,11.91,4006.52
1303569,1,202202,376.8,12.78,4815.5
1303569,1,202203,416.5,12.88,5364.52
1303569,1,202204,435.6,13.59,5919.8
1303569,1,202205,362.4,14.05,5091.72
1303569,1,202206,296.2,12.38,3666.96
1303569,1,202207,364.3,11.86,4320.6
1303569,1,202208,447.5,11.42,5110.45
1303569,1,202209,686.0,9.66,6626.76
1303569,1,202210,677.4,8.6,5825.64
1303569,1,202211,601.4,9.18,5520.85
1303569,1,202212,512.7,10.33,5296.19
1303569,1,202301,452.2,11.93,5394.75
1303569,1,202302,406.1,13.52,5490.47
1303569,1,202303,292.2,14.58,4260.28
1303569,1,202304,233.1,16.02,3734.26
1303569,1,202305,340.3,14.35,4883.3
1303569,1,202306,274.9,12.67,3482.98
1303569,1,202307,482.1,12.87,6204.63
1303569,1,202308,383.1,11.58,4436.3
1303569,1,202309,434.3,10.05,4364.72
1303569,1,202310,602.4,9.48,5710.75
1303569,1,202311,571.9,10.25,5861.98
1303569,1,202312,396.4,10.75,4261.3
1303569,1,202401,407.6,11.28,4597.73
1303569,1,202402,356.3,14.21,5063.02
1303569,1,202403,305.7,15.45,4723.06
1303569,1,202404,267.4,16.26,4347.92
1303569,1,202405,296.3,14.24,4219.31
1303569,1,202406,316.1,13.97,4415.92
1303569,1,202407,625.0,12.66,7912.5
1303569,1,202408,624.5,11.24,7019.38
1303569,1,202409,624.6,10.29,6427.13
1303569,1,202410,589.2,9.89,5827.19
1303569,1,202411,802.4,10.34,8296.82
1303569,1,202412,473.3,11.61,5495.01
1303569,2,202201,82.3,35.55,2925.76
1303569,2,202202,130.4,40.6,5294.24
1303569,2,202203,104.4,39.93,4168.69
1303569,2,202204,85.7,39.01,3343.16
1303569,2,202205,56.7,42.75,2423.93
1303569,2,202206,46.5,42.17,1960.9
1303569,2,202207,45.4,50.11,2274.99
1303569,2,202208,51.4,46.51,2390.61
1303569,2,202209,59.8,50.59,3025.28
1303569,2,202210,66.4,49.01,3254.26
1303569,2,202211,82.8,43.16,3573.65
1303569,2,202212,72.0,37.99,2735.28
1303569,2,202301,88.1,41.72,3675.53
1303569,2,202302,89.5,38.29,3426.96
1303569,2,202303,87.5,39.37,3444.88
1303569,2,202304,73.7,39.77,2931.05
1303569,2,202305,55.9,45.48,2542.33
1303569,2,202306,43.0,47.93,2060.99
1303569,2,202307,47.7,47.62,2271.47
1303569,2,202308,53.7,55.39,2974.44
1303569,2,202309,54.4,55.57,3023.01
1303569,2,202310,60.2,50.95,3067.19
1303569,2,202311,60.6,47.04,2850.62
1303569,2,202312,79.7,45.51,3627.15
1303569,2,202401,89.0,38.55,3430.95
1303569,2,202402,86.0,37.64,3237.04
1303569,2,202403,99.9,39.79,3975.02
1303569,2,202404,97.9,43.83,4290.96
1303569,2,202405,61.0,46.01,2806.61
1303569,2,202406,58.2,47.69,2775.56
1303569,2,202407,46.5,52.77,2453.81
1303569,2,202408,50.7,53.44,2709.41
1303569,2,202409,31.2,55.02,1716.62
1303569,2,202410,45.8,50.3,2303.74
1303569,2,202411,68.0,42.45,2886.6
1303569,2,202412,78.3,44.03,3447.55
1303569,3,202201,4.8,92.43,443.66
1303569,3,202202,5.9,96.18,567.46
1303569,3,202203,5.6,103.37,578.87
1303569,3,202204,5.9,94.72,558.85
1303569,3,202205,7.2,86.42,622.22
1303569,3,202206,8.7,83.36,725.23
1303569,3,202207,6.8,89.63,609.48
1303569,3,202208,4.8,83.28,399.74
1303569,3,202209,5.7,80.23,457.31
1303569,3,202210,5.3,91.84,486.75
1303569,3,202211,5.9,91.4,539.26
1303569,3,202212,5.9,87.33,515.25
1303569,3,202301,5.1,92.08,469.61
1303569,3,202302,8.1,89.03,721.14
1303569,3,202303,7.6,95.45,725.42
1303569,3,202304,6.7,97.89,655.86
1303569,3,202305,7.3,98.21,716.93
1303569,3,202306,8.4,92.74,779.02
1303569,3,202307,7.5,83.13,623.47
1303569,3,202308,11.9,86.74,1032.21
1303569,3,202309,7.7,95.31,733.89
1303569,3,202310,5.8,88.5,513.3
1303569,3,202311,4.7,97.27,457.17
1303569,3,202312,5.4,99.57,537.68
1303569,3,202401,6.3,106.21,669.12
1303569,3,202402,6.1,105.28,642.21
1303569,3,202403,7.1,106.19,753.95
1303569,3,202404,7.9,92.97,734.46
1303569,3,202405,7.6,104.85,796.86
1303569,3,202406,8.6,86.14,740.8
1303569,3,202407,8.4,93.6,786.24
1303569,3,202408,8.0,91.15,729.2
1303569,3,202409,7.4,89.31,660.89
1303569,3,202410,7.9,89.8,709.42
1303569,3,202411,9.5,99.91,949.14
1303569,3,202412,6.8,104.21,708.63
1303601,1,202201,474.1,10.88,5158.21
1303601,1,202202,409.1,12.66,5179.21
1303601,1,202203,350.4,12.58,4408.03
1303601,1,202204,321.2,13.31,4275.17
1303601,1,202205,272.4,11.81,3217.04
1303601,1,202206,367.1,13.08,4801.67
1303601,1,202207,526.4,11.07,5827.25
1303601,1,202208,626.4,10.33,6470.71
1303601,1,202209,731.7,9.36,6848.71
1303601,1,202210,843.2,9.07,7647.82
1303601,1,202211,1020.1,9.13,9313.51
1303601,1,202212,745.5,10.19,7596.64
1303601,1,202301,513.0,10.89,5586.57
1303601,1,202302,452.4,11.91,5388.08
1303601,1,202303,585.8,13.44,7873.15
1303601,1,202304,408.2,13.36,5453.55
1303601,1,202305,491.5,14.5,7126.75
1303601,1,202306,666.6,12.86,8572.48
1303601,1,202307,468.9,11.02,5167.28
1303601,1,202308,672.3,10.09,6783.51
1303601,1,202309,885.8,9.41,8335.38
1303601,1,202310,868.6,9.0,7817.4
1303601,1,202311,745.1,9.48,7063.55
1303601,1,202312,622.2,10.26,6383.77
1303601,1,202401,534.0,11.05,5900.7
1303601,1,202402,455.9,11.75,5356.82
1303601,1,202403,392.3,13.74,5390.2
1303601,1,202404,379.9,14.74,5599.73
1303601,1,202405,530.4,13.75,7293.0
1303601,1,202406,465.2,13.92,6475.58
1303601,1,202407,431.6,11.82,5101.51
1303601,1,202408,754.6,11.35,8564.71
1303601,1,202409,840.8,10.27,8635.02
1303601,1,202410,841.9,9.86,8301.13
1303601,1,202411,823.0,9.12,7505.76
1303601,1,202412,779.5,10.61,8270.49
1303601,2,202201,65.2,37.71,2458.69
1303601,2,202202,80.7,36.35,2933.44
1303601,2,202203,66.6,37.24,2480.18
1303601,2,202204,67.1,40.57,2722.25
1303601,2,202205,49.7,47.01,2336.4
1303601,2,202206,43.3,46.67,2020.81
1303601,2,202207,39.3,53.59,2106.09
1303601,2,202208,43.1,55.41,2388.17
1303601,2,202209,38.2,51.58,1970.36
1303601,2,202210,34.0,51.44,1748.96
1303601,2,202211,48.3,42.04,2030.53
1303601,2,202212,62.3,40.48,2521.9
1303601,2,202301,69.8,41.11,2869.48
1303601,2,202302,84.9,40.23,3415.53
1303601,2,202303,73.9,43.74,3232.39
1303601,2,202304,69.2,41.18,2849.66
1303601,2,202305,55.5,45.56,2528.58
1303601,2,202306,47.0,50.1,2354.7
1303601,2,202307,46.8,51.53,2411.6
1303601,2,202308,67.5,51.09,3448.58
1303601,2,202309,67.5,51.63,3485.02
1303601,2,202310,70.2,49.7,3488.94
1303601,2,202311,80.3,50.31,4039.89
1303601,2,202312,52.3,41.14,2151.62
1303601,2,202401,66.6,44.05,2933.73
1303601,2,202402,83.9,44.02,3693.28
1303601,2,202403,78.8,41.22,3248.14
1303601,2,202404,69.2,45.54,3151.37
1303601,2,202405,50.9,50.02,2546.02
1303601,2,202406,44.2,53.33,2357.19
1303601,2,202407,37.2,55.14,2051.21
1303601,2,202408,47.7,54.02,2576.75
1303601,2,202409,64.2,56.76,3643.99
1303601,2,202410,89.1,51.28,4569.05
1303601,2,202411,70.6,48.67,3436.1
1303601,2,202412,66.8,45.35,3029.38
1303601,3,202201,4.9,87.7,429.73
1303601,3,202202,6.2,100.16,620.99
1303601,3,202203,5.4,89.07,480.98
1303601,3,202204,5.5,99.23,545.76
1303601,3,202205,5.5,89.93,494.62
1303601,3,202206,9.2,81.91,753.57
1303601,3,202207,7.0,88.9,622.3
1303601,3,202208,7.9,86.83,685.96
1303601,3,202209,5.3,76.73,406.67
1303601,3,202210,4.6,87.02,400.29
1303601,3,202211,4.7,91.35,429.34
1303601,3,202212,4.8,93.82,450.34
1303601,3,202301,4.7,97.56,458.53
1303601,3,202302,4.8,102.98,494.3
1303601,3,202303,4.5,101.3,455.85
1303601,3,202304,6.4,96.56,617.98
1303601,3,202305,5.4,92.5,499.5
1303601,3,202306,6.8,91.47,622.0
1303601,3,202307,7.7,86.1,662.97
1303601,3,202308,6.2,83.6,518.32
1303601,3,202309,5.9,83.89,494.95
1303601,3,202310,6.0,90.34,542.04
1303601,3,202311,8.0,89.67,717.36
1303601,3,202312,6.4,95.65,612.16
1303601,3,202401,11.5,109.28,1256.72
1303601,3,202402,9.9,101.97,1009.5
1303601,3,202403,8.5,102.96,875.16
1303601,3,202404,8.9,98.98,880.92
1303601,3,202405,5.9,103.76,612.18
1303601,3,202406,7.9,102.43,809.2
1303601,3,202407,6.0,90.01,540.06
1303601,3,202408,7.6,94.75,720.1
1303601,3,202409,6.6,102.31,675.25
1303601,3,202410,5.6,88.97,498.23
1303601,3,202411,8.0,102.08,816.64
1303601,3,202412,6.9,91.77,633.21
1303700,1,202201,1022.3,11.5,11756.45
1303700,1,202202,933.7,12.11,11307.11
1303700,1,202203,610.1,13.05,7961.8
1303700,1,202204,884.7,14.09,12465.42
1303700,1,202205,732.9,13.71,10048.06
1303700,1,202206,583.6,12.25,7149.1
1303700,1,202207,756.1,10.92,8256.61
1303700,1,202208,650.5,10.84,7051.42
1303700,1,202209,778.7,9.42,7335.35
1303700,1,202210,1624.6,8.66,14069.04
1303700,1,202211,1383.0,8.85,12239.55
1303700,1,202212,942.4,10.53,9923.47
1303700,1,202301,883.1,11.69,10323.44
1303700,1,202302,671.8,12.74,8558.73
1303700,1,202303,766.3,13.82,10590.27
1303700,1,202304,624.2,14.31,8932.3
1303700,1,202305,734.4,13.7,10061.28
1303700,1,202306,694.3,13.64,9470.25
1303700,1,202307,1455.9,12.38,18024.04
1303700,1,202308,1672.6,10.69,17880.09
1303700,1,202309,1658.0,10.19,16895.02
1303700,1,202310,1561.2,9.19,14347.43
1303700,1,202311,1335.2,9.85,13151.72
1303700,1,202312,1061.5,10.94,11612.81
1303700,1,202401,823.7,12.77,10518.65
1303700,1,202402,1039.0,14.03,14577.17
1303700,1,202403,782.4,14.8,11579.52
1303700,1,202404,512.8,16.19,8302.23
1303700,1,202405,511.1,13.96,7134.96
1303700,1,202406,823.1,13.3,10947.23
1303700,1,202407,978.9,12.0,11746.8
1303700,1,202408,1191.9,10.66,12705.65
1303700,1,202409,1738.8,8.99,15631.81
1303700,1,202410,1493.4,10.27,15337.22
1303700,1,202411,1632.5,9.43,15394.48
1303700,1,202412,1235.1,10.95,13524.34
1303700,2,202201,186.0,36.89,6861.54
1303700,2,202202,147.2,34.0,5004.8
1303700,2,202203,140.0,35.59,4982.6
1303700,2,202204,96.1,41.74,4011.21
1303700,2,202205,122.1,39.16,4781.44
1303700,2,202206,103.7,49.81,5165.3
1303700,2,202207,87.1,48.28,4205.19
1303700,2,202208,85.5,46.71,3993.7
1303700,2,202209,90.2,47.14,4252.03
1303700,2,202210,86.2,43.19,3722.98
1303700,2,202211,127.3,40.45,5149.28
1303700,2,202212,153.6,38.6,5928.96
1303700,2,202301,179.6,37.01,6647.0
1303700,2,202302,148.6,35.08,5212.89
1303700,2,202303,124.7,37.21,4640.09
1303700,2,202304,117.0,37.45,4381.65
1303700,2,202305,124.0,40.57,5030.68
1303700,2,202306,116.0,43.6,5057.6
1303700,2,202307,87.2,53.11,4631.19
1303700,2,202308,97.5,50.74,4947.15
1303700,2,202309,82.0,50.33,4127.06
1303700,2,202310,84.1,46.51,3911.49
1303700,2,202311,106.3,44.35,4714.4
1303700,2,202312,101.5,42.42,4305.63
1303700,2,202401,104.0,39.92,4151.68
1303700,2,202402,163.0,41.47,6759.61
1303700,2,202403,196.0,39.04,7651.84
1303700,2,202404,241.1,42.84,10328.72
1303700,2,202405,183.1,46.56,8525.14
1303700,2,202406,153.1,46.12,7060.97
1303700,2,202407,117.4,50.9,5975.66
1303700,2,202408,98.9,47.15,4663.14
1303700,2,202409,117.5,50.46,5929.05
1303700,2,202410,153.0,47.65,7290.45
1303700,2,202411,173.8,44.2,7681.96
1303700,2,202412,147.4,40.74,6005.08
1303700,3,202201,10.2,86.56,882.91
1303700,3,202202,7.5,90.28,677.1
1303700,3,202203,10.5,93.48,981.54
1303700,3,202204,11.3,90.0,1017.0
1303700,3,202205,9.9,87.33,864.57
1303700,3,202206,11.8,77.95,919.81
1303700,3,202207,14.7,79.85,1173.79
1303700,3,202208,10.3,81.33,837.7
1303700,3,202209,6.3,88.32,556.42
1303700,3,202210,8.1,77.41,627.02
1303700,3,202211,8.0,83.26,666.08
1303700,3,202212,11.3,82.17,928.52
1303700,3,202301,10.3,97.55,1004.76
1303700,3,202302,11.0,102.62,1128.82
1303700,3,202303,10.8,97.72,1055.38
1303700,3,202304,8.6,96.72,831.79
1303700,3,202305,10.2,86.64,883.73
1303700,3,202306,9.1,90.15,820.36
1303700,3,202307,8.5,83.22,707.37
1303700,3,202308,8.5,86.02,731.17
1303700,3,202309,8.2,88.69,727.26
1303700,3,202310,9.3,87.21,811.05
1303700,3,202311,9.5,95.05,902.98
1303700,3,202312,10.6,93.2,987.92
1303700,3,202401,8.1,101.04,818.42
1303700,3,202402,8.8,110.38,971.34
1303700,3,202403,9.1,102.17,929.75
1303700,3,202404,10.9,94.0,1024.6
1303700,3,202405,12.5,92.49,1156.12
1303700,3,202406,13.7,96.0,1315.2
1303700,3,202407,11.9,94.63,1126.1
1303700,3,202408,13.0,88.89,1155.57
1303700,3,202409,12.2,83.22,1015.28
1303700,3,202410,15.9,87.64,1393.48
1303700,3,202411,14.6,95.6,1395.76
1303700,3,202412,13.5,100.46,1356.21
1303809,1,202201,1110.3,10.31,11447.19
1303809,1,202202,777.1,11.61,9022.13
1303809,1,202203,576.4,12.17,7014.79
1303809,1,202204,631.9,13.34,8429.55
1303809,1,202205,613.7,12.1,7425.77
1303809,1,202206,682.9,11.8,8058.22
1303809,1,202207,920.1,10.46,9624.25
1303809,1,202208,1323.6,10.65,14096.34
1303809,1,202209,1261.2,8.61,10858.93
1303809,1,202210,1154.4,8.19,9454.54
1303809,1,202211,1221.2,9.16,11186.19
1303809,1,202212,1256.2,10.76,13516.71
1303809,1,202301,1370.2,11.43,15661.39
1303809,1,202302,854.3,12.68,10832.52
1303809,1,202303,721.3,14.49,10451.64
1303809,1,202304,880.0,14.53,12786.4
1303809,1,202305,1235.9,13.88,17154.29
1303809,1,202306,983.4,12.34,12135.16
1303809,1,202307,991.7,11.76,11662.39
1303809,1,202308,1310.0,9.61,12589.1
1303809,1,202309,1335.3,9.11,12164.58
1303809,1,202310,1270.9,9.75,12391.28
1303809,1,202311,1373.5,10.04,13789.94
1303809,1,202312,1649.6,10.51,17337.3
1303809,1,202401,982.2,10.9,10705.98
1303809,1,202402,1125.7,12.49,14059.99
1303809,1,202403,823.4,13.72,11297.05
1303809,1,202404,831.4,14.41,11980.47
1303809,1,202405,1129.7,13.33,15058.9
1303809,1,202406,1196.9,13.11,15691.36
1303809,1,202407,1224.0,13.12,16058.88
1303809,1,202408,1600.0,10.97,17552.0
1303809,1,202409,1640.7,9.93,16292.15
1303809,1,202410,1834.7,9.02,16548.99
1303809,1,202411,1599.8,9.05,14478.19
1303809,1,202412,1618.1,10.11,16358.99
1303809,2,202201,134.4,37.98,5104.51
1303809,2,202202,207.9,35.22,7322.24
1303809,2,202203,203.2,39.43,8012.18
1303809,2,202204,146.1,43.39,6339.28
1303809,2,202205,145.3,44.37,6446.96
1303809,2,202206,146.9,49.13,7217.2
1303809,2,202207,130.2,56.53,7360.21
1303809,2,202208,96.7,52.28,5055.48
1303809,2,202209,153.3,59.02,9047.77
1303809,2,202210,163.2,51.53,8409.7
1303809,2,202211,129.5,45.12,5843.04
1303809,2,202212,154.4,42.24,6521.86
1303809,2,202301,161.7,40.08,6480.94
1303809,2,202302,169.7,40.28,6835.52
1303809,2,202303,133.7,41.88,5599.36
1303809,2,202304,135.3,42.42,5739.43
1303809,2,202305,108.5,43.68,4739.28
1303809,2,202306,98.7,53.75,5305.12
1303809,2,202307,105.0,55.52,5829.6
1303809,2,202308,95.4,50.14,4783.36
1303809,2,202309,98.4,53.33,5247.67
1303809,2,202310,131.8,52.96,6980.13
1303809,2,202311,124.0,49.01,6077.24
1303809,2,202312,131.5,41.81,5498.02
1303809,2,202401,138.0,43.19,5960.22
1303809,2,202402,141.4,40.2,5684.28
1303809,2,202403,161.7,41.93,6780.08
1303809,2,202404,179.2,41.75,7481.6
1303809,2,202405,137.2,38.2,5241.04
1303809,2,202406,143.7,48.87,7022.62
1303809,2,202407,132.9,54.86,7290.89
1303809,2,202408,99.3,53.8,5342.34
1303809,2,202409,116.6,55.17,6432.82
1303809,2,202410,166.0,53.7,8914.2
1303809,2,202411,126.5,46.49,5880.98
1303809,2,202412,228.2,42.79,9764.68
1303809,3,202201,13.4,95.7,1282.38
1303809,3,202202,17.9,99.17,1775.14
1303809,3,202203,24.2,91.29,2209.22
1303809,3,202204,15.0,99.61,1494.15
1303809,3,202205,17.8,91.57,1629.95
1303809,3,202206,23.2,91.26,2117.23
1303809,3,202207,18.5,83.47,1544.2
1303809,3,202208,19.0,86.94,1651.86
1303809,3,202209,22.8,87.28,1989.98
1303809,3,202210,20.4,93.95,1916.58
1303809,3,202211,19.1,92.99,1776.11
1303809,3,202212,20.1,96.74,1944.47
1303809,3,202301,16.0,95.89,1534.24
1303809,3,202302,14.4,105.33,1516.75
1303809,3,202303,18.2,92.38,1681.32
1303809,3,202304,23.6,93.68,2210.85
1303809,3,202305,25.7,94.93,2439.7
1303809,3,202306,32.8,85.71,2811.29
1303809,3,202307,32.4,84.73,2745.25
1303809,3,202308,41.2,84.02,3461.62
1303809,3,202309,33.9,90.43,3065.58
1303809,3,202310,30.4,90.07,2738.13
1303809,3,202311,28.4,98.22,2789.45
1303809,3,202312,22.3,105.91,2361.79
1303809,3,202401,21.7,99.49,2158.93
1303809,3,202402,19.2,96.4,1850.88
1303809,3,202403,19.5,99.98,1949.61
1303809,3,202404,32.5,91.89,2986.42
1303809,3,202405,43.6,93.01,4055.24
1303809,3,202406,36.0,102.36,3684.96
1303809,3,202407,31.9,87.56,2793.16
1303809,3,202408,21.5,89.04,1914.36
1303809,3,202409,20.6,87.74,1807.44
1303809,3,202410,20.1,88.67,1782.27
1303809,3,202411,20.7,95.57,1978.3
1303809,3,202412,20.1,90.19,1812.82
1303908,1,202201,602.5,12.04,7254.1
1303908,1,202202,541.3,11.7,6333.21
1303908,1,202203,389.7,12.36,4816.69
1303908,1,202204,403.5,13.64,5503.74
1303908,1,202205,564.3,12.86,7256.9
1303908,1,202206,834.2,11.77,9818.53
1303908,1,202207,941.1,10.99,10342.69
1303908,1,202208,916.9,9.78,8967.28
1303908,1,202209,1090.5,9.29,10130.74
1303908,1,202210,1313.7,8.69,11416.05
1303908,1,202211,745.7,9.04,6741.13
1303908,1,202212,901.8,10.15,9153.27
1303908,1,202301,617.7,12.54,7745.96
1303908,1,202302,469.2,14.17,6648.56
1303908,1,202303,402.2,14.19,5707.22
1303908,1,202304,427.4,14.58,6231.49
1303908,1,202305,369.9,13.96,5163.8
1303908,1,202306,435.7,13.49,5877.59
1303908,1,202307,614.5,12.15,7466.18
1303908,1,202308,767.8,11.4,8752.92
1303908,1,202309,926.3,8.87,8216.28
1303908,1,202310,887.7,9.3,8255.61
1303908,1,202311,965.8,9.92,9580.74
1303908,1,202312,982.8,10.65,10466.82
1303908,1,202401,892.2,11.81,10536.88
1303908,1,202402,709.8,12.81,9092.54
1303908,1,202403,664.0,15.23,10112.72
1303908,1,202404,650.5,14.42,9380.21
1303908,1,202405,960.1,13.4,12865.34
1303908,1,202406,1032.5,14.27,14733.78
1303908,1,202407,942.0,12.66,11925.72
1303908,1,202408,825.9,11.01,9093.16
1303908,1,202409,879.5,9.67,8504.76
1303908,1,202410,876.7,9.72,8521.52
1303908,1,202411,946.3,10.76,10182.19
1303908,1,202412,722.0,10.22,7378.84
1303908,2,202201,63.6,36.53,2323.31
1303908,2,202202,58.0,34.95,2027.1
1303908,2,202203,73.3,35.34,2590.42
1303908,2,202204,67.2,40.45,2718.24
1303908,2,202205,57.3,42.08,2411.18
1303908,2,202206,48.6,44.5,2162.7
1303908,2,202207,42.4,46.87,1987.29
1303908,2,202208,54.3,49.37,2680.79
1303908,2,202209,57.3,44.91,2573.34
1303908,2,202210,74.9,42.32,3169.77
1303908,2,202211,53.3,40.66,2167.18
1303908,2,202212,74.6,35.88,2676.65
1303908,2,202301,78.6,36.95,2904.27
1303908,2,202302,81.8,36.35,2973.43
1303908,2,202303,106.7,36.9,3937.23
1303908,2,202304,85.3,38.66,3297.7
1303908,2,202305,81.6,46.23,3772.37
1303908,2,202306,57.7,47.95,2766.72
1303908,2,202307,55.8,47.86,2670.59
1303908,2,202308,41.8,49.17,2055.31
1303908,2,202309,48.9,51.51,2518.84
1303908,2,202310,62.7,44.43,2785.76
1303908,2,202311,88.9,40.55,3604.9
1303908,2,202312,81.7,39.82,3253.29
1303908,2,202401,81.2,39.63,3217.96
1303908,2,202402,78.9,38.86,3066.05
1303908,2,202403,78.9,40.46,3192.29
1303908,2,202404,64.8,39.79,2578.39
1303908,2,202405,43.4,41.58,1804.57
1303908,2,202406,39.7,46.58,1849.23
1303908,2,202407,44.4,51.9,2304.36
1303908,2,202408,47.7,49.0,2337.3
1303908,2,202409,59.7,45.77,2732.47
1303908,2,202410,77.4,48.31,3739.19
1303908,2,202411,77.0,43.37,3339.49
1303908,2,202412,65.9,37.86,2494.97
1303908,3,202201,8.1,95.57,774.12
1303908,3,202202,11.7,97.05,1135.48
1303908,3,202203,13.5,92.0,1242.0
1303908,3,202204,11.1,96.48,1070.93
1303908,3,202205,8.3,96.16,798.13
1303908,3,202206,10.9,91.97,1002.47
1303908,3,202207,11.8,87.73,1035.21
1303908,3,202208,18.5,83.59,1546.42
1303908,3,202209,20.4,83.82,1709.93
1303908,3,202210,18.4,86.61,1593.62
1303908,3,202211,13.6,86.77,1180.07
1303908,3,202212,11.7,93.98,1099.57
1303908,3,202301,11.8,85.62,1010.32
1303908,3,202302,12.1,96.58,1168.62
1303908,3,202303,10.4,98.8,1027.52
1303908,3,202304,8.6,109.25,939.55
1303908,3,202305,14.5,93.62,1357.49
1303908,3,202306,14.3,90.98,1301.01
1303908,3,202307,15.4,85.11,1310.69
1303908,3,202308,12.7,95.88,1217.68
1303908,3,202309,16.5,85.2,1405.8
1303908,3,202310,17.7,100.51,1779.03
1303908,3,202311,15.1,90.2,1362.02
1303908,3,202312,13.9,101.06,1404.73
1303908,3,202401,13.3,101.96,1356.07
1303908,3,202402,12.6,100.18,1262.27
1303908,3,202403,13.6,107.54,1462.54
1303908,3,202404,14.2,106.99,1519.26
1303908,3,202405,13.6,96.3,1309.68
1303908,3,202406,11.3,94.17,1064.12
1303908,3,202407,12.6,90.27,1137.4
1303908,3,202408,15.3,92.4,1413.72
1303908,3,202409,16.6,87.24,1448.18
1303908,3,202410,19.1,82.4,1573.84
1303908,3,202411,20.6,88.52,1823.51
1303908,3,202412,18.6,99.02,1841.77
1303957,1,202201,226.2,10.8,2442.96
1303957,1,202202,198.6,13.23,2627.48
1303957,1,202203,165.2,12.87,2126.12
1303957,1,202204,187.4,13.68,2563.63
1303957,1,202205,236.4,12.45,2943.18
1303957,1,202206,260.1,12.53,3259.05
1303957,1,202207,320.2,10.69,3422.94
1303957,1,202208,369.9,9.55,3532.54
1303957,1,202209,394.4,9.21,3632.42
1303957,1,202210,315.2,9.43,2972.34
1303957,1,202211,268.5,9.47,2542.7
1303957,1,202212,208.6,10.4,2169.44
1303957,1,202301,201.8,11.71,2363.08
1303957,1,202302,198.0,12.8,2534.4
1303957,1,202303,141.6,14.49,2051.78
1303957,1,202304,157.2,13.86,2178.79
1303957,1,202305,152.4,14.52,2212.85
1303957,1,202306,159.8,13.85,2213.23
1303957,1,202307,196.9,11.3,2224.97
1303957,1,202308,219.3,10.18,2232.47
1303957,1,202309,327.2,9.38,3069.14
1303957,1,202310,351.7,8.65,3042.2
1303957,1,202311,407.5,9.42,3838.65
1303957,1,202312,321.6,11.25,3618.0
1303957,1,202401,259.2,11.55,2993.76
1303957,1,202402,317.4,14.37,4561.04
1303957,1,202403,187.0,14.08,2632.96
1303957,1,202404,237.2,16.37,3882.96
1303957,1,202405,315.7,13.9,4388.23
1303957,1,202406,353.5,13.35,4719.22
1303957,1,202407,343.2,11.63,3991.42
1303957,1,202408,496.9,10.53,5232.36
1303957,1,202409,464.3,10.65,4944.8
1303957,1,202410,404.4,9.85,3983.34
1303957,1,202411,366.3,10.48,3838.82
1303957,1,202412,302.7,10.2,3087.54
1303957,2,202201,49.1,38.52,1891.33
1303957,2,202202,70.8,35.87,2539.6
1303957,2,202203,63.0,35.65,2245.95
1303957,2,202204,59.9,37.77,2262.42
1303957,2,202205,48.7,40.18,1956.77
1303957,2,202206,36.9,42.22,1557.92
1303957,2,202207,31.4,52.28,1641.59
1303957,2,202208,38.7,52.27,2022.85
1303957,2,202209,43.6,45.23,1972.03
1303957,2,202210,33.7,41.08,1384.4
1303957,2,202211,32.4,42.07,1363.07
1303957,2,202212,33.7,38.3,1290.71
1303957,2,202301,52.6,38.96,2049.3
1303957,2,202302,40.8,38.49,1570.39
1303957,2,202303,52.3,35.61,1862.4
1303957,2,202304,52.8,42.79,2259.31
1303957,2,202305,47.4,42.63,2020.66
1303957,2,202306,37.9,48.09,1822.61
1303957,2,202307,44.0,48.39,2129.16
1303957,2,202308,40.6,52.26,2121.76
1303957,2,202309,30.8,43.57,1341.96
1303957,2,202310,29.4,48.4,1422.96
1303957,2,202311,28.3,41.62,1177.85
1303957,2,202312,48.7,40.29,1962.12
1303957,2,202401,71.0,41.84,2970.64
1303957,2,202402,82.4,36.9,3040.56
1303957,2,202403,68.6,37.47,2570.44
1303957,2,202404,45.5,41.03,1866.86
1303957,2,202405,35.5,44.21,1569.46
1303957,2,202406,29.5,46.09,1359.66
1303957,2,202407,30.8,51.33,1580.96
1303957,2,202408,41.9,52.38,2194.72
1303957,2,202409,53.2,52.25,2779.7
1303957,2,202410,47.2,46.63,2200.94
1303957,2,202411,34.4,43.1,1482.64
1303957,2,202412,36.4,41.55,1512.42
1303957,3,202201,4.2,85.89,360.74
1303957,3,202202,3.8,92.61,351.92
1303957,3,202203,3.6,88.96,320.26
1303957,3,202204,3.6,88.48,318.53
1303957,3,202205,5.0,84.4,422.0
1303957,3,202206,5.4,81.64,440.86
1303957,3,202207,7.2,77.7,559.44
1303957,3,202208,6.6,76.05,501.93
1303957,3,202209,4.3,85.59,368.04
1303957,3,202210,3.7,76.21,281.98
1303957,3,202211,4.1,85.37,350.02
1303957,3,202212,4.4,87.73,386.01
1303957,3,202301,3.9,93.26,363.71
1303957,3,202302,3.6,97.38,350.57
1303957,3,202303,3.6,91.77,330.37
1303957,3,202304,4.0,94.57,378.28
1303957,3,202305,4.5,98.14,441.63
1303957,3,202306,4.1,85.55,350.75
1303957,3,202307,4.9,76.11,372.94
1303957,3,202308,5.5,82.94,456.17
1303957,3,202309,5.4,83.24,449.5
1303957,3,202310,4.7,87.95,413.36
1303957,3,202311,5.3,80.43,426.28
1303957,3,202312,6.4,93.03,595.39
1303957,3,202401,5.3,94.24,499.47
1303957,3,202402,4.5,100.95,454.28
1303957,3,202403,5.2,93.78,487.66
1303957,3,202404,4.3,98.42,423.21
1303957,3,202405,3.9,84.84,330.88
1303957,3,202406,4.2,88.83,373.09
1303957,3,202407,5.2,82.62,429.62
1303957,3,202408,4.8,83.93,402.86
1303957,3,202409,5.2,99.37,516.72
1303957,3,202410,3.7,84.63,313.13
1303957,3,202411,4.7,89.8,422.06
1303957,3,202412,6.3,89.0,560.7
1304005,1,202201,350.8,10.96,3844.77
1304005,1,202202,249.3,12.8,3191.04
1304005,1,202203,264.0,12.63,3334.32
1304005,1,202204,281.5,13.82,3890.33
1304005,1,202205,306.1,14.21,4349.68
1304005,1,202206,401.5,12.41,4982.62
1304005,1,202207,537.0,11.52,6186.24
1304005,1,202208,764.6,10.2,7798.92
1304005,1,202209,600.3,9.96,5978.99
1304005,1,202210,819.3,8.91,7299.96
1304005,1,202211,982.6,9.38,9216.79
1304005,1,202212,662.7,9.9,6560.73
1304005,1,202301,376.7,11.07,4170.07
1304005,1,202302,263.5,11.97,3154.1
1304005,1,202303,245.7,14.49,3560.19
1304005,1,202304,379.7,13.24,5027.23
1304005,1,202305,371.6,14.12,5246.99
1304005,1,202306,362.2,12.99,4704.98
1304005,1,202307,389.4,12.05,4692.27
1304005,1,202308,389.5,10.04,3910.58
1304005,1,202309,593.0,9.05,5366.65
1304005,1,202310,623.4,9.27,5778.92
1304005,1,202311,885.7,9.28,8219.3
1304005,1,202312,760.4,9.69,7368.28
1304005,1,202401,650.8,13.19,8584.05
1304005,1,202402,457.6,12.71,5816.1
1304005,1,202403,311.2,13.46,4188.75
1304005,1,202404,265.0,14.31,3792.15
1304005,1,202405,237.7,15.06,3579.76
1304005,1,202406,371.5,11.87,4409.7
1304005,1,202407,425.0,12.69,5393.25
1304005,1,202408,629.7,10.24,6448.13
1304005,1,202409,705.6,9.92,6999.55
1304005,1,202410,679.7,9.14,6212.46
1304005,1,202411,527.5,10.82,5707.55
1304005,1,202412,535.2,10.78,5769.46
1304005,2,202201,36.4,42.31,1540.08
1304005,2,202202,33.8,36.12,1220.86
1304005,2,202203,37.0,39.15,1448.55
1304005,2,202204,29.0,40.98,1188.42
1304005,2,202205,27.1,46.06,1248.23
1304005,2,202206,24.0,48.61,1166.64
1304005,2,202207,23.1,49.87,1152.0
1304005,2,202208,28.7,51.99,1492.11
1304005,2,202209,22.1,50.3,1111.63
1304005,2,202210,16.7,52.38,874.75
1304005,2,202211,21.0,43.25,908.25
1304005,2,202212,22.9,42.16,965.46
1304005,2,202301,17.6,41.77,735.15
1304005,2,202302,34.7,40.66,1410.9
1304005,2,202303,40.0,40.12,1604.8
1304005,2,202304,41.4,46.36,1919.3
1304005,2,202305,33.2,42.16,1399.71
1304005,2,202306,31.5,47.63,1500.34
1304005,2,202307,25.9,54.66,1415.69
1304005,2,202308,29.3,51.5,1508.95
1304005,2,202309,29.9,50.46,1508.75
1304005,2,202310,31.2,49.15,1533.48
1304005,2,202311,34.9,45.0,1570.5
1304005,2,202312,50.8,44.69,2270.25
1304005,2,202401,51.3,44.24,2269.51
1304005,2,202402,40.8,41.49,1692.79
1304005,2,202403,43.2,44.58,1925.86
1304005,2,202404,42.8,41.94,1795.03
1304005,2,202405,35.5,48.78,1731.69
1304005,2,202406,30.7,55.89,1715.82
1304005,2,202407,23.1,57.66,1331.95
1304005,2,202408,24.6,60.05,1477.23
1304005,2,202409,21.3,53.32,1135.72
1304005,2,202410,25.0,54.7,1367.5
1304005,2,202411,27.5,47.57,1308.18
1304005,2,202412,41.2,46.31,1907.97
1304005,3,202201,5.1,92.09,469.66
1304005,3,202202,4.5,88.73,399.28
1304005,3,202203,6.4,84.45,540.48
1304005,3,202204,7.6,85.97,653.37
1304005,3,202205,5.9,88.93,524.69
1304005,3,202206,7.2,89.69,645.77
1304005,3,202207,6.4,75.03,480.19
1304005,3,202208,5.2,85.81,446.21
1304005,3,202209,5.0,78.3,391.5
1304005,3,202210,4.3,81.68,351.22
1304005,3,202211,5.6,91.58,512.85
1304005,3,202212,4.7,84.88,398.94
1304005,3,202301,6.2,90.77,562.77
1304005,3,202302,6.0,89.8,538.8
1304005,3,202303,5.5,92.2,507.1
1304005,3,202304,5.2,91.52,475.9
1304005,3,202305,7.9,84.53,667.79
1304005,3,202306,7.5,91.24,684.3
1304005,3,202307,6.7,79.89,535.26
1304005,3,202308,8.0,84.31,674.48
1304005,3,202309,8.2,83.05,681.01
1304005,3,202310,6.2,90.3,559.86
1304005,3,202311,6.0,84.03,504.18
1304005,3,202312,4.2,92.72,389.42
1304005,3,202401,4.6,108.63,499.7
1304005,3,202402,5.2,90.24,469.25
1304005,3,202403,5.9,92.01,542.86
1304005,3,202404,5.1,104.59,533.41
1304005,3,202405,5.0,90.88,454.4
1304005,3,202406,6.0,89.25,535.5
1304005,3,202407,8.2,85.31,699.54
1304005,3,202408,7.9,93.42,738.02
1304005,3,202409,6.8,80.01,544.07
1304005,3,202410,7.9,94.41,745.84
1304005,3,202412,6.8,87.14,592.55
1304062,1,202201,1271.9,11.13,14156.25
1304062,1,202202,1113.5,11.9,13250.65
1304062,1,202203,1022.3,13.92,14230.42
1304062,1,202204,1050.7,13.57,14258.0
1304062,1,202205,1065.4,13.03,13882.16
1304062,1,202206,928.4,12.34,11456.46
1304062,1,202207,1138.3,10.86,12361.94
1304062,1,202208,1638.8,9.82,16093.02
1304062,1,202209,1661.3,8.96,14885.25
1304062,1,202210,2073.4,8.78,18204.45
1304062,1,202211,1960.8,9.53,18686.42
1304062,1,202212,1643.2,10.29,16908.53
1304062,1,202301,1739.3,12.64,21984.75
1304062,1,202302,988.4,13.74,13580.62
1304062,1,202303,834.5,15.25,12726.12
1304062,1,202304,1097.0,14.56,15972.32
1304062,1,202305,1554.2,14.21,22085.18
1304062,1,202306,2301.8,12.62,29048.72
1304062,1,202307,2152.7,12.19,26241.41
1304062,1,202308,2390.7,10.13,24217.79
1304062,1,202309,2784.2,8.89,24751.54
1304062,1,202310,3220.3,9.98,32138.59
1304062,1,202311,2746.3,8.99,24689.24
1304062,1,202312,2526.3,10.7,27031.41
1304062,1,202401,2006.2,11.63,23332.11
1304062,1,202402,1650.2,14.2,23432.84
1304062,1,202403,1108.4,15.3,16958.52
1304062,1,202404,1001.8,15.1,15127.18
1304062,1,202405,983.1,15.28,15021.77
1304062,1,202406,954.5,13.43,12818.94
1304062,1,202407,953.3,13.59,12955.35
1304062,1,202408,1276.6,11.29,14412.81
1304062,1,202409,1604.6,9.5,15243.7
1304062,1,202410,1912.1,9.63,18413.52
1304062,1,202411,2140.8,9.87,21129.7
1304062,1,202412,1943.5,10.74,20873.19
1304062,2,202201,223.3,41.68,9307.14
1304062,2,202202,175.8,37.75,6636.45
1304062,2,202203,281.6,37.09,10444.54
1304062,2,202204,272.8,41.01,11187.53
1304062,2,202205,224.6,41.62,9347.85
1304062,2,202206,188.5,52.73,9939.6
1304062,2,202207,118.1,52.32,6178.99
1304062,2,202208,138.1,50.94,7034.81
1304062,2,202209,140.4,51.81,7274.12
1304062,2,202210,169.5,45.76,7756.32
1304062,2,202211,203.0,41.27,8377.81
1304062,2,202212,129.0,36.12,4659.48
1304062,2,202301,198.5,39.77,7894.34
1304062,2,202302,240.4,38.29,9204.92
1304062,2,202303,262.3,40.64,10659.87
1304062,2,202304,235.3,42.13,9913.19
1304062,2,202305,214.6,46.6,10000.36
1304062,2,202306,197.9,50.95,10083.01
1304062,2,202307,189.2,47.8,9043.76
1304062,2,202308,195.3,54.66,10675.1
1304062,2,202309,203.3,50.39,10244.29
1304062,2,202310,297.0,50.21,14912.37
1304062,2,202311,251.9,47.9,12066.01
1304062,2,202312,256.1,44.32,11350.35
1304062,2,202401,382.0,41.39,15810.98
1304062,2,202402,341.5,40.53,13841.0
1304062,2,202403,368.5,43.0,15845.5
1304062,2,202404,311.8,40.56,12646.61
1304062,2,202405,246.7,45.07,11118.77
1304062,2,202406,254.1,50.1,12730.41
1304062,2,202407,234.3,49.96,11705.63
1304062,2,202408,157.8,53.62,8461.24
1304062,2,202409,178.9,52.54,9399.41
1304062,2,202410,168.2,51.03,8583.25
1304062,2,202411,261.8,47.13,12338.63
1304062,2,202412,392.1,46.12,18083.65
1304062,3,202201,15.4,100.72,1551.09
1304062,3,202202,13.5,101.05,1364.18
1304062,3,202203,12.7,90.42,1148.33
1304062,3,202204,12.2,94.77,1156.19
1304062,3,202205,12.4,83.23,1032.05
1304062,3,202206,12.7,80.63,1024.0
1304062,3,202207,16.0,81.6,1305.6
1304062,3,202208,15.6,84.38,1316.33
1304062,3,202209,10.5,82.58,867.09
1304062,3,202210,12.9,89.29,1151.84
1304062,3,202211,16.3,89.93,1465.86
1304062,3,202212,15.4,98.01,1509.35
1304062,3,202301,12.4,101.19,1254.76
1304062,3,202302,15.8,94.2,1488.36
1304062,3,202303,12.7,103.0,1308.1
1304062,3,202304,13.9,92.34,1283.53
1304062,3,202305,16.0,95.55,1528.8
1304062,3,202306,21.7,88.58,1922.19
1304062,3,202307,23.9,94.81,2265.96
1304062,3,202308,23.8,91.26,2171.99
1304062,3,202309,26.3,85.72,2254.44
1304062,3,202310,18.6,89.06,1656.52
1304062,3,202311,24.2,110.22,2667.32
1304062,3,202312,12.0,90.52,1086.24
1304062,3,202401,17.7,98.64,1745.93
1304062,3,202402,15.0,99.63,1494.45
1304062,3,202403,17.3,96.49,1669.28
1304062,3,202404,23.5,94.98,2232.03
1304062,3,202405,24.8,96.67,2397.42
1304062,3,202406,25.3,96.56,2442.97
1304062,3,202407,28.2,85.09,2399.54
1304062,3,202408,19.6,89.11,1746.56
1304062,3,202409,15.9,88.52,1407.47
1304062,3,202410,18.2,88.92,1618.34
1304062,3,202411,17.7,102.16,1808.23
1304062,3,202412,16.7,96.36,1609.21
1304104,1,202201,440.1,11.67,5135.97
1304104,1,202202,281.1,12.22,3435.04
1304104,1,202203,171.3,12.0,2055.6
1304104,1,202204,194.5,12.83,2495.44
1304104,1,202205,210.4,12.5,2630.0
1304104,1,202206,239.6,12.06,2889.58
1304104,1,202207,191.2,11.33,2166.3
1304104,1,202208,269.1,10.89,2930.5
1304104,1,202209,382.4,8.45,3231.28
1304104,1,202210,422.6,8.55,3613.23
1304104,1,202211,501.1,8.68,4349.55
1304104,1,202212,602.8,9.32,5618.1
1304104,1,202301,522.8,11.59,6059.25
1304104,1,202302,491.1,12.74,6256.61
1304104,1,202303,470.0,12.45,5851.5
1304104,1,202304,322.1,13.97,4499.74
1304104,1,202305,360.4,12.83,4623.93
1304104,1,202306,471.8,12.75,6015.45
1304104,1,202307,473.5,12.29,5819.32
1304104,1,202308,478.3,10.56,5050.85
1304104,1,202309,625.7,9.52,5956.66
1304104,1,202310,497.5,8.87,4412.82
1304104,1,202311,432.4,9.47,4094.83
1304104,1,202312,388.7,10.62,4127.99
1304104,1,202401,411.4,12.19,5014.97
1304104,1,202402,377.6,13.09,4942.78
1304104,1,202403,406.5,14.23,5784.5
1304104,1,202404,308.4,13.49,4160.32
1304104,1,202405,279.5,13.57,3792.82
1304104,1,202406,382.0,13.63,5206.66
1304104,1,202407,401.3,12.42,4984.15
1304104,1,202408,459.9,10.71,4925.53
1304104,1,202409,408.3,10.49,4283.07
1304104,1,202410,543.9,9.65,5248.64
1304104,1,202411,751.9,9.63,7240.8
1304104,1,202412,521.1,10.03,5226.63
1304104,2,202201,87.3,34.42,3004.87
1304104,2,202202,85.8,32.54,2791.93
1304104,2,202203,84.9,35.45,3009.71
1304104,2,202204,78.9,43.63,3442.41
1304104,2,202205,111.6,42.55,4748.58
1304104,2,202206,64.0,47.6,3046.4
1304104,2,202207,49.7,44.22,2197.73
1304104,2,202208,42.6,47.53,2024.78
1304104,2,202209,52.2,49.35,2576.07
1304104,2,202210,63.0,42.76,2693.88
1304104,2,202211,65.6,41.87,2746.67
1304104,2,202212,92.1,37.19,3425.2
1304104,2,202301,104.9,39.59,4152.99
1304104,2,202302,123.0,37.85,4655.55
1304104,2,202303,134.8,39.31,5298.99
1304104,2,202304,72.8,42.18,3070.7
1304104,2,202305,78.1,43.16,3370.8
1304104,2,202306,54.4,49.34,2684.1
1304104,2,202307,56.8,47.89,2720.15
1304104,2,202308,56.4,51.8,2921.52
1304104,2,202309,59.8,44.7,2673.06
1304104,2,202310,53.9,45.21,2436.82
1304104,2,202311,81.4,49.02,3990.23
1304104,2,202312,72.3,41.63,3009.85
1304104,2,202401,117.9,38.02,4482.56
1304104,2,202402,94.3,34.57,3259.95
1304104,2,202403,100.9,34.91,3522.42
1304104,2,202404,136.1,38.68,5264.35
1304104,2,202405,168.1,42.23,7098.86
1304104,2,202406,88.8,50.13,4451.54
1304104,2,202407,70.4,50.38,3546.75
1304104,2,202408,64.7,49.0,3170.3
1304104,2,202409,107.2,48.04,5149.89
1304104,2,202410,102.7,47.31,4858.74
1304104,2,202411,132.2,39.67,5244.37
1304104,2,202412,140.9,35.61,5017.45
1304104,3,202201,7.1,94.3,669.53
1304104,3,202202,8.3,89.45,742.44
1304104,3,202203,7.8,85.84,669.55
1304104,3,202204,6.2,92.34,572.51
1304104,3,202205,6.3,83.79,527.88
1304104,3,202206,6.1,88.21,538.08
1304104,3,202207,6.7,74.12,496.6
1304104,3,202208,8.1,78.93,639.33
1304104,3,202209,7.8,84.39,658.24
1304104,3,202210,7.4,85.9,635.66
1304104,3,202211,6.4,85.44,546.82
1304104,3,202212,7.1,90.27,640.92
1304104,3,202301,7.4,94.14,696.64
1304104,3,202302,5.0,87.44,437.2
1304104,3,202303,4.1,91.8,376.38
1304104,3,202304,4.9,92.58,453.64
1304104,3,202305,7.1,91.14,647.09
1304104,3,202306,9.4,85.92,807.65
1304104,3,202307,10.4,81.95,852.28
1304104,3,202308,9.3,78.14,726.7
1304104,3,202309,11.4,87.48,997.27
1304104,3,202310,8.5,89.02,756.67
1304104,3,202311,7.4,93.36,690.86
1304104,3,202312,5.5,86.73,477.02
1304104,3,202401,7.3,88.12,643.28
1304104,3,202402,6.8,85.25,579.7
1304104,3,202403,10.2,87.78,895.36
1304104,3,202404,13.0,99.17,1289.21
1304104,3,202405,12.3,87.1,1071.33
1304104,3,202406,13.1,77.76,1018.66
1304104,3,202407,11.3,77.94,880.72
1304104,3,202408,7.2,76.86,553.39
1304104,3,202409,7.5,79.42,595.65
1304104,3,202410,9.7,74.83,725.85
1304104,3,202411,10.5,84.61,888.4
1304104,3,202412,9.3,77.14,717.4
1304203,1,202201,2794.8,11.96,33425.81
1304203,1,202202,3080.7,10.88,33518.02
1304203,1,202203,3416.1,14.89,50865.73
1304203,1,202204,2014.7,13.39,26976.83
1304203,1,202205,1585.3,13.33,21132.05
1304203,1,202206,1143.9,11.84,13543.78
1304203,1,202207,2052.6,10.95,22475.97
1304203,1,202208,2987.5,9.9,29576.25
1304203,1,202209,3468.9,8.5,29485.65
1304203,1,202210,2906.3,8.31,24151.35
1304203,1,202211,2980.3,9.51,28342.65
1304203,1,202212,2880.8,9.07,26128.86
1304203,1,202301,2853.8,11.65,33246.77
1304203,1,202302,2418.2,12.36,29888.95
1304203,1,202303,2299.2,12.83,29498.74
1304203,1,202304,1997.9,15.21,30388.06
1304203,1,202305,2508.1,12.84,32204.0
1304203,1,202306,2882.6,11.9,34302.94
1304203,1,202307,2495.8,11.29,28177.58
1304203,1,202308,3910.0,9.81,38357.1
1304203,1,202309,5094.8,9.32,47483.54
1304203,1,202310,5062.7,9.07,45918.69
1304203,1,202311,4533.5,9.43,42750.9
1304203,1,202312,4928.1,10.13,49921.65
1304203,1,202401,2669.2,11.31,30188.65
1304203,1,202402,2850.5,13.37,38111.18
1304203,1,202403,2130.5,13.77,29336.98
1304203,1,202404,2450.1,13.83,33884.88
1304203,1,202405,2413.9,14.91,35991.25
1304203,1,202406,2072.1,12.87,26667.93
1304203,1,202407,2389.6,12.37,29559.35
1304203,1,202408,3675.1,11.15,40977.36
1304203,1,202409,3907.5,10.22,39934.65
1304203,1,202410,3659.6,9.58,35058.97
1304203,1,202411,3265.7,9.59,31318.06
1304203,1,202412,3474.6,10.45,36309.57
1304203,2,202201,325.6,31.8,10354.08
1304203,2,202202,265.6,35.66,9471.3
1304203,2,202203,193.8,30.7,5949.66
1304203,2,202204,256.2,36.96,9469.15
1304203,2,202205,219.3,41.43,9085.6
1304203,2,202206,224.7,46.09,10356.42
1304203,2,202207,199.3,41.72,8314.8
1304203,2,202208,197.8,44.85,8871.33
1304203,2,202209,188.2,47.74,8984.67
1304203,2,202210,215.6,45.57,9824.89
1304203,2,202211,282.8,42.67,12067.08
1304203,2,202212,300.5,42.08,12645.04
1304203,2,202301,314.0,35.31,11087.34
1304203,2,202302,374.5,36.05,13500.72
1304203,2,202303,400.0,35.6,14240.0
1304203,2,202304,280.1,34.88,9769.89
1304203,2,202305,257.8,41.44,10683.23
1304203,2,202306,213.8,40.5,8658.9
1304203,2,202307,207.5,45.82,9507.65
1304203,2,202308,269.2,44.48,11974.02
1304203,2,202309,274.1,48.08,13178.73
1304203,2,202310,412.6,43.04,17758.3
1304203,2,202311,399.2,38.07,15197.54
1304203,2,202312,384.5,40.21,15460.74
1304203,2,202401,409.1,35.89,14682.6
1304203,2,202402,418.5,35.36,14798.16
1304203,2,202403,416.0,35.22,14651.52
1304203,2,202404,305.2,41.65,12711.58
1304203,2,202405,271.3,43.09,11690.32
1304203,2,202406,220.4,44.32,9768.13
1304203,2,202407,263.0,43.65,11479.95
1304203,2,202408,175.7,55.43,9739.05
1304203,2,202409,212.2,53.03,11252.97
1304203,2,202410,189.0,49.12,9283.68
1304203,2,202411,269.2,41.04,11047.97
1304203,2,202412,301.8,38.35,11574.03
1304203,3,202201,21.8,105.43,2298.37
1304203,3,202202,17.5,97.86,1712.55
1304203,3,202203,21.7,90.75,1969.28
1304203,3,202204,17.0,94.79,1611.43
1304203,3,202205,12.0,89.4,1072.8
1304203,3,202206,12.0,89.01,1068.12
1304203,3,202207,23.8,89.16,2122.01
1304203,3,202208,17.0,85.42,1452.14
1304203,3,202209,24.2,85.84,2077.33
1304203,3,202210,22.5,94.04,2115.9
1304203,3,202211,20.1,92.46,1858.45
1304203,3,202212,15.8,93.61,1479.04
1304203,3,202301,13.3,98.67,1312.31
1304203,3,202302,15.7,96.45,1514.26
1304203,3,202303,20.3,92.52,1878.16
1304203,3,202304,20.0,99.69,1993.8
1304203,3,202305,22.5,99.77,2244.82
1304203,3,202306,20.0,92.76,1855.2
1304203,3,202307,30.0,91.28,2738.4
1304203,3,202308,26.8,84.17,2255.76
1304203,3,202309,34.0,86.13,2928.42
1304203,3,202310,22.2,85.16,1890.55
1304203,3,202311,19.8,92.44,1830.31
1304203,3,202312,22.2,101.27,2248.19
1304203,3,202401,20.0,98.75,1975.0
1304203,3,202402,20.3,102.65,2083.8
1304203,3,202403,16.0,105.91,1694.56
1304203,3,202404,15.9,106.35,1690.96
1304203,3,202405,14.9,89.52,1333.85
1304203,3,202406,17.0,92.06,1565.02
1304203,3,202407,18.1,88.81,1607.46
1304203,3,202408,17.6,87.45,1539.12
1304203,3,202409,20.9,90.4,1889.36
1304203,3,202410,16.7,85.54,1428.52
1304203,3,202411,11.6,95.43,1106.99
1304203,3,202412,12.2,100.29,1223.54
1304237,1,202201,342.6,12.32,4220.83
1304237,1,202202,384.2,12.26,4710.29
1304237,1,202203,369.9,12.9,4771.71
1304237,1,202204,414.3,13.37,5539.19
1304237,1,202205,404.1,12.64,5107.82
1304237,1,202206,507.3,12.89,6539.1
1304237,1,202207,444.8,11.48,5106.3
1304237,1,202208,458.5,10.44,4786.74
1304237,1,202209,378.3,9.06,3427.4
1304237,1,202210,499.5,8.91,4450.54
1304237,1,202211,488.9,8.3,4057.87
1304237,1,202212,427.2,10.32,4408.7
1304237,1,202301,447.1,11.82,5284.72
1304237,1,202302,374.3,12.3,4603.89
1304237,1,202303,274.6,13.83,3797.72
1304237,1,202304,481.7,14.05,6767.88
1304237,1,202305,457.8,15.19,6953.98
1304237,1,202306,407.2,12.33,5020.78
1304237,1,202307,451.8,11.96,5403.53
1304237,1,202308,564.9,9.97,5632.05
1304237,1,202309,661.9,9.36,6195.38
1304237,1,202310,923.1,9.42,8695.6
1304237,1,202311,816.8,9.52,7775.94
1304237,1,202312,974.4,10.53,10260.43
1304237,1,202401,650.7,12.43,8088.2
1304237,1,202402,557.2,13.18,7343.9
1304237,1,202403,553.1,15.1,8351.81
1304237,1,202404,586.3,14.57,8542.39
1304237,1,202405,669.6,14.38,9628.85
1304237,1,202406,603.6,13.75,8299.5
1304237,1,202407,657.4,12.36,8125.46
1304237,1,202408,476.3,11.3,5382.19
1304237,1,202409,606.9,10.16,6166.1
1304237,1,202410,860.2,9.89,8507.38
1304237,1,202411,951.6,9.84,9363.74
1304237,1,202412,767.7,10.37,7961.05
1304237,2,202201,74.7,34.41,2570.43
1304237,2,202202,69.2,37.98,2628.22
1304237,2,202203,97.6,35.27,3442.35
1304237,2,202204,85.1,36.89,3139.34
1304237,2,202205,60.5,42.16,2550.68
1304237,2,202206,68.1,45.46,3095.83
1304237,2,202207,54.8,42.89,2350.37
1304237,2,202208,38.2,46.48,1775.54
1304237,2,202209,37.9,41.96,1590.28
1304237,2,202210,45.3,43.03,1949.26
1304237,2,202211,61.8,40.11,2478.8
1304237,2,202212,77.8,38.87,3024.09
1304237,2,202301,110.0,36.02,3962.2
1304237,2,202302,102.0,35.6,3631.2
1304237,2,202303,88.8,39.99,3551.11
1304237,2,202304,103.7,44.16,4579.39
1304237,2,202305,101.4,41.12,4169.57
1304237,2,202306,76.8,48.71,3740.93
1304237,2,202307,70.2,49.6,3481.92
1304237,2,202308,59.3,45.39,2691.63
1304237,2,202309,50.0,46.76,2338.0
1304237,2,202310,89.0,39.78,3540.42
1304237,2,202311,82.5,43.76,3610.2
1304237,2,202312,96.5,37.74,3641.91
1304237,2,202401,77.9,39.17,3051.34
1304237,2,202402,100.8,43.23,4357.58
1304237,2,202403,78.7,42.14,3316.42
1304237,2,202404,106.4,39.81,4235.78
1304237,2,202405,121.6,42.52,5170.43
1304237,2,202406,100.6,51.28,5158.77
1304237,2,202407,81.6,48.05,3920.88
1304237,2,202408,69.7,54.04,3766.59
1304237,2,202409,68.7,57.94,3980.48
1304237,2,202410,79.6,49.73,3958.51
1304237,2,202411,88.2,47.45,4185.09
1304237,2,202412,115.9,43.64,5057.88
1304237,3,202201,5.1,97.5,497.25
1304237,3,202202,5.2,93.51,486.25
1304237,3,202203,5.5,93.73,515.52
1304237,3,202204,4.3,99.2,426.56
1304237,3,202205,5.8,88.76,514.81
1304237,3,202206,7.1,84.83,602.29
1304237,3,202207,6.2,84.96,526.75
1304237,3,202208,8.9,84.93,755.88
1304237,3,202209,8.6,79.0,679.4
1304237,3,202210,8.0,85.38,683.04
1304237,3,202211,8.0,91.91,735.28
1304237,3,202212,5.8,102.47,594.33
1304237,3,202301,5.3,95.89,508.22
1304237,3,202302,6.1,103.08,628.79
1304237,3,202303,5.2,99.35,516.62
1304237,3,202304,5.4,102.17,551.72
1304237,3,202305,6.6,90.75,598.95
1304237,3,202306,7.3,95.94,700.36
1304237,3,202307,7.4,95.18,704.33
1304237,3,202308,7.5,94.57,709.28
1304237,3,202309,7.1,95.3,676.63
1304237,3,202310,8.0,91.66,733.28
1304237,3,202311,10.5,96.38,1011.99
1304237,3,202312,8.8,94.41,830.81
1304237,3,202401,9.4,91.49,860.01
1304237,3,202402,7.2,104.36,751.39
1304237,3,202403,6.1,101.43,618.72
1304237,3,202404,5.5,105.05,577.78
1304237,3,202405,5.2,101.48,527.7
1304237,3,202406,5.8,89.41,518.58
1304237,3,202407,7.7,103.58,797.57
1304237,3,202408,9.3,93.16,866.39
1304237,3,202409,7.7,86.42,665.43
1304237,3,202410,7.0,89.04,623.28
1304237,3,202411,6.8,87.17,592.76
1304237,3,202412,6.8,104.01,707.27
1304260,1,202201,233.0,10.88,2535.04
1304260,1,202202,304.3,12.52,3809.84
1304260,1,202203,170.9,15.01,2565.21
1304260,1,202204,230.3,14.22,3274.87
1304260,1,202205,207.0,14.46,2993.22
1304260,1,202206,308.5,12.14,3745.19
1304260,1,202207,235.3,11.91,2802.42
1304260,1,202208,306.2,10.12,3098.74
1304260,1,202209,498.1,9.41,4687.12
1304260,1,202210,567.5,9.87,5601.22
1304260,1,202211,472.1,9.11,4300.83
1304260,1,202212,286.9,10.11,2900.56
1304260,1,202301,198.6,11.52,2287.87
1304260,1,202302,255.0,13.92,3549.6
1304260,1,202303,212.1,13.85,2937.58
1304260,1,202304,205.9,15.35,3160.56
1304260,1,202305,232.9,13.11,3053.32
1304260,1,202306,208.7,13.69,2857.1
1304260,1,202307,293.6,11.67,3426.31
1304260,1,202308,333.6,11.19,3732.98
1304260,1,202309,419.9,9.85,4136.01
1304260,1,202310,400.5,9.27,3712.64
1304260,1,202311,302.4,9.67,2924.21
1304260,1,202312,284.6,10.34,2942.76
1304260,1,202401,312.8,12.91,4038.25
1304260,1,202402,289.6,12.98,3759.01
1304260,1,202403,253.6,14.44,3661.98
1304260,1,202404,282.4,15.24,4303.78
1304260,1,202405,266.8,15.86,4231.45
1304260,1,202406,299.1,13.68,4091.69
1304260,1,202407,321.4,12.23,3930.72
1304260,1,202408,466.9,11.24,5247.96
1304260,1,202409,531.2,9.13,4849.86
1304260,1,202410,479.0,9.21,4411.59
1304260,1,202411,353.7,9.94,3515.78
1304260,1,202412,426.2,10.69,4556.08
1304260,2,202201,58.9,32.07,1888.92
1304260,2,202202,50.5,38.74,1956.37
1304260,2,202203,65.4,35.8,2341.32
1304260,2,202204,46.5,37.32,1735.38
1304260,2,202205,48.7,40.5,1972.35
1304260,2,202206,51.7,48.12,2487.8
1304260,2,202207,39.3,45.87,1802.69
1304260,2,202208,32.8,49.41,1620.65
1304260,2,202209,34.3,46.23,1585.69
1304260,2,202210,33.3,42.0,1398.6
1304260,2,202211,42.5,43.52,1849.6
1304260,2,202212,42.7,40.66,1736.18
1304260,2,202301,44.1,36.39,1604.8
1304260,2,202302,56.7,36.71,2081.46
1304260,2,202303,63.4,37.83,2398.42
1304260,2,202304,53.7,40.92,2197.4
1304260,2,202305,35.5,47.75,1695.12
1304260,2,202306,43.9,45.76,2008.86
1304260,2,202307,36.7,48.09,1764.9
1304260,2,202308,53.0,49.32,2613.96
1304260,2,202309,47.0,46.64,2192.08
1304260,2,202310,49.4,42.67,2107.9
1304260,2,202311,49.4,43.56,2151.86
1304260,2,202312,58.7,41.09,2411.98
1304260,2,202401,118.5,39.12,4635.72
1304260,2,202402,89.0,38.09,3390.01
1304260,2,202403,95.4,37.39,3567.01
1304260,2,202404,74.9,42.11,3154.04
1304260,2,202405,73.5,45.33,3331.75
1304260,2,202406,39.6,49.48,1959.41
1304260,2,202407,54.1,51.62,2792.64
1304260,2,202408,50.0,52.72,2636.0
1304260,2,202409,45.2,54.25,2452.1
1304260,2,202410,56.5,49.72,2809.18
1304260,2,202411,60.5,46.04,2785.42
1304260,2,202412,52.7,38.11,2008.4
1304260,3,202201,4.1,97.44,399.5
1304260,3,202202,3.9,102.23,398.7
1304260,3,202203,4.0,90.37,361.48
1304260,3,202204,5.0,94.51,472.55
1304260,3,202205,3.9,101.21,394.72
1304260,3,202206,3.9,79.64,310.6
1304260,3,202207,5.1,83.07,423.66
1304260,3,202208,4.9,80.33,393.62
1304260,3,202209,5.8,86.56,502.05
1304260,3,202210,5.2,93.81,487.81
1304260,3,202211,6.8,92.45,628.66
1304260,3,202212,6.2,91.7,568.54
1304260,3,202301,7.0,101.19,708.33
1304260,3,202302,6.7,97.79,655.19
1304260,3,202303,6.7,99.43,666.18
1304260,3,202304,5.5,99.44,546.92
1304260,3,202305,7.0,102.17,715.19
1304260,3,202306,7.0,92.86,650.02
1304260,3,202307,5.7,89.71,511.35
1304260,3,202308,4.1,97.41,399.38
1304260,3,202309,4.9,80.47,394.3
1304260,3,202310,6.9,90.38,623.62
1304260,3,202311,5.3,90.19,478.01
1304260,3,202312,4.4,95.27,419.19
1304260,3,202401,4.4,105.39,463.72
1304260,3,202402,5.7,108.21,616.8
1304260,3,202403,4.0,99.62,398.48
1304260,3,202404,4.2,103.52,434.78
1304260,3,202405,4.1,92.93,381.01
1304260,3,202406,5.5,88.44,486.42
1304260,3,202407,5.9,92.48,545.63
1304260,3,202408,5.8,90.38,524.2
1304260,3,202409,5.9,99.28,585.75
1304260,3,202410,6.8,104.87,713.12
1304260,3,202411,7.7,94.29,726.03
1304260,3,202412,8.0,91.45,731.6
1304302,1,202201,471.0,11.81,5562.51
1304302,1,202202,391.1,11.94,4669.73
1304302,1,202203,335.1,13.51,4527.2
1304302,1,202204,271.3,13.37,3627.28
1304302,1,202205,296.6,13.75,4078.25
1304302,1,202206,374.6,12.31,4611.33
1304302,1,202207,413.9,10.53,4358.37
1304302,1,202208,536.3,9.9,5309.37
1304302,1,202209,513.7,9.78,5023.99
1304302,1,202210,571.5,8.94,5109.21
1304302,1,202211,683.4,8.97,6130.1
1304302,1,202212,700.8,11.05,7743.84
1304302,1,202301,657.6,12.16,7996.42
1304302,1,202302,489.9,13.21,6471.58
1304302,1,202303,383.9,13.78,5290.14
1304302,1,202304,313.9,14.4,4520.16
1304302,1,202305,235.2,14.09,3313.97
1304302,1,202306,238.0,11.37,2706.06
1304302,1,202307,327.4,11.7,3830.58
1304302,1,202308,430.4,10.19,4385.78
1304302,1,202309,683.6,9.15,6254.94
1304302,1,202310,861.9,8.98,7739.86
1304302,1,202311,642.0,8.68,5572.56
1304302,1,202312,639.4,9.38,5997.57
1304302,1,202401,455.0,12.72,5787.6
1304302,1,202402,428.9,13.51,5794.44
1304302,1,202403,414.4,12.52,5188.29
1304302,1,202404,453.1,14.05,6366.06
1304302,1,202405,377.8,14.76,5576.33
1304302,1,202406,491.8,13.02,6403.24
1304302,1,202407,378.6,12.72,4815.79
1304302,1,202408,614.9,11.27,6929.92
1304302,1,202409,664.8,9.13,6069.62
1304302,1,202410,679.8,9.37,6369.73
1304302,1,202411,444.0,9.56,4244.64
1304302,1,202412,419.3,9.98,4184.61
1304302,2,202201,90.8,37.64,3417.71
1304302,2,202202,97.7,37.72,3685.24
1304302,2,202203,76.0,34.77,2642.52
1304302,2,202204,111.7,36.54,4081.52
1304302,2,202205,57.8,42.2,2439.16
1304302,2,202206,75.6,42.3,3197.88
1304302,2,202207,72.3,42.67,3085.04
1304302,2,202208,47.4,45.94,2177.56
1304302,2,202209,79.0,48.02,3793.58
1304302,2,202210,87.8,48.36,4246.01
1304302,2,202211,59.9,40.17,2406.18
1304302,2,202212,71.1,38.26,2720.29
1304302,2,202301,96.1,37.84,3636.42
1304302,2,202302,138.9,35.51,4932.34
1304302,2,202303,112.3,36.2,4065.26
1304302,2,202304,61.6,40.59,2500.34
1304302,2,202305,84.0,40.64,3413.76
1304302,2,202306,81.1,44.64,3620.3
1304302,2,202307,47.9,48.26,2311.65
1304302,2,202308,56.8,50.43,2864.42
1304302,2,202309,67.7,45.2,3060.04
1304302,2,202310,70.4,46.08,3244.03
1304302,2,202311,70.8,40.45,2863.86
1304302,2,202312,77.8,38.57,3000.75
1304302,2,202401,88.0,40.6,3572.8
1304302,2,202402,105.1,37.99,3992.75
1304302,2,202403,120.1,42.42,5094.64
1304302,2,202404,71.5,41.34,2955.81
1304302,2,202405,75.4,47.08,3549.83
1304302,2,202406,77.3,50.17,3878.14
1304302,2,202407,73.0,50.65,3697.45
1304302,2,202408,65.1,48.3,3144.33
1304302,2,202409,89.3,50.42,4502.51
1304302,2,202410,114.4,46.95,5371.08
1304302,2,202411,104.9,43.59,4572.59
1304302,2,202412,110.3,41.81,4611.64
1304302,3,202201,4.3,100.58,432.49
1304302,3,202202,4.7,99.49,467.6
1304302,3,202203,4.7,92.55,434.98
1304302,3,202204,4.0,97.45,389.8
1304302,3,202205,6.5,88.59,575.84
1304302,3,202206,7.3,74.68,545.16
1304302,3,202207,9.6,91.7,880.32
1304302,3,202208,5.9,86.56,510.7
1304302,3,202209,7.5,86.13,645.97
1304302,3,202210,6.5,87.34,567.71
1304302,3,202211,5.6,91.37,511.67
1304302,3,202212,5.4,92.73,500.74
1304302,3,202301,4.6,97.05,446.43
1304302,3,202302,4.7,96.03,451.34
1304302,3,202303,5.9,98.84,583.16
1304302,3,202304,4.2,92.25,387.45
1304302,3,202305,6.5,88.4,574.6
1304302,3,202306,7.0,92.03,644.21
1304302,3,202307,6.8,93.19,633.69
1304302,3,202308,8.0,84.55,676.4
1304302,3,202309,7.8,86.02,670.96
1304302,3,202310,6.5,83.41,542.16
1304302,3,202311,5.3,87.64,464.49
1304302,3,202312,7.0,90.44,633.08
1304302,3,202401,4.8,107.35,515.28
1304302,3,202402,4.9,94.46,462.85
1304302,3,202403,4.0,104.63,418.52
1304302,3,202404,5.2,98.8,513.76
1304302,3,202405,5.7,100.19,571.08
1304302,3,202406,4.9,99.95,489.76
1304302,3,202407,4.9,92.01,450.85
1304302,3,202408,5.7,96.7,551.19
1304302,3,202409,6.4,99.57,637.25
1304302,3,202410,4.5,100.85,453.82
1304302,3,202411,4.4,93.99,413.56
1304302,3,202412,5.0,90.73,453.65
1304401,1,202201,429.4,11.1,4766.34
1304401,1,202202,341.8,12.91,4412.64
1304401,1,202203,344.6,13.35,4600.41
1304401,1,202204,409.8,12.93,5298.71
1304401,1,202205,446.3,13.42,5989.35
1304401,1,202206,542.6,12.57,6820.48
1304401,1,202207,561.3,11.46,6432.5
1304401,1,202208,719.7,10.53,7578.44
1304401,1,202209,748.1,8.86,6628.17
1304401,1,202210,706.1,9.13,6446.69
1304401,1,202211,965.4,8.39,8099.71
1304401,1,202212,493.3,9.94,4903.4
1304401,1,202301,327.3,11.43,3741.04
1304401,1,202302,357.2,13.77,4918.64
1304401,1,202303,327.9,13.59,4456.16
1304401,1,202304,260.4,14.46,3765.38
1304401,1,202305,262.2,12.55,3290.61
1304401,1,202306,298.4,12.59,3756.86
1304401,1,202307,494.2,11.11,5490.56
1304401,1,202308,761.2,11.74,8936.49
1304401,1,202309,1092.0,9.17,10013.64
1304401,1,202310,737.2,9.19,6774.87
1304401,1,202311,563.2,9.54,5372.93
1304401,1,202312,429.0,9.58,4109.82
1304401,1,202401,538.9,11.74,6326.69
1304401,1,202402,494.1,13.59,6714.82
1304401,1,202403,432.0,14.3,6177.6
1304401,1,202404,422.6,12.99,5489.57
1304401,1,202405,427.7,13.84,5919.37
1304401,1,202406,393.7,14.01,5515.74
1304401,1,202407,555.5,12.41,6893.76
1304401,1,202408,647.0,11.46,7414.62
1304401,1,202409,605.5,9.38,5679.59
1304401,1,202410,778.4,10.15,7900.76
1304401,1,202411,702.5,9.84,6912.6
1304401,1,202412,673.5,11.68,7866.48
1304401,2,202201,56.0,36.11,2022.16
1304401,2,202202,51.6,35.13,1812.71
1304401,2,202203,53.4,38.24,2042.02
1304401,2,202204,46.4,40.83,1894.51
1304401,2,202205,40.3,42.77,1723.63
1304401,2,202206,41.0,45.34,1858.94
1304401,2,202207,36.8,51.42,1892.26
1304401,2,202208,38.3,47.84,1832.27
1304401,2,202209,33.8,48.33,1633.55
1304401,2,202210,35.6,50.21,1787.48
1304401,2,202211,66.1,40.14,2653.25
1304401,2,202212,61.6,38.8,2390.08
1304401,2,202301,47.2,40.75,1923.4
1304401,2,202302,60.9,38.83,2364.75
1304401,2,202303,55.7,40.48,2254.74
1304401,2,202304,58.5,38.52,2253.42
1304401,2,202305,53.0,45.21,2396.13
1304401,2,202306,53.4,47.15,2517.81
1304401,2,202307,47.0,56.32,2647.04
1304401,2,202308,43.5,53.28,2317.68
1304401,2,202309,56.3,50.21,2826.82
1304401,2,202310,38.5,48.51,1867.64
1304401,2,202311,38.7,44.61,1726.41
1304401,2,202312,44.8,42.62,1909.38
1304401,2,202401,42.3,38.6,1632.78
1304401,2,202402,50.0,42.13,2106.5
1304401,2,202403,51.6,37.7,1945.32
1304401,2,202404,64.8,43.27,2803.9
1304401,2,202405,57.3,44.43,2545.84
1304401,2,202406,49.6,49.88,2474.05
1304401,2,202407,43.5,54.96,2390.76
1304401,2,202408,36.5,48.87,1783.76
1304401,2,202409,49.2,51.87,2552.0
1304401,2,202410,67.0,46.31,3102.77
1304401,2,202411,56.1,45.66,2561.53
1304401,2,202412,88.3,39.85,3518.76
1304401,3,202201,8.2,94.13,771.87
1304401,3,202202,5.7,92.48,527.14
1304401,3,202203,6.7,91.36,612.11
1304401,3,202204,4.7,93.79,440.81
1304401,3,202205,8.3,96.38,799.95
1304401,3,202206,9.8,84.17,824.87
1304401,3,202207,8.6,85.53,735.56
1304401,3,202208,9.4,86.67,814.7
1304401,3,202209,10.0,85.24,852.4
1304401,3,202210,10.5,79.95,839.48
1304401,3,202211,9.7,92.18,894.15
1304401,3,202212,10.7,85.97,919.88
1304401,3,202301,7.6,91.38,694.49
1304401,3,202302,7.6,92.95,706.42
1304401,3,202303,11.1,97.67,1084.14
1304401,3,202304,9.7,91.87,891.14
1304401,3,202305,10.3,87.12,897.34
1304401,3,202306,8.7,92.53,805.01
1304401,3,202307,14.1,88.62,1249.54
1304401,3,202308,13.3,91.38,1215.35
1304401,3,202309,9.5,85.56,812.82
1304401,3,202310,11.6,90.5,1049.8
1304401,3,202311,8.6,97.42,837.81
1304401,3,202312,9.7,90.28,875.72
1304401,3,202401,11.0,98.92,1088.12
1304401,3,202402,14.4,108.28,1559.23
1304401,3,202403,12.5,102.35,1279.38
1304401,3,202404,11.5,99.37,1142.76
1304401,3,202405,7.7,97.01,746.98
1304401,3,202406,8.2,100.23,821.89
1304401,3,202407,8.3,92.04,763.93
1304401,3,202408,9.0,91.58,824.22
1304401,3,202409,8.8,92.07,810.22
1304401,3,202410,10.7,86.97,930.58
1304401,3,202411,9.2,99.67,916.96
1304401,3,202412,9.9,96.09,951.29
1500107,1,202201,2846.6,10.81,30771.75
1500107,1,202202,2002.9,11.92,23874.57
1500107,1,202203,1384.9,12.64,17505.14
1500107,1,202204,1581.5,15.16,23975.54
1500107,1,202205,1577.9,13.41,21159.64
1500107,1,202206,2055.9,12.91,26541.67
1500107,1,202207,2026.9,10.91,22113.48
1500107,1,202208,2510.6,9.91,24880.05
1500107,1,202209,3447.5,8.82,30406.95
1500107,1,202210,4215.5,7.73,32585.82
1500107,1,202211,4460.7,8.54,38094.38
1500107,1,202212,3059.0,9.14,27959.26
1500107,1,202301,3266.2,10.4,33968.48
1500107,1,202302,2360.0,12.11,28579.6
1500107,1,202303,2460.0,14.7,36162.0
1500107,1,202304,2318.4,14.05,32573.52
1500107,1,202305,1889.3,14.67,27716.03
1500107,1,202306,2238.6,13.13,29392.82
1500107,1,202307,3096.0,12.1,37461.6
1500107,1,202308,4224.6,9.96,42077.02
1500107,1,202309,4556.1,9.77,44513.1
1500107,1,202310,6262.5,9.54,59744.25
1500107,1,202311,6409.1,9.25,59284.18
1500107,1,202312,4691.5,10.71,50245.96
1500107,1,202401,4220.0,12.45,52539.0
1500107,1,202402,4586.5,13.01,59670.36
1500107,1,202403,4741.9,13.52,64110.49
1500107,1,202404,2812.7,13.8,38815.26
1500107,1,202405,2343.7,14.36,33655.53
1500107,1,202406,3589.4,13.59,48779.95
1500107,1,202407,3240.6,11.63,37688.18
1500107,1,202408,3122.1,10.84,33843.56
1500107,1,202409,3638.2,10.19,37073.26
1500107,1,202410,4563.7,9.86,44998.08
1500107,1,202411,4422.4,10.7,47319.68
1500107,1,202412,3563.8,11.54,41126.25
1500107,2,202201,375.3,39.79,14933.19
1500107,2,202202,518.7,33.67,17464.63
1500107,2,202203,712.5,34.16,24339.0
1500107,2,202204,958.2,39.77,38107.61
1500107,2,202205,703.7,45.58,32074.65
1500107,2,202206,400.1,46.46,18588.65
1500107,2,202207,388.4,43.68,16965.31
1500107,2,202208,481.2,44.96,21634.75
1500107,2,202209,419.5,48.28,20253.46
1500107,2,202210,518.7,43.1,22355.97
1500107,2,202211,451.0,42.82,19311.82
1500107,2,202212,543.2,39.72,21575.9
1500107,2,202301,369.5,37.55,13874.72
1500107,2,202302,379.2,41.16,15607.87
1500107,2,202303,433.5,39.63,17179.6
1500107,2,202304,410.8,43.46,17853.37
1500107,2,202305,313.7,46.31,14527.45
1500107,2,202306,293.8,47.19,13864.42
1500107,2,202307,323.0,49.49,15985.27
1500107,2,202308,324.7,50.11,16270.72
1500107,2,202309,353.4,51.7,18270.78
1500107,2,202310,451.5,46.02,20778.03
1500107,2,202311,462.9,48.21,22316.41
1500107,2,202312,672.3,39.41,26495.34
1500107,2,202401,562.4,40.36,22698.46
1500107,2,202402,836.5,38.57,32263.8
1500107,2,202403,870.3,39.04,33976.51
1500107,2,202404,638.0,47.32,30190.16
1500107,2,202405,500.6,44.9,22476.94
1500107,2,202406,450.8,48.59,21904.37
1500107,2,202407,447.6,50.16,22451.62
1500107,2,202408,498.7,52.89,26376.24
1500107,2,202409,362.8,51.59,18716.85
1500107,2,202410,444.1,46.65,20717.26
1500107,2,202411,340.2,44.93,15285.19
1500107,2,202412,432.7,43.77,18939.28
1500107,3,202201,37.3,92.62,3454.73
1500107,3,202202,29.3,97.24,2849.13
1500107,3,202203,28.5,98.96,2820.36
1500107,3,202204,37.8,86.75,3279.15
1500107,3,202205,42.4,85.35,3618.84
1500107,3,202206,42.7,86.68,3701.24
1500107,3,202207,42.8,80.27,3435.56
1500107,3,202208,43.5,79.53,3459.56
1500107,3,202209,36.8,83.55,3074.64
1500107,3,202210,28.4,91.74,2605.42
1500107,3,202211,34.4,94.49,3250.46
1500107,3,202212,45.2,94.2,4257.84
1500107,3,202301,44.8,99.36,4451.33
1500107,3,202302,42.2,110.13,4647.49
1500107,3,202303,32.1,95.84,3076.46
1500107,3,202304,40.8,97.58,3981.26
1500107,3,202305,45.2,90.88,4107.78
1500107,3,202306,51.7,85.13,4401.22
1500107,3,202307,59.3,94.15,5583.1
1500107,3,202308,70.6,86.65,6117.49
1500107,3,202309,47.3,91.87,4345.45
1500107,3,202310,35.1,89.68,3147.77
1500107,3,202311,37.0,99.62,3685.94
1500107,3,202312,30.9,91.72,2834.15
1500107,3,202401,26.8,108.38,2904.58
1500107,3,202402,37.7,107.74,4061.8
1500107,3,202403,31.7,93.48,2963.32
1500107,3,202404,35.2,97.56,3434.11
1500107,3,202405,28.9,102.29,2956.18
1500107,3,202406,35.5,102.33,3632.72
1500107,3,202407,49.6,95.51,4737.3
1500107,3,202408,60.6,89.57,5427.94
1500107,3,202409,64.9,87.79,5697.57
1500107,3,202410,53.8,96.99,5218.06
1500107,3,202411,58.0,95.15,5518.7
1500107,3,202412,52.7,98.21,5175.67
1500131,1,202201,181.3,12.22,2215.49
1500131,1,202202,123.0,13.12,1613.76
1500131,1,202203,126.7,15.05,1906.84
1500131,1,202204,111.7,13.03,1455.45
1500131,1,202205,102.5,12.82,1314.05
1500131,1,202206,83.9,13.8,1157.82
1500131,1,202207,110.3,12.04,1328.01
1500131,1,202208,108.8,10.88,1183.74
1500131,1,202209,174.2,9.19,1600.9
1500131,1,202210,248.1,9.47,2349.51
1500131,1,202211,187.9,10.85,2038.72
1500131,1,202212,175.7,11.19,1966.08
1500131,1,202301,127.4,12.59,1603.97
1500131,1,202302,99.8,13.49,1346.3
1500131,1,202303,108.6,14.46,1570.36
1500131,1,202304,101.9,13.58,1383.8
1500131,1,202305,145.8,14.94,2178.25
1500131,1,202306,134.2,14.39,1931.14
1500131,1,202307,184.2,11.53,2123.83
1500131,1,202308,203.4,10.81,2198.75
1500131,1,202309,250.9,9.64,2418.68
1500131,1,202310,221.2,9.39,2077.07
1500131,1,202311,204.7,10.24,2096.13
1500131,1,202312,175.0,10.06,1760.5
1500131,1,202401,127.1,13.36,1698.06
1500131,1,202402,128.3,14.87,1907.82
1500131,1,202403,126.0,15.13,1906.38
1500131,1,202404,127.3,13.85,1763.1
1500131,1,202405,164.0,14.57,2389.48
1500131,1,202406,207.9,15.23,3166.32
1500131,1,202407,190.8,11.28,2152.22
1500131,1,202408,222.7,11.4,2538.78
1500131,1,202409,209.4,10.0,2094.0
1500131,1,202410,220.3,10.66,2348.4
1500131,1,202411,188.7,10.25,1934.18
1500131,1,202412,232.4,11.84,2751.62
1500131,2,202201,28.6,40.22,1150.29
1500131,2,202202,30.0,38.22,1146.6
1500131,2,202203,27.2,38.75,1054.0
1500131,2,202204,23.3,40.23,937.36
1500131,2,202205,18.4,42.39,779.98
1500131,2,202206,13.5,51.89,700.52
1500131,2,202207,13.0,54.99,714.87
1500131,2,202208,17.2,49.13,845.04
1500131,2,202209,17.0,48.11,817.87
1500131,2,202210,18.4,47.54,874.74
1500131,2,202211,20.7,45.77,947.44
1500131,2,202212,31.2,41.25,1287.0
1500131,2,202301,27.5,41.75,1148.12
1500131,2,202302,31.1,39.68,1234.05
1500131,2,202303,29.8,40.49,1206.6
1500131,2,202304,27.8,48.84,1357.75
1500131,2,202305,25.7,45.59,1171.66
1500131,2,202306,22.6,54.61,1234.19
1500131,2,202307,23.5,56.85,1335.98
1500131,2,202308,21.3,55.19,1175.55
1500131,2,202309,29.1,48.02,1397.38
1500131,2,202310,27.8,50.39,1400.84
1500131,2,202311,21.3,45.61,971.49
1500131,2,202312,29.0,43.33,1256.57
1500131,2,202401,34.1,40.1,1367.41
1500131,2,202402,34.5,42.9,1480.05
1500131,2,202403,31.3,44.42,1390.35
1500131,2,202404,19.7,47.66,938.9
1500131,2,202405,14.4,47.68,686.59
1500131,2,202406,21.7,49.55,1075.23
1500131,2,202407,18.3,55.89,1022.79
1500131,2,202408,22.3,61.02,1360.75
1500131,2,202409,16.7,55.1,920.17
1500131,2,202410,16.7,53.44,892.45
1500131,2,202411,24.5,48.03,1176.74
1500131,2,202412,28.2,43.84,1236.29
1500131,3,202201,2.9,99.82,289.48
1500131,3,202202,3.7,90.61,335.26
1500131,3,202203,3.8,93.14,353.93
1500131,3,202204,3.4,95.11,323.37
1500131,3,202205,2.7,89.97,242.92
1500131,3,202206,3.2,81.51,260.83
1500131,3,202207,4.3,83.46,358.88
1500131,3,202208,4.6,82.62,380.05
1500131,3,202209,4.0,84.6,338.4
1500131,3,202210,3.2,86.74,277.57
1500131,3,202211,3.1,97.33,301.72
1500131,3,202212,3.5,91.74,321.09
1500131,3,202301,3.2,90.36,289.15
1500131,3,202302,2.8,99.67,279.08
1500131,3,202303,2.5,107.46,268.65
1500131,3,202304,4.2,95.61,401.56
1500131,3,202305,3.2,91.57,293.02
1500131,3,202306,2.7,89.42,241.43
1500131,3,202307,3.0,91.37,274.11
1500131,3,202308,3.0,86.63,259.89
1500131,3,202309,3.7,82.26,304.36
1500131,3,202310,4.1,87.79,359.94
1500131,3,202311,2.8,93.3,261.24
1500131,3,202312,2.4,99.02,237.65
1500131,3,202401,2.1,99.31,208.55
1500131,3,202402,2.7,101.52,274.1
1500131,3,202403,2.9,102.48,297.19
1500131,3,202404,2.8,96.3,269.64
1500131,3,202405,3.1,96.76,299.96
1500131,3,202406,2.6,96.51,250.93
1500131,3,202407,2.6,86.84,225.78
1500131,3,202408,2.3,92.78,213.39
1500131,3,202409,2.7,87.26,235.6
1500131,3,202410,2.9,89.37,259.17
1500131,3,202411,2.4,94.03,225.67
1500131,3,202412,2.8,107.19,300.13
1500206,1,202201,2320.6,11.33,26292.4
1500206,1,202202,1652.5,11.41,18855.03
1500206,1,202203,1464.2,13.25,19400.65
1500206,1,202204,1005.4,14.66,14739.16
1500206,1,202205,1402.2,13.32,18677.3
1500206,1,202206,1334.0,11.94,15927.96
1500206,1,202207,1482.9,10.74,15926.35
1500206,1,202208,1870.3,9.66,18067.1
1500206,1,202209,1670.0,8.9,14863.0
1500206,1,202210,2093.9,8.54,17881.91
1500206,1,202211,2545.6,9.43,24005.01
1500206,1,202212,2297.5,9.04,20769.4
1500206,1,202301,1398.3,11.96,16723.67
1500206,1,202302,1261.9,12.42,15672.8
1500206,1,202303,1357.2,13.79,18715.79
1500206,1,202304,913.1,13.1,11961.61
1500206,1,202305,898.2,14.47,12996.95
1500206,1,202306,1398.8,13.47,18841.84
1500206,1,202307,1807.7,12.02,21728.55
1500206,1,202308,2323.6,9.5,22074.2
1500206,1,202309,3593.4,9.77,35107.52
1500206,1,202310,3532.5,9.23,32604.98
1500206,1,202311,3361.8,8.65,29079.57
1500206,1,202312,4280.0,10.24,43827.2
1500206,1,202401,2664.4,12.09,32212.6
1500206,1,202402,1681.6,13.49,22684.78
1500206,1,202403,1557.0,14.16,22047.12
1500206,1,202404,1537.6,14.58,22418.21
1500206,1,202405,1384.8,15.11,20924.33
1500206,1,202406,1314.4,13.95,18335.88
1500206,1,202407,2568.9,10.29,26433.98
1500206,1,202408,2887.2,10.46,30200.11
1500206,1,202409,2623.4,9.64,25289.58
1500206,1,202410,3239.4,8.6,27858.84
1500206,1,202411,2840.7,9.76,27725.23
1500206,1,202412,2318.8,11.31,26225.63
1500206,2,202201,244.7,39.12,9572.66
1500206,2,202202,275.3,38.02,10466.91
1500206,2,202203,285.8,31.99,9142.74
1500206,2,202204,264.9,38.06,10082.09
1500206,2,202205,245.5,42.25,10372.38
1500206,2,202206,173.3,44.82,7767.31
1500206,2,202207,137.1,49.71,6815.24
1500206,2,202208,142.6,50.07,7139.98
1500206,2,202209,154.9,46.7,7233.83
1500206,2,202210,160.0,49.13,7860.8
1500206,2,202211,201.1,42.74,8595.01
1500206,2,202212,273.8,37.07,10149.77
1500206,2,202301,353.0,35.9,12672.7
1500206,2,202302,419.7,38.36,16099.69
1500206,2,202303,270.5,35.47,9594.64
1500206,2,202304,199.3,38.43,7659.1
1500206,2,202305,181.3,41.91,7598.28
1500206,2,202306,174.4,46.41,8093.9
1500206,2,202307,158.5,47.46,7522.41
1500206,2,202308,144.8,45.66,6611.57
1500206,2,202309,151.5,50.79,7694.68
1500206,2,202310,193.1,44.68,8627.71
1500206,2,202311,173.1,46.92,8121.85
1500206,2,202312,330.6,39.83,13167.8
1500206,2,202401,326.5,40.84,13334.26
1500206,2,202402,382.7,38.65,14791.36
1500206,2,202403,297.9,40.94,12196.03
1500206,2,202404,294.4,41.93,12344.19
1500206,2,202405,250.6,44.58,11171.75
1500206,2,202406,248.4,50.03,12427.45
1500206,2,202407,201.3,56.37,11347.28
1500206,2,202408,248.9,49.99,12442.51
1500206,2,202409,172.7,51.8,8945.86
1500206,2,202410,231.6,47.35,10966.26
1500206,2,202411,255.5,45.19,11546.04
1500206,2,202412,232.6,40.84,9499.38
1500206,3,202201,11.5,90.18,1037.07
1500206,3,202202,11.7,92.62,1083.65
1500206,3,202203,15.0,94.91,1423.65
1500206,3,202204,20.7,93.48,1935.04
1500206,3,202205,16.9,92.2,1558.18
1500206,3,202206,18.2,84.79,1543.18
1500206,3,202207,17.1,86.82,1484.62
1500206,3,202208,16.3,88.72,1446.14
1500206,3,202209,16.6,85.52,1419.63
1500206,3,202210,11.7,86.85,1016.14
1500206,3,202211,12.2,88.95,1085.19
1500206,3,202212,13.4,89.88,1204.39
1500206,3,202301,11.2,93.95,1052.24
1500206,3,202302,12.8,97.75,1251.2
1500206,3,202303,9.6,100.71,966.82
1500206,3,202304,11.6,92.22,1069.75
1500206,3,202305,16.7,93.25,1557.28
1500206,3,202306,16.1,89.93,1447.87
1500206,3,202307,13.8,96.99,1338.46
1500206,3,202308,11.5,91.22,1049.03
1500206,3,202309,14.1,91.93,1296.21
1500206,3,202310,17.0,95.07,1616.19
1500206,3,202311,15.6,91.08,1420.85
1500206,3,202312,13.5,103.28,1394.28
1500206,3,202401,9.4,103.07,968.86
1500206,3,202402,11.1,102.8,1141.08
1500206,3,202403,10.9,96.23,1048.91
1500206,3,202404,11.2,98.13,1099.06
1500206,3,202405,17.5,88.99,1557.32
1500206,3,202406,12.7,93.12,1182.62
1500206,3,202407,10.8,89.53,966.92
1500206,3,202408,13.7,89.57,1227.11
1500206,3,202409,13.8,85.98,1186.52
1500206,3,202410,13.2,97.66,1289.11
1500206,3,202411,14.5,100.12,1451.74
1500206,3,202412,15.0,108.94,1634.1
1500305,1,202201,990.6,10.56,10460.74
1500305,1,202202,691.2,11.05,7637.76
1500305,1,202203,569.6,12.89,7342.14
1500305,1,202204,770.7,13.26,10219.48
1500305,1,202205,693.6,12.78,8864.21
1500305,1,202206,863.6,12.0,10363.2
1500305,1,202207,715.1,10.33,7386.98
1500305,1,202208,1343.4,8.94,12010.0
1500305,1,202209,1602.4,8.2,13139.68
1500305,1,202210,1503.3,7.62,11455.15
1500305,1,202211,1541.1,8.66,13345.93
1500305,1,202212,991.7,9.33,9252.56
1500305,1,202301,1103.3,10.64,11739.11
1500305,1,202302,837.2,10.37,8681.76
1500305,1,202303,709.4,12.08,8569.55
1500305,1,202304,629.6,13.92,8764.03
1500305,1,202305,622.7,12.44,7746.39
1500305,1,202306,861.5,12.24,10544.76
1500305,1,202307,1068.8,10.15,10848.32
1500305,1,202308,1403.2,10.46,14677.47
1500305,1,202309,1503.8,8.84,13293.59
1500305,1,202310,1674.0,8.72,14597.28
1500305,1,202311,1402.7,10.0,14027.0
1500305,1,202312,1841.8,10.5,19338.9
1500305,1,202401,996.7,11.11,11073.34
1500305,1,202402,1069.9,12.11,12956.49
1500305,1,202403,1114.0,13.12,14615.68
1500305,1,202404,789.9,14.01,11066.5
1500305,1,202405,1208.4,13.27,16035.47
1500305,1,202406,1382.5,12.23,16907.98
1500305,1,202407,1648.8,12.14,20016.43
1500305,1,202408,1661.4,10.04,16680.46
1500305,1,202409,1637.0,10.36,16959.32
1500305,1,202410,1579.5,8.96,14152.32
1500305,1,202411,1600.4,10.1,16164.04
1500305,1,202412,1753.8,10.28,18029.06
1500305,2,202201,68.2,36.83,2511.81
1500305,2,202202,86.0,39.85,3427.1
1500305,2,202203,68.3,40.26,2749.76
1500305,2,202204,75.1,42.11,3162.46
1500305,2,202205,65.1,50.21,3268.67
1500305,2,202206,53.1,49.94,2651.81
1500305,2,202207,56.5,49.23,2781.5
1500305,2,202208,57.6,53.11,3059.14
1500305,2,202209,58.8,50.12,2947.06
1500305,2,202210,71.2,51.54,3669.65
1500305,2,202211,74.2,45.64,3386.49
1500305,2,202212,57.4,42.42,2434.91
1500305,2,202301,63.0,37.89,2387.07
1500305,2,202302,50.5,39.9,2014.95
1500305,2,202303,65.4,40.61,2655.89
1500305,2,202304,74.3,41.13,3055.96
1500305,2,202305,75.6,46.28,3498.77
1500305,2,202306,67.1,51.42,3450.28
1500305,2,202307,67.0,52.87,3542.29
1500305,2,202308,43.4,50.15,2176.51
1500305,2,202309,46.0,52.16,2399.36
1500305,2,202310,40.5,49.15,1990.58
1500305,2,202311,48.8,47.26,2306.29
1500305,2,202312,81.9,43.48,3561.01
1500305,2,202401,103.6,41.43,4292.15
1500305,2,202402,108.3,40.39,4374.24
1500305,2,202403,90.6,42.43,3844.16
1500305,2,202404,65.7,47.17,3099.07
1500305,2,202405,62.5,49.28,3080.0
1500305,2,202406,68.3,56.1,3831.63
1500305,2,202407,62.5,58.11,3631.88
1500305,2,202408,42.4,60.23,2553.75
1500305,2,202409,48.1,58.8,2828.28
1500305,2,202410,38.8,56.49,2191.81
1500305,2,202411,59.8,45.88,2743.62
1500305,2,202412,62.3,46.43,2892.59
1500305,3,202201,17.3,96.45,1668.58
1500305,3,202202,20.4,102.78,2096.71
1500305,3,202203,20.0,89.88,1797.6
1500305,3,202204,18.1,94.0,1701.4
1500305,3,202205,18.0,83.21,1497.78
1500305,3,202206,21.6,92.81,2004.7
1500305,3,202207,45.2,84.86,3835.67
1500305,3,202208,41.4,78.51,3250.31
1500305,3,202209,32.6,80.05,2609.63
1500305,3,202210,28.7,90.93,2609.69
1500305,3,202211,25.8,82.81,2136.5
1500305,3,202212,21.5,94.0,2021.0
1500305,3,202301,22.3,96.38,2149.27
1500305,3,202302,19.6,98.25,1925.7
1500305,3,202303,15.9,95.2,1513.68
1500305,3,202304,18.9,91.92,1737.29
1500305,3,202305,22.1,91.35,2018.84
1500305,3,202306,21.7,93.43,2027.43
1500305,3,202307,23.4,87.45,2046.33
1500305,3,202308,27.4,89.86,2462.16
1500305,3,202309,24.6,87.67,2156.68
1500305,3,202310,20.9,93.61,1956.45
1500305,3,202311,17.6,95.56,1681.86
1500305,3,202312,16.9,93.84,1585.9
1500305,3,202401,22.7,97.49,2213.02
1500305,3,202402,20.0,108.07,2161.4
1500305,3,202403,21.0,98.18,2061.78
1500305,3,202404,19.7,102.65,2022.2
1500305,3,202405,19.3,97.35,1878.86
1500305,3,202406,17.8,92.13,1639.91
1500305,3,202407,20.5,94.15,1930.08
1500305,3,202408,19.8,97.84,1937.23
1500305,3,202409,26.2,95.08,2491.1
1500305,3,202410,23.5,94.9,2230.15
1500305,3,202411,21.7,105.41,2287.4
1500305,3,202412,19.9,92.08,1832.39
1500347,1,202201,436.2,11.33,4942.15
1500347,1,202202,332.2,13.74,4564.43
1500347,1,202203,349.8,13.37,4676.83
1500347,1,202204,409.6,14.11,5779.46
1500347,1,202205,409.8,13.75,5634.75
1500347,1,202206,357.5,14.17,5065.77
1500347,1,202207,359.1,12.2,4381.02
1500347,1,202208,382.1,10.63,4061.72
1500347,1,202209,382.5,10.07,3851.78
1500347,1,202210,521.5,8.53,4448.39
1500347,1,202211,700.8,9.8,6867.84
1500347,1,202212,617.9,11.87,7334.47
1500347,1,202301,347.2,12.56,4360.83
1500347,1,202302,333.0,13.84,4608.72
1500347,1,202303,319.5,15.16,4843.62
1500347,1,202304,483.0,15.79,7626.57
1500347,1,202305,352.6,13.35,4707.21
1500347,1,202306,391.5,12.68,4964.22
1500347,1,202307,671.8,12.61,8471.4
1500347,1,202308,795.9,10.78,8579.8
1500347,1,202309,921.9,10.9,10048.71
1500347,1,202310,902.8,9.71,8766.19
1500347,1,202311,861.3,9.27,7984.25
1500347,1,202312,822.5,10.48,8619.8
1500347,1,202401,546.0,11.3,6169.8
1500347,1,202402,540.3,14.15,7645.24
1500347,1,202403,350.5,15.17,5317.08
1500347,1,202404,379.0,15.35,5817.65
1500347,1,202405,417.4,16.17,6749.36
1500347,1,202406,424.4,15.21,6455.12
1500347,1,202407,527.0,12.85,6771.95
1500347,1,202408,578.7,10.42,6030.05
1500347,1,202409,578.8,10.94,6332.07
1500347,1,202410,640.3,10.53,6742.36
1500347,1,202411,552.3,10.77,5948.27
1500347,1,202412,592.3,12.18,7214.21
1500347,2,202201,113.1,35.03,3961.89
1500347,2,202202,92.5,36.87,3410.48
1500347,2,202203,100.6,37.85,3807.71
1500347,2,202204,88.8,41.05,3645.24
1500347,2,202205,105.9,47.43,5022.84
1500347,2,202206,62.7,44.38,2782.63
1500347,2,202207,50.4,47.11,2374.34
1500347,2,202208,37.5,53.49,2005.88
1500347,2,202209,47.2,50.82,2398.7
1500347,2,202210,85.3,48.02,4096.11
1500347,2,202211,86.3,41.67,3596.12
1500347,2,202212,94.0,42.0,3948.0
1500347,2,202301,109.2,40.43,4414.96
1500347,2,202302,103.9,38.3,3979.37
1500347,2,202303,104.4,37.72,3937.97
1500347,2,202304,98.1,41.51,4072.13
1500347,2,202305,70.7,48.47,3426.83
1500347,2,202306,63.3,45.43,2875.72
1500347,2,202307,67.9,48.46,3290.43
1500347,2,202308,74.9,49.74,3725.53
1500347,2,202309,89.7,49.41,4432.08
1500347,2,202310,90.5,47.94,4338.57
1500347,2,202311,98.0,46.83,4589.34
1500347,2,202312,116.3,42.25,4913.68
1500347,2,202401,104.4,40.28,4205.23
1500347,2,202402,94.5,39.78,3759.21
1500347,2,202403,92.6,41.43,3836.42
1500347,2,202404,69.4,39.25,2723.95
1500347,2,202405,73.8,48.7,3594.06
1500347,2,202406,81.8,47.61,3894.5
1500347,2,202407,62.5,51.01,3188.12
1500347,2,202408,66.9,53.99,3611.93
1500347,2,202409,60.8,51.95,3158.56
1500347,2,202410,57.6,50.84,2928.38
1500347,2,202411,104.2,46.48,4843.22
1500347,2,202412,90.2,42.08,3795.62
1500347,3,202201,4.7,96.81,455.01
1500347,3,202202,6.3,96.0,604.8
1500347,3,202203,7.0,95.12,665.84
1500347,3,202204,4.7,101.24,475.83
1500347,3,202205,4.9,85.13,417.14
1500347,3,202206,4.3,84.44,363.09
1500347,3,202207,5.1,88.6,451.86
1500347,3,202208,6.6,85.69,565.55
1500347,3,202209,7.7,84.12,647.72
1500347,3,202210,7.3,86.99,635.03
1500347,3,202211,6.0,94.21,565.26
1500347,3,202212,5.6,94.98,531.89
1500347,3,202301,6.1,95.02,579.62
1500347,3,202302,8.8,100.4,883.52
1500347,3,202303,5.9,98.22,579.5
1500347,3,202304,8.0,98.7,789.6
1500347,3,202305,7.7,92.11,709.25
1500347,3,202306,8.5,85.47,726.5
1500347,3,202307,8.2,91.77,752.51
1500347,3,202308,9.8,90.43,886.21
1500347,3,202309,8.9,95.24,847.64
1500347,3,202310,6.8,85.01,578.07
1500347,3,202311,6.9,93.27,643.56
1500347,3,202312,7.7,95.3,733.81
1500347,3,202401,6.7,100.24,671.61
1500347,3,202402,4.3,95.39,410.18
1500347,3,202403,4.8,96.94,465.31
1500347,3,202404,5.5,101.48,558.14
1500347,3,202405,5.9,94.8,559.32
1500347,3,202406,5.9,90.47,533.77
1500347,3,202407,8.2,98.98,811.64
1500347,3,202408,5.1,102.88,524.69
1500347,3,202409,5.8,91.89,532.96
1500347,3,202410,6.2,87.46,542.25
1500347,3,202411,9.0,99.15,892.35
1500347,3,202412,7.5,90.2,676.5
1500404,1,202201,1704.5,11.52,19635.84
1500404,1,202202,1046.1,12.57,13149.48
1500404,1,202203,1039.1,13.83,14370.75
1500404,1,202204,688.9,13.91,9582.6
1500404,1,202205,666.1,12.64,8419.5
1500404,1,202206,1122.4,11.93,13390.23
1500404,1,202207,1231.8,11.52,14190.34
1500404,1,202208,1706.0,10.84,18493.04
1500404,1,202209,1907.4,8.42,16060.31
1500404,1,202210,1864.2,9.25,17243.85
1500404,1,202211,2225.9,9.99,22236.74
1500404,1,202212,1682.2,10.22,17192.08
1500404,1,202301,1066.3,11.96,12752.95
1500404,1,202302,857.6,12.41,10642.82
1500404,1,202303,939.9,13.67,12848.43
1500404,1,202304,996.6,12.98,12935.87
1500404,1,202305,782.9,12.23,9574.87
1500404,1,202306,872.6,13.48,11762.65
1500404,1,202307,1055.8,11.08,11698.26
1500404,1,202308,1322.1,10.18,13458.98
1500404,1,202309,1293.1,8.88,11482.73
1500404,1,202310,1419.1,8.57,12161.69
1500404,1,202311,1369.4,9.44,12927.14
1500404,1,202312,1591.6,10.04,15979.66
1500404,1,202401,1578.7,12.35,19496.94
1500404,1,202402,1242.0,13.7,17015.4
1500404,1,202403,1007.0,14.55,14651.85
1500404,1,202404,1008.6,14.84,14967.62
1500404,1,202405,917.6,15.5,14222.8
1500404,1,202406,904.4,12.69,11476.84
1500404,1,202407,1028.1,12.08,12419.45
1500404,1,202408,1260.3,11.48,14468.24
1500404,1,202409,1327.3,10.56,14016.29
1500404,1,202410,1689.6,8.92,15071.23
1500404,1,202411,2010.0,9.76,19617.6
1500404,1,202412,1332.4,11.61,15469.16
1500404,2,202201,390.3,36.45,14226.44
1500404,2,202202,406.7,34.98,14226.37
1500404,2,202203,424.5,31.81,13503.34
1500404,2,202204,315.9,37.38,11808.34
1500404,2,202205,414.9,39.03,16193.55
1500404,2,202206,258.8,42.71,11053.35
1500404,2,202207,238.5,42.95,10243.58
1500404,2,202208,216.2,47.72,10317.06
1500404,2,202209,214.0,50.15,10732.1
1500404,2,202210,223.5,44.27,9894.35
1500404,2,202211,232.8,36.48,8492.54
1500404,2,202212,357.4,38.14,13631.24
1500404,2,202301,324.4,35.58,11542.15
1500404,2,202302,429.6,33.22,14271.31
1500404,2,202303,454.6,36.57,16624.72
1500404,2,202304,364.4,39.92,14546.85
1500404,2,202305,351.2,39.94,14026.93
1500404,2,202306,289.1,40.89,11821.3
1500404,2,202307,213.9,42.2,9026.58
1500404,2,202308,183.0,45.94,8407.02
1500404,2,202309,241.2,46.3,11167.56
1500404,2,202310,303.3,43.26,13120.76
1500404,2,202311,350.4,39.91,13984.46
1500404,2,202312,359.0,39.3,14108.7
1500404,2,202401,380.8,38.34,14599.87
1500404,2,202402,379.8,36.97,14041.21
1500404,2,202403,278.7,39.03,10877.66
1500404,2,202404,299.0,38.54,11523.46
1500404,2,202405,316.4,40.77,12899.63
1500404,2,202406,287.4,45.1,12961.74
1500404,2,202407,363.0,47.24,17148.12
1500404,2,202408,259.4,44.69,11592.59
1500404,2,202409,238.4,47.34,11285.86
1500404,2,202410,281.3,48.92,13761.2
1500404,2,202411,340.4,44.82,15256.73
1500404,2,202412,273.2,40.89,11171.15
1500404,3,202201,16.6,94.11,1562.23
1500404,3,202202,12.5,97.34,1216.75
1500404,3,202203,13.0,97.67,1269.71
1500404,3,202204,11.2,89.46,1001.95
1500404,3,202205,13.8,94.0,1297.2
1500404,3,202206,19.4,86.35,1675.19
1500404,3,202207,17.6,93.14,1639.26
1500404,3,202208,18.3,82.16,1503.53
1500404,3,202209,16.0,78.72,1259.52
1500404,3,202210,14.5,91.02,1319.79
1500404,3,202211,13.1,91.94,1204.41
1500404,3,202212,16.2,98.44,1594.73
1500404,3,202301,12.3,100.0,1230.0
1500404,3,202302,12.8,111.53,1427.58
1500404,3,202303,15.4,97.54,1502.12
1500404,3,202304,19.3,101.59,1960.69
1500404,3,202305,21.0,91.17,1914.57
1500404,3,202306,20.6,93.05,1916.83
1500404,3,202307,18.7,91.8,1716.66
1500404,3,202308,23.0,91.72,2109.56
1500404,3,202309,18.5,92.25,1706.62
1500404,3,202310,15.8,77.23,1220.23
1500404,3,202311,20.9,93.28,1949.55
1500404,3,202312,20.2,93.68,1892.34
1500404,3,202401,19.9,100.34,1996.77
1500404,3,202402,20.6,101.58,2092.55
1500404,3,202403,19.1,107.37,2050.77
1500404,3,202404,14.7,101.14,1486.76
1500404,3,202405,17.6,94.76,1667.78
1500404,3,202406,19.0,87.61,1664.59
1500404,3,202407,17.3,99.49,1721.18
1500404,3,202408,15.6,88.46,1379.98
1500404,3,202409,17.3,91.55,1583.82
1500404,3,202410,14.2,104.93,1490.01
1500404,3,202411,15.2,94.23,1432.3
1500404,3,202412,15.3,98.75,1510.88
1500503,1,202201,1029.7,11.55,11893.04
1500503,1,202202,823.0,11.47,9439.81
1500503,1,202203,683.5,13.25,9056.38
1500503,1,202204,712.2,13.45,9579.09
1500503,1,202205,715.1,14.01,10018.55
1500503,1,202206,824.0,12.25,10094.0
1500503,1,202207,1013.2,10.8,10942.56
1500503,1,202208,1075.4,9.76,10495.9
1500503,1,202209,1420.4,9.75,13848.9
1500503,1,202210,2505.3,9.08,22748.12
1500503,1,202211,1406.5,8.98,12630.37
1500503,1,202212,1316.0,9.89,13015.24
1500503,1,202301,948.1,10.74,10182.59
1500503,1,202302,923.4,13.09,12087.31
1500503,1,202303,808.5,12.57,10162.84
1500503,1,202304,876.4,14.59,12786.68
1500503,1,202305,1069.9,13.82,14786.02
1500503,1,202306,1118.5,14.46,16173.51
1500503,1,202307,1503.2,11.0,16535.2
1500503,1,202308,1031.3,10.34,10663.64
1500503,1,202309,1712.3,10.4,17807.92
1500503,1,202310,1813.0,9.74,17658.62
1500503,1,202311,1978.6,9.18,18163.55
1500503,1,202312,1249.7,10.51,13134.35
1500503,1,202401,926.0,12.06,11167.56
1500503,1,202402,860.1,13.51,11619.95
1500503,1,202403,782.1,13.76,10761.7
1500503,1,202404,804.9,14.52,11687.15
1500503,1,202405,1021.3,13.15,13430.1
1500503,1,202406,780.8,13.41,10470.53
1500503,1,202407,1202.5,12.33,14826.82
1500503,1,202408,1406.8,10.67,15010.56
1500503,1,202409,1525.1,9.1,13878.41
1500503,1,202410,1238.8,10.01,12400.39
1500503,1,202411,1449.6,10.04,14553.98
1500503,1,202412,854.1,10.4,8882.64
1500503,2,202201,182.4,36.72,6697.73
1500503,2,202202,141.0,37.51,5288.91
1500503,2,202203,116.7,37.88,4420.6
1500503,2,202204,141.5,37.76,5343.04
1500503,2,202205,121.7,39.21,4771.86
1500503,2,202206,93.5,43.97,4111.2
1500503,2,202207,97.9,49.5,4846.05
1500503,2,202208,86.2,46.09,3972.96
1500503,2,202209,78.6,42.19,3316.13
1500503,2,202210,79.6,43.17,3436.33
1500503,2,202211,106.7,40.32,4302.14
1500503,2,202212,131.1,34.53,4526.88
1500503,2,202301,191.5,37.42,7165.93
1500503,2,202302,170.1,37.06,6303.91
1500503,2,202303,150.0,40.6,6090.0
1500503,2,202304,177.6,36.79,6533.9
1500503,2,202305,169.2,44.09,7460.03
1500503,2,202306,134.6,47.97,6456.76
1500503,2,202307,85.0,49.3,4190.5
1500503,2,202308,75.6,46.49,3514.64
1500503,2,202309,71.3,45.55,3247.71
1500503,2,202310,90.1,45.92,4137.39
1500503,2,202311,101.0,42.71,4313.71
1500503,2,202312,166.5,38.24,6366.96
1500503,2,202401,129.3,40.97,5297.42
1500503,2,202402,117.3,36.77,4313.12
1500503,2,202403,135.2,34.93,4722.54
1500503,2,202404,144.4,40.37,5829.43
1500503,2,202405,80.2,45.21,3625.84
1500503,2,202406,62.5,48.27,3016.88
1500503,2,202407,69.2,50.71,3509.13
1500503,2,202408,100.7,54.69,5507.28
1500503,2,202409,146.7,47.17,6919.84
1500503,2,202410,130.7,46.45,6071.02
1500503,2,202411,136.9,47.68,6527.39
1500503,2,202412,131.4,37.0,4861.8
1500503,3,202201,8.7,96.13,836.33
1500503,3,202202,7.1,91.22,647.66
1500503,3,202203,8.0,96.6,772.8
1500503,3,202204,9.0,96.79,871.11
1500503,3,202205,11.0,91.81,1009.91
1500503,3,202206,10.4,85.77,892.01
1500503,3,202207,13.0,86.07,1118.91
1500503,3,202208,9.3,83.08,772.64
1500503,3,202209,10.8,84.82,916.06
1500503,3,202210,12.5,82.27,1028.38
1500503,3,202211,13.2,96.43,1272.88
1500503,3,202212,12.3,102.12,1256.08
1500503,3,202301,10.7,95.06,1017.14
1500503,3,202302,10.8,103.19,1114.45
1500503,3,202303,14.4,105.91,1525.1
1500503,3,202304,12.6,91.9,1157.94
1500503,3,202305,16.0,84.02,1344.32
1500503,3,202306,19.4,97.95,1900.23
1500503,3,202307,13.1,88.69,1161.84
1500503,3,202308,13.7,85.73,1174.5
1500503,3,202309,11.9,88.95,1058.51
1500503,3,202310,9.6,89.13,855.65
1500503,3,202311,12.5,108.53,1356.62
1500503,3,202312,13.6,93.88,1276.77
1500503,3,202401,13.7,103.94,1423.98
1500503,3,202402,10.9,109.91,1198.02
1500503,3,202403,12.2,109.05,1330.41
1500503,3,202404,10.3,105.76,1089.33
1500503,3,202405,12.3,95.15,1170.34
1500503,3,202406,12.2,93.57,1141.55
1500503,3,202407,16.7,82.66,1380.42
1500503,3,202408,15.5,91.03,1410.96
1500503,3,202409,16.2,92.3,1495.26
1500503,3,202410,16.2,97.85,1585.17
1500503,3,202411,14.9,106.33,1584.32
1500503,3,202412,14.4,103.74,1493.86
1500602,1,202201,2069.0,10.66,22055.54
1500602,1,202202,1615.6,11.82,19096.39
1500602,1,202203,1488.3,13.37,19898.57
1500602,1,202204,2009.6,12.42,24959.23
1500602,1,202205,1856.3,13.67,25375.62
1500602,1,202206,2466.9,11.31,27900.64
1500602,1,202207,2615.0,10.62,27771.3
1500602,1,202208,3351.6,10.82,36264.31
1500602,1,202209,3717.4,9.5,35315.3
1500602,1,202210,4615.8,8.72,40249.78
1500602,1,202211,3790.8,8.57,32487.16
1500602,1,202212,2532.8,9.57,24238.9
1500602,1,202301,1867.0,11.46,21395.82
1500602,1,202302,1693.1,12.64,21400.78
1500602,1,202303,1373.5,13.44,18459.84
1500602,1,202304,1685.6,13.8,23261.28
1500602,1,202305,1757.7,13.35,23465.3
1500602,1,202306,3327.0,11.74,39058.98
1500602,1,202307,2571.5,11.13,28620.8
1500602,1,202308,3356.9,10.7,35918.83
1500602,1,202309,3177.4,8.73,27738.7
1500602,1,202310,3350.1,8.94,29949.89
1500602,1,202311,3602.5,8.97,32314.43
1500602,1,202312,2187.8,10.28,22490.58
1500602,1,202401,2325.7,11.65,27094.4
1500602,1,202402,3049.2,14.13,43085.2
1500602,1,202403,2297.5,14.4,33084.0
1500602,1,202404,2275.0,13.46,30621.5
1500602,1,202405,2802.5,14.52,40692.3
1500602,1,202406,2838.5,12.63,35850.26
1500602,1,202407,2931.9,11.54,33834.13
1500602,1,202408,2367.2,10.8,25565.76
1500602,1,202409,3607.9,9.48,34202.89
1500602,1,202410,3942.9,9.81,38679.85
1500602,1,202411,3286.8,9.35,30731.58
1500602,1,202412,3278.8,10.31,33804.43
1500602,2,202201,515.5,37.09,19119.9
1500602,2,202202,609.6,34.39,20964.14
1500602,2,202203,579.3,34.71,20107.5
1500602,2,202204,526.4,36.11,19008.3
1500602,2,202205,340.1,39.16,13318.32
1500602,2,202206,385.1,41.86,16120.29
1500602,2,202207,257.3,46.92,12072.52
1500602,2,202208,208.9,46.35,9682.52
1500602,2,202209,256.5,47.07,12073.46
1500602,2,202210,266.4,44.91,11964.02
1500602,2,202211,332.1,38.67,12842.31
1500602,2,202212,415.5,35.71,14837.5
1500602,2,202301,631.2,36.15,22817.88
1500602,2,202302,615.8,34.37,21165.05
1500602,2,202303,476.7,34.99,16679.73
1500602,2,202304,481.4,42.32,20372.85
1500602,2,202305,344.6,38.93,13415.28
1500602,2,202306,367.9,49.99,18391.32
1500602,2,202307,323.6,48.18,15591.05
1500602,2,202308,325.7,50.78,16539.05
1500602,2,202309,233.3,49.6,11571.68
1500602,2,202310,188.8,46.6,8798.08
1500602,2,202311,204.5,45.67,9339.52
1500602,2,202312,405.2,36.83,14923.52
1500602,2,202401,355.3,38.25,13590.22
1500602,2,202402,462.4,36.08,16683.39
1500602,2,202403,401.4,35.41,14213.57
1500602,2,202404,369.8,39.65,14662.57
1500602,2,202405,340.5,48.65,16565.32
1500602,2,202406,418.4,47.21,19752.66
1500602,2,202407,385.5,55.28,21310.44
1500602,2,202408,362.3,56.55,20488.06
1500602,2,202409,434.7,58.14,25273.46
1500602,2,202410,368.6,52.39,19310.95
1500602,2,202411,487.2,49.85,24286.92
1500602,2,202412,588.6,41.65,24515.19
1500602,3,202201,45.7,97.86,4472.2
1500602,3,202202,57.2,95.36,5454.59
1500602,3,202203,53.2,87.37,4648.08
1500602,3,202204,64.3,88.44,5686.69
1500602,3,202205,69.9,84.25,5889.08
1500602,3,202206,69.7,87.28,6083.42
1500602,3,202207,49.6,81.32,4033.47
1500602,3,202208,64.5,76.84,4956.18
1500602,3,202209,65.0,85.63,5565.95
1500602,3,202210,67.5,90.64,6118.2
1500602,3,202211,62.7,86.94,5451.14
1500602,3,202212,60.7,90.9,5517.63
1500602,3,202301,62.3,91.32,5689.24
1500602,3,202302,49.2,89.51,4403.89
1500602,3,202303,51.8,89.77,4650.09
1500602,3,202304,44.0,96.19,4232.36
1500602,3,202305,52.5,92.17,4838.92
1500602,3,202306,56.2,93.31,5244.02
1500602,3,202307,50.4,87.86,4428.14
1500602,3,202308,53.4,92.44,4936.3
1500602,3,202309,48.1,92.69,4458.39
1500602,3,202310,45.5,89.34,4064.97
1500602,3,202311,48.9,89.02,4353.08
1500602,3,202312,49.4,87.6,4327.44
1500602,3,202401,33.3,109.85,3658.0
1500602,3,202402,40.2,98.29,3951.26
1500602,3,202403,40.7,94.88,3861.62
1500602,3,202404,41.5,100.77,4181.96
1500602,3,202405,38.0,90.23,3428.74
1500602,3,202406,44.8,94.89,4251.07
1500602,3,202407,45.7,90.61,4140.88
1500602,3,202408,63.5,95.69,6076.32
1500602,3,202409,44.0,96.09,4227.96
1500602,3,202410,39.6,99.63,3945.35
1500602,3,202411,35.8,98.21,3515.92
1500602,3,202412,41.7,95.91,3999.45
1500701,1,202201,660.9,11.35,7501.21
1500701,1,202202,707.2,10.98,7765.06
1500701,1,202203,662.4,12.75,8445.6
1500701,1,202204,798.6,13.24,10573.46
1500701,1,202205,1066.4,12.56,13393.98
1500701,1,202206,775.5,10.87,8429.68
1500701,1,202207,863.0,10.62,9165.06
1500701,1,202208,789.9,9.5,7504.05
1500701,1,202209,824.9,8.76,7226.12
1500701,1,202210,845.2,8.29,7006.71
1500701,1,202211,737.9,8.64,6375.46
1500701,1,202212,617.1,9.64,5948.84
1500701,1,202301,594.3,11.46,6810.68
1500701,1,202302,446.6,12.2,5448.52
1500701,1,202303,533.6,12.98,6926.13
1500701,1,202304,446.4,13.63,6084.43
1500701,1,202305,847.0,12.04,10197.88
1500701,1,202306,765.6,12.69,9715.46
1500701,1,202307,874.8,11.21,9806.51
1500701,1,202308,796.0,10.05,7999.8
1500701,1,202309,1323.5,9.62,12732.07
1500701,1,202310,1570.5,8.03,12611.12
1500701,1,202311,1394.7,8.31,11589.96
1500701,1,202312,875.7,10.17,8905.87
1500701,1,202401,801.5,11.61,9305.41
1500701,1,202402,556.2,12.94,7197.23
1500701,1,202403,696.2,13.41,9336.04
1500701,1,202404,731.0,14.52,10614.12
1500701,1,202405,714.7,14.38,10277.39
1500701,1,202406,494.8,13.14,6501.67
1500701,1,202407,569.6,11.46,6527.62
1500701,1,202408,899.6,9.35,8411.26
1500701,1,202409,1333.3,9.87,13159.67
1500701,1,202410,1610.8,9.75,15705.3
1500701,1,202411,1031.1,9.81,10115.09
1500701,1,202412,1005.5,9.94,9994.67
1500701,2,202201,93.2,38.99,3633.87
1500701,2,202202,94.7,38.91,3684.78
1500701,2,202203,93.3,39.48,3683.48
1500701,2,202204,96.1,38.21,3671.98
1500701,2,202205,73.4,45.3,3325.02
1500701,2,202206,50.4,49.94,2516.98
1500701,2,202207,54.3,55.02,2987.59
1500701,2,202208,48.0,50.05,2402.4
1500701,2,202209,48.1,49.48,2379.99
1500701,2,202210,56.0,47.87,2680.72
1500701,2,202211,63.3,45.66,2890.28
1500701,2,202212,93.8,41.83,3923.65
1500701,2,202301,96.0,41.97,4029.12
1500701,2,202302,121.2,37.6,4557.12
1500701,2,202303,111.5,41.54,4631.71
1500701,2,202304,93.8,41.71,3912.4
1500701,2,202305,82.5,46.47,3833.78
1500701,2,202306,56.1,54.8,3074.28
1500701,2,202307,58.8,49.31,2899.43
1500701,2,202308,67.8,53.07,3598.15
1500701,2,202309,80.1,49.61,3973.76
1500701,2,202310,62.5,50.7,3168.75
1500701,2,202311,56.1,49.32,2766.85
1500701,2,202312,66.1,43.66,2885.93
1500701,2,202401,105.0,42.04,4414.2
1500701,2,202402,110.2,44.15,4865.33
1500701,2,202403,90.0,42.99,3869.1
1500701,2,202404,65.8,46.84,3082.07
1500701,2,202405,58.5,50.37,2946.64
1500701,2,202406,51.3,45.25,2321.32
1500701,2,202407,63.3,54.7,3462.51
1500701,2,202408,74.5,52.96,3945.52
1500701,2,202409,59.9,52.68,3155.53
1500701,2,202410,78.2,56.24,4397.97
1500701,2,202411,96.8,47.7,4617.36
1500701,2,202412,83.4,49.42,4121.63
1500701,3,202201,6.9,88.36,609.68
1500701,3,202202,10.2,89.83,916.27
1500701,3,202203,8.8,93.17,819.9
1500701,3,202204,8.9,92.6,824.14
1500701,3,202205,11.8,93.01,1097.52
1500701,3,202206,11.4,84.4,962.16
1500701,3,202207,9.4,92.17,866.4
1500701,3,202208,10.8,81.82,883.66
1500701,3,202209,9.4,81.13,762.62
1500701,3,202210,9.6,82.61,793.06
1500701,3,202211,9.8,86.58,848.48
1500701,3,202212,8.1,87.44,708.26
1500701,3,202301,8.2,102.23,838.29
1500701,3,202302,10.7,94.37,1009.76
1500701,3,202303,8.6,97.81,841.17
1500701,3,202304,11.1,91.57,1016.43
1500701,3,202305,9.4,88.26,829.64
1500701,3,202306,13.4,95.96,1285.86
1500701,3,202307,10.4,96.14,999.86
1500701,3,202308,9.6,93.75,900.0
1500701,3,202309,12.6,82.44,1038.74
1500701,3,202310,14.6,84.94,1240.12
1500701,3,202311,13.6,103.33,1405.29
1500701,3,202312,9.1,95.19,866.23
1500701,3,202401,8.8,95.46,840.05
1500701,3,202402,8.5,108.76,924.46
1500701,3,202403,7.4,102.6,759.24
1500701,3,202404,9.2,103.01,947.69
1500701,3,202405,8.3,86.91,721.35
1500701,3,202406,7.3,92.76,677.15
1500701,3,202407,6.4,96.63,618.43
1500701,3,202408,10.7,88.49,946.84
1500701,3,202409,9.6,98.02,940.99
1500701,3,202410,8.7,88.28,768.04
1500701,3,202411,7.3,96.65,705.54
1500701,3,202412,9.9,108.7,1076.13
1500800,1,202201,11112.4,12.06,134015.54
1500800,1,202202,11656.4,13.08,152465.71
1500800,1,202203,7574.6,13.48,102105.61
1500800,1,202204,6785.2,13.71,93025.09
1500800,1,202205,8171.7,13.15,107457.86
1500800,1,202206,8932.6,12.85,114783.91
1500800,1,202207,8427.3,11.04,93037.39
1500800,1,202208,11518.4,10.18,117257.31
1500800,1,202209,14669.0,9.61,140969.09
1500800,1,202210,15092.1,8.64,130395.74
1500800,1,202211,14608.0,8.92,130303.36
1500800,1,202212,11912.7,9.48,112932.4
1500800,1,202301,13084.4,11.09,145106.0
1500800,1,202302,8424.6,11.79,99326.03
1500800,1,202303,6699.1,14.33,95998.1
1500800,1,202304,6711.3,15.49,103958.04
1500800,1,202305,8480.8,14.84,125855.07
1500800,1,202306,7043.6,11.91,83889.28
1500800,1,202307,7200.7,12.12,87272.48
1500800,1,202308,6876.8,11.24,77295.23
1500800,1,202309,9954.1,9.35,93070.84
1500800,1,202310,9819.7,9.28,91126.82
1500800,1,202311,10329.0,8.65,89345.85
1500800,1,202312,11649.4,10.6,123483.64
1500800,1,202401,9050.6,11.49,103991.39
1500800,1,202402,8468.2,13.52,114490.06
1500800,1,202403,7238.8,13.24,95841.71
1500800,1,202404,8099.8,15.06,121982.99
1500800,1,202405,9029.6,15.07,136076.07
1500800,1,202406,8647.6,12.87,111294.61
1500800,1,202407,10230.1,11.45,117134.64
1500800,1,202408,15120.7,9.74,147275.62
1500800,1,202409,17430.3,9.78,170468.33
1500800,1,202410,13368.9,9.3,124330.77
1500800,1,202411,15330.9,9.17,140584.35
1500800,1,202412,11028.5,11.09,122306.06
1500800,2,202201,585.1,39.04,22842.3
1500800,2,202202,753.4,39.56,29804.5
1500800,2,202203,682.5,38.76,26453.7
1500800,2,202204,674.2,41.93,28269.21
1500800,2,202205,579.5,46.82,27132.19
1500800,2,202206,501.5,48.27,24207.41
1500800,2,202207,440.1,51.77,22783.98
1500800,2,202208,454.3,54.3,24668.49
1500800,2,202209,531.7,52.69,28015.27
1500800,2,202210,749.0,51.45,38536.05
1500800,2,202211,712.7,50.56,36034.11
1500800,2,202212,703.9,43.11,30345.13
1500800,2,202301,695.1,39.79,27658.03
1500800,2,202302,968.1,40.81,39508.16
1500800,2,202303,974.5,41.69,40626.9
1500800,2,202304,572.5,44.64,25556.4
1500800,2,202305,385.5,50.43,19440.76
1500800,2,202306,354.0,46.25,16372.5
1500800,2,202307,401.1,57.04,22878.74
1500800,2,202308,421.8,59.04,24903.07
1500800,2,202309,507.2,54.4,27591.68
1500800,2,202310,538.2,51.82,27889.52
1500800,2,202311,795.4,46.24,36779.3
1500800,2,202312,946.0,43.3,40961.8
1500800,2,202401,943.3,43.79,41307.11
1500800,2,202402,1119.0,42.64,47714.16
1500800,2,202403,711.8,43.84,31205.31
1500800,2,202404,670.5,46.39,31104.5
1500800,2,202405,628.8,50.83,31961.9
1500800,2,202406,626.8,54.34,34060.31
1500800,2,202407,406.2,52.17,21191.45
1500800,2,202408,416.3,58.26,24253.64
1500800,2,202409,502.9,60.26,30304.75
1500800,2,202410,614.4,52.18,32059.39
1500800,2,202411,845.7,52.38,44297.77
1500800,2,202412,999.4,42.94,42914.24
1500800,3,202201,87.1,96.3,8387.73
1500800,3,202202,94.0,98.68,9275.92
1500800,3,202203,92.2,102.89,9486.46
1500800,3,202204,88.3,90.31,7974.37
1500800,3,202205,79.2,90.58,7173.94
1500800,3,202206,91.9,86.91,7987.03
1500800,3,202207,96.1,89.81,8630.74
1500800,3,202208,77.1,95.39,7354.57
1500800,3,202209,104.5,89.96,9400.82
1500800,3,202210,85.0,90.85,7722.25
1500800,3,202211,66.9,94.18,6300.64
1500800,3,202212,65.8,98.76,6498.41
1500800,3,202301,61.5,111.1,6832.65
1500800,3,202302,66.9,91.2,6101.28
1500800,3,202303,60.3,101.46,6118.04
1500800,3,202304,79.2,84.73,6710.62
1500800,3,202305,113.6,98.16,11150.98
1500800,3,202306,114.6,93.33,10695.62
1500800,3,202307,87.9,86.34,7589.29
1500800,3,202308,81.9,76.99,6305.48
1500800,3,202309,94.4,88.67,8370.45
1500800,3,202310,67.5,91.81,6197.18
1500800,3,202311,61.3,93.31,5719.9
1500800,3,202312,52.8,93.46,4934.69
1500800,3,202401,65.9,97.77,6443.04
1500800,3,202402,109.9,102.77,11294.42
1500800,3,202403,82.6,98.23,8113.8
1500800,3,202404,104.2,104.25,10862.85
1500800,3,202405,96.3,96.82,9323.77
1500800,3,202406,81.9,86.49,7083.53
1500800,3,202407,125.9,92.97,11704.92
1500800,3,202408,180.2,93.28,16809.06
1500800,3,202409,160.0,99.91,15985.6
1500800,3,202410,143.7,98.76,14191.81
1500800,3,202411,124.3,92.93,11551.2
1500800,3,202412,107.7,107.51,11578.83
1500859,1,202201,585.0,12.45,7283.25
1500859,1,202202,482.2,12.67,6109.47
1500859,1,202203,563.2,12.81,7214.59
1500859,1,202204,586.5,13.44,7882.56
1500859,1,202205,568.6,13.04,7414.54
1500859,1,202206,707.1,11.91,8421.56
1500859,1,202207,646.3,11.54,7458.3
1500859,1,202208,815.5,9.67,7885.88
1500859,1,202209,981.3,8.43,8272.36
1500859,1,202210,953.8,8.9,8488.82
1500859,1,202211,1025.6,8.59,8809.9
1500859,1,202212,780.0,9.9,7722.0
1500859,1,202301,764.2,11.39,8704.24
1500859,1,202302,707.0,12.61,8915.27
1500859,1,202303,353.7,15.57,5507.11
1500859,1,202304,504.7,14.46,7297.96
1500859,1,202305,314.5,14.26,4484.77
1500859,1,202306,406.1,12.05,4893.5
1500859,1,202307,702.9,11.53,8104.44
1500859,1,202308,824.2,10.78,8884.88
1500859,1,202309,755.9,9.26,6999.63
1500859,1,202310,746.0,9.85,7348.1
1500859,1,202311,1007.4,9.18,9247.93
1500859,1,202312,643.2,10.51,6760.03
1500859,1,202401,771.2,12.03,9277.54
1500859,1,202402,649.7,13.8,8965.86
1500859,1,202403,467.5,14.17,6624.48
1500859,1,202404,442.0,14.78,6532.76
1500859,1,202405,426.8,14.46,6171.53
1500859,1,202406,649.3,13.19,8564.27
1500859,1,202407,900.8,12.69,11431.15
1500859,1,202408,757.6,11.22,8500.27
1500859,1,202409,887.0,10.09,8949.83
1500859,1,202410,872.6,9.57,8350.78
1500859,1,202411,1183.8,10.54,12477.25
1500859,1,202412,800.6,10.95,8766.57
1500859,2,202201,101.2,37.71,3816.25
1500859,2,202202,141.1,34.31,4841.14
1500859,2,202203,171.4,38.09,6528.63
1500859,2,202204,131.3,37.7,4950.01
1500859,2,202205,131.4,44.15,5801.31
1500859,2,202206,136.5,45.52,6213.48
1500859,2,202207,101.6,47.35,4810.76
1500859,2,202208,89.7,48.76,4373.77
1500859,2,202209,98.1,54.69,5365.09
1500859,2,202210,83.8,44.08,3693.9
1500859,2,202211,97.3,43.07,4190.71
1500859,2,202212,161.5,40.96,6615.04
1500859,2,202301,139.5,36.65,5112.68
1500859,2,202302,159.2,34.69,5522.65
1500859,2,202303,154.2,37.32,5754.74
1500859,2,202304,124.6,42.46,5290.52
1500859,2,202305,109.8,43.45,4770.81
1500859,2,202306,127.7,46.96,5996.79
1500859,2,202307,111.0,52.26,5800.86
1500859,2,202308,107.4,48.82,5243.27
1500859,2,202309,130.7,49.71,6497.1
1500859,2,202310,112.6,44.05,4960.03
1500859,2,202311,96.5,44.91,4333.81
1500859,2,202312,153.7,41.35,6355.5
1500859,2,202401,155.5,41.45,6445.48
1500859,2,202402,175.2,36.74,6436.85
1500859,2,202403,132.6,39.45,5231.07
1500859,2,202404,128.7,39.72,5111.96
1500859,2,202405,90.3,45.22,4083.37
1500859,2,202406,85.8,52.99,4546.54
1500859,2,202407,72.1,50.9,3669.89
1500859,2,202408,63.8,49.17,3137.05
1500859,2,202409,69.4,49.99,3469.31
1500859,2,202410,54.9,45.4,2492.46
1500859,2,202411,62.9,42.9,2698.41
1500859,2,202412,101.9,43.79,4462.2
1500859,3,202201,7.9,95.02,750.66
1500859,3,202202,9.0,102.41,921.69
1500859,3,202203,11.3,98.01,1107.51
1500859,3,202204,14.4,99.78,1436.83
1500859,3,202205,15.3,83.89,1283.52
1500859,3,202206,12.6,85.76,1080.58
1500859,3,202207,12.9,94.65,1220.99
1500859,3,202208,12.2,81.51,994.42
1500859,3,202209,9.7,82.13,796.66
1500859,3,202210,9.2,86.12,792.3
1500859,3,202211,12.3,99.56,1224.59
1500859,3,202212,11.6,89.64,1039.82
1500859,3,202301,14.4,101.25,1458.0
1500859,3,202302,9.4,101.18,951.09
1500859,3,202303,8.5,89.41,759.98
1500859,3,202304,9.5,96.33,915.14
1500859,3,202305,11.1,91.05,1010.66
1500859,3,202306,10.6,93.92,995.55
1500859,3,202307,12.3,96.8,1190.64
1500859,3,202308,13.4,86.48,1158.83
1500859,3,202309,9.3,87.22,811.15
1500859,3,202310,10.7,102.97,1101.78
1500859,3,202311,12.0,90.33,1083.96
1500859,3,202312,11.0,90.15,991.65
1500859,3,202401,7.1,109.54,777.73
1500859,3,202402,7.2,102.77,739.94
1500859,3,202403,8.6,103.71,891.91
1500859,3,202404,7.7,111.93,861.86
1500859,3,202405,10.3,90.62,933.39
1500859,3,202406,12.1,93.37,1129.78
1500859,3,202407,12.1,86.63,1048.22
1500859,3,202408,11.7,92.91,1087.05
1500859,3,202409,11.7,89.64,1048.79
1500859,3,202410,10.9,88.91,969.12
1500859,3,202411,8.1,100.82,816.64
1500859,3,202412,7.8,100.17,781.33
1500909,1,202201,1048.7,11.97,12552.94
1500909,1,202202,1190.7,12.86,15312.4
1500909,1,202203,728.1,12.52,9115.81
1500909,1,202204,817.9,14.92,12203.07
1500909,1,202205,586.4,13.78,8080.59
1500909,1,202206,777.2,12.46,9683.91
1500909,1,202207,1298.6,12.21,15855.91
1500909,1,202208,1561.1,10.18,15892.0
1500909,1,202209,1687.7,9.22,15560.59
1500909,1,202210,1507.2,8.62,12992.06
1500909,1,202211,1455.7,9.5,13829.15
1500909,1,202212,1228.0,10.34,12697.52
1500909,1,202301,913.5,11.75,10733.62
1500909,1,202302,781.7,12.47,9747.8
1500909,1,202303,760.8,13.96,10620.77
1500909,1,202304,649.4,14.15,9189.01
1500909,1,202305,633.1,12.98,8217.64
1500909,1,202306,624.7,12.05,7527.64
1500909,1,202307,938.6,12.07,11328.9
1500909,1,202308,1323.5,9.22,12202.67
1500909,1,202309,1575.9,9.7,15286.23
1500909,1,202310,1941.1,9.05,17566.96
1500909,1,202311,1745.5,10.25,17891.38
1500909,1,202312,1567.9,10.25,16070.98
1500909,1,202401,1315.5,12.59,16562.14
1500909,1,202402,1029.1,13.2,13584.12
1500909,1,202403,803.2,14.48,11630.34
1500909,1,202404,1171.1,15.3,17917.83
1500909,1,202405,981.1,14.07,13804.08
1500909,1,202406,939.8,14.15,13298.17
1500909,1,202407,1233.5,11.59,14296.26
1500909,1,202408,1509.6,11.07,16711.27
1500909,1,202409,1296.5,10.44,13535.46
1500909,1,202410,1813.0,9.95,18039.35
1500909,1,202411,1655.0,10.97,18155.35
1500909,1,202412,1182.7,10.5,12418.35
1500909,2,202201,99.2,39.69,3937.25
1500909,2,202202,101.2,39.91,4038.89
1500909,2,202203,88.0,38.52,3389.76
1500909,2,202204,86.4,42.13,3640.03
1500909,2,202205,64.8,44.52,2884.9
1500909,2,202206,71.5,52.03,3720.14
1500909,2,202207,56.6,51.14,2894.52
1500909,2,202208,53.3,51.77,2759.34
1500909,2,202209,53.2,49.69,2643.51
1500909,2,202210,70.9,47.14,3342.23
1500909,2,202211,88.1,45.54,4012.07
1500909,2,202212,59.8,43.37,2593.53
1500909,2,202301,81.0,39.35,3187.35
1500909,2,202302,66.5,40.03,2662.0
1500909,2,202303,72.1,41.1,2963.31
1500909,2,202304,73.7,44.07,3247.96
1500909,2,202305,66.7,42.97,2866.1
1500909,2,202306,69.8,48.04,3353.19
1500909,2,202307,73.6,49.39,3635.1
1500909,2,202308,59.4,53.91,3202.25
1500909,2,202309,54.8,50.55,2770.14
1500909,2,202310,64.6,49.08,3170.57
1500909,2,202311,58.4,44.09,2574.86
1500909,2,202312,70.1,42.43,2974.34
1500909,2,202401,110.7,39.98,4425.79
1500909,2,202402,85.4,42.91,3664.51
1500909,2,202403,85.5,43.31,3703.0
1500909,2,202404,76.3,45.29,3455.63
1500909,2,202405,106.3,47.87,5088.58
1500909,2,202406,78.1,47.18,3684.76
1500909,2,202407,64.7,53.67,3472.45
1500909,2,202408,53.5,53.8,2878.3
1500909,2,202409,60.9,55.6,3386.04
1500909,2,202410,74.2,53.89,3998.64
1500909,2,202411,72.8,49.4,3596.32
1500909,2,202412,106.3,47.89,5090.71
1500909,3,202201,8.7,92.72,806.66
1500909,3,202202,9.8,100.08,980.78
1500909,3,202203,7.6,94.46,717.9
1500909,3,202204,9.6,90.72,870.91
1500909,3,202205,13.7,87.31,1196.15
1500909,3,202206,15.5,88.64,1373.92
1500909,3,202207,13.3,82.74,1100.44
1500909,3,202208,14.2,85.26,1210.69
1500909,3,202209,11.0,89.19,981.09
1500909,3,202210,11.7,87.78,1027.03
1500909,3,202211,11.0,99.35,1092.85
1500909,3,202212,9.1,92.76,844.12
1500909,3,202301,10.9,105.33,1148.1
1500909,3,202302,7.7,104.18,802.19
1500909,3,202303,7.4,106.27,786.4
1500909,3,202304,7.6,106.4,808.64
1500909,3,202305,8.7,85.71,745.68
1500909,3,202306,13.5,92.0,1242.0
1500909,3,202307,16.0,88.24,1411.84
1500909,3,202308,15.7,88.48,1389.14
1500909,3,202309,15.0,86.99,1304.85
1500909,3,202310,14.1,88.36,1245.88
1500909,3,202311,17.0,88.59,1506.03
1500909,3,202312,10.5,96.88,1017.24
1500909,3,202401,12.4,107.14,1328.54
1500909,3,202402,11.1,100.52,1115.77
1500909,3,202403,12.7,100.58,1277.37
1500909,3,202404,14.2,96.68,1372.86
1500909,3,202405,16.2,92.49,1498.34
1500909,3,202406,21.0,93.18,1956.78
1500909,3,202407,14.5,93.74,1359.23
1500909,3,202408,17.7,97.3,1722.21
1500909,3,202409,16.2,86.82,1406.48
1500909,3,202410,13.9,94.14,1308.55
1500909,3,202411,19.3,103.1,1989.83
1500909,3,202412,18.2,94.39,1717.9
1500958,1,202201,435.8,11.23,4894.03
1500958,1,202202,444.4,11.49,5106.16
1500958,1,202203,427.5,13.12,5608.8
1500958,1,202204,401.4,14.03,5631.64
1500958,1,202205,334.7,13.54,4531.84
1500958,1,202206,466.9,12.12,5658.83
1500958,1,202207,440.2,10.76,4736.55
1500958,1,202208,701.0,9.56,6701.56
1500958,1,202209,1289.8,9.23,11904.85
1500958,1,202210,1154.5,8.79,10148.05
1500958,1,202211,1043.7,9.3,9706.41
1500958,1,202212,733.6,9.93,7284.65
1500958,1,202301,424.4,11.95,5071.58
1500958,1,202302,355.2,12.73,4521.7
1500958,1,202303,286.0,14.1,4032.6
1500958,1,202304,243.2,14.49,3523.97
1500958,1,202305,421.6,13.02,5489.23
1500958,1,202306,500.1,11.58,5791.16
1500958,1,202307,624.0,12.39,7731.36
1500958,1,202308,676.4,10.4,7034.56
1500958,1,202309,745.8,8.61,6421.34
1500958,1,202310,943.3,8.74,8244.44
1500958,1,202311,843.6,9.75,8225.1
1500958,1,202312,791.2,10.12,8006.94
1500958,1,202401,607.3,11.6,7044.68
1500958,1,202402,471.1,14.11,6647.22
1500958,1,202403,326.8,13.35,4362.78
1500958,1,202404,244.5,13.84,3383.88
1500958,1,202405,302.0,14.22,4294.44
1500958,1,202406,401.9,13.41,5389.48
1500958,1,202407,413.9,12.2,5049.58
1500958,1,202408,567.0,11.15,6322.05
1500958,1,202409,713.2,9.84,7017.89
1500958,1,202410,534.5,9.64,5152.58
1500958,1,202411,522.4,9.61,5020.26
1500958,1,202412,592.5,10.69,6333.82
1500958,2,202201,69.0,36.48,2517.12
1500958,2,202202,90.2,35.42,3194.88
1500958,2,202203,86.0,36.79,3163.94
1500958,2,202204,72.4,42.56,3081.34
1500958,2,202205,88.8,39.52,3509.38
1500958,2,202206,76.2,43.57,3320.03
1500958,2,202207,59.6,45.41,2706.44
1500958,2,202208,48.1,53.07,2552.67
1500958,2,202209,64.3,47.15,3031.74
1500958,2,202210,67.3,45.51,3062.82
1500958,2,202211,71.9,39.69,2853.71
1500958,2,202212,88.5,39.28,3476.28
1500958,2,202301,106.0,40.66,4309.96
1500958,2,202302,109.1,38.52,4202.53
1500958,2,202303,111.9,38.73,4333.89
1500958,2,202304,98.1,38.28,3755.27
1500958,2,202305,86.2,44.02,3794.52
1500958,2,202306,60.3,48.46,2922.14
1500958,2,202307,75.7,48.12,3642.68
1500958,2,202308,51.4,53.17,2732.94
1500958,2,202309,56.8,52.85,3001.88
1500958,2,202310,48.3,46.85,2262.86
1500958,2,202311,58.8,46.4,2728.32
1500958,2,202312,63.9,41.17,2630.76
1500958,2,202401,78.5,42.71,3352.74
1500958,2,202402,89.8,43.62,3917.08
1500958,2,202403,73.2,38.18,2794.78
1500958,2,202404,71.3,44.56,3177.13
1500958,2,202405,84.8,49.48,4195.9
1500958,2,202406,55.0,47.47,2610.85
1500958,2,202407,45.4,50.89,2310.41
1500958,2,202408,56.4,51.76,2919.26
1500958,2,202409,59.0,52.03,3069.77
1500958,2,202410,66.0,48.95,3230.7
1500958,2,202411,88.8,45.89,4075.03
1500958,2,202412,80.6,44.71,3603.63
1500958,3,202201,9.7,97.26,943.42
1500958,3,202202,11.3,96.97,1095.76
1500958,3,202203,10.7,94.9,1015.43
1500958,3,202204,12.0,97.74,1172.88
1500958,3,202205,16.4,93.07,1526.35
1500958,3,202206,14.7,86.51,1271.7
1500958,3,202207,17.1,88.08,1506.17
1500958,3,202208,16.3,78.31,1276.45
1500958,3,202209,12.8,89.98,1151.74
1500958,3,202210,12.1,87.4,1057.54
1500958,3,202211,11.3,84.76,957.79
1500958,3,202212,8.5,90.79,771.72
1500958,3,202301,10.1,103.71,1047.47
1500958,3,202302,11.6,95.48,1107.57
1500958,3,202303,13.4,100.51,1346.83
1500958,3,202304,16.7,100.74,1682.36
1500958,3,202305,18.1,93.71,1696.15
1500958,3,202306,14.6,86.95,1269.47
1500958,3,202307,13.5,88.45,1194.08
1500958,3,202308,16.0,82.0,1312.0
1500958,3,202309,15.9,86.59,1376.78
1500958,3,202310,14.4,85.9,1236.96
1500958,3,202311,11.3,93.38,1055.19
1500958,3,202312,10.2,90.48,922.9
1500958,3,202401,11.7,102.68,1201.36
1500958,3,202402,8.1,109.04,883.22
1500958,3,202403,6.2,108.55,673.01
1500958,3,202404,9.5,94.07,893.66
1500958,3,202405,10.0,94.02,940.2
1500958,3,202406,12.7,98.39,1249.55
1500958,3,202407,18.0,95.45,1718.1
1500958,3,202408,13.9,88.6,1231.54
1500958,3,202409,10.3,89.93,926.28
1500958,3,202410,10.8,94.67,1022.44
1500958,3,202411,10.1,88.69,895.77
1500958,3,202412,10.7,102.78,1099.75
1501006,1,202201,512.6,11.63,5961.54
1501006,1,202202,488.9,13.1,6404.59
1501006,1,202203,447.3,13.82,6181.69
1501006,1,202204,399.2,13.37,5337.3
1501006,1,202205,345.3,14.06,4854.92
1501006,1,202206,410.3,12.25,5026.18
1501006,1,202207,494.1,11.21,5538.86
1501006,1,202208,617.6,9.82,6064.83
1501006,1,202209,1039.9,10.04,10440.6
1501006,1,202210,845.4,9.38,7929.85
1501006,1,202211,822.6,9.7,7979.22
1501006,1,202212,823.9,10.96,9029.94
1501006,1,202301,708.7,13.24,9383.19
1501006,1,202302,842.4,11.67,9830.81
1501006,1,202303,560.9,13.1,7347.79
1501006,1,202304,514.7,13.49,6943.3
1501006,1,202305,431.2,13.03,5618.54
1501006,1,202306,465.2,12.04,5601.01
1501006,1,202307,599.4,11.33,6791.2
1501006,1,202308,834.8,9.69,8089.21
1501006,1,202309,949.4,9.57,9085.76
1501006,1,202310,1180.8,9.11,10757.09
1501006,1,202311,980.1,9.64,9448.16
1501006,1,202312,761.2,10.56,8038.27
1501006,1,202401,1024.2,12.32,12618.14
1501006,1,202402,754.9,12.96,9783.5
1501006,1,202403,503.6,15.7,7906.52
1501006,1,202404,409.5,14.63,5990.98
1501006,1,202405,373.5,12.87,4806.94
1501006,1,202406,548.7,12.56,6891.67
1501006,1,202407,604.2,10.95,6615.99
1501006,1,202408,751.4,10.7,8039.98
1501006,1,202409,848.2,9.72,8244.5
1501006,1,202410,1023.2,9.22,9433.9
1501006,1,202411,800.9,10.81,8657.73
1501006,1,202412,601.4,10.99,6609.39
1501006,2,202201,36.9,36.79,1357.55
1501006,2,202202,46.4,34.92,1620.29
1501006,2,202203,49.5,36.86,1824.57
1501006,2,202204,35.9,41.13,1476.57
1501006,2,202205,37.0,44.12,1632.44
1501006,2,202206,41.2,51.83,2135.4
1501006,2,202207,33.8,50.86,1719.07
1501006,2,202208,25.8,55.58,1433.96
1501006,2,202209,32.6,51.45,1677.27
1501006,2,202210,47.0,49.86,2343.42
1501006,2,202211,39.3,43.15,1695.79
1501006,2,202212,44.0,38.51,1694.44
1501006,2,202301,57.8,38.87,2246.69
1501006,2,202302,56.1,38.81,2177.24
1501006,2,202303,37.4,38.53,1441.02
1501006,2,202304,40.5,40.2,1628.1
1501006,2,202305,30.8,46.65,1436.82
1501006,2,202306,23.6,46.71,1102.36
1501006,2,202307,18.2,47.82,870.32
1501006,2,202308,27.0,49.68,1341.36
1501006,2,202309,25.1,51.03,1280.85
1501006,2,202310,32.0,46.74,1495.68
1501006,2,202311,41.4,45.17,1870.04
1501006,2,202312,47.3,43.55,2059.92
1501006,2,202401,58.1,41.46,2408.83
1501006,2,202402,62.2,38.07,2367.95
1501006,2,202403,58.9,37.74,2222.89
1501006,2,202404,45.2,41.61,1880.77
1501006,2,202405,35.5,47.84,1698.32
1501006,2,202406,33.4,52.03,1737.8
1501006,2,202407,31.6,53.24,1682.38
1501006,2,202408,34.6,56.54,1956.28
1501006,2,202409,43.6,57.04,2486.94
1501006,2,202410,47.0,48.58,2283.26
1501006,2,202411,42.9,49.87,2139.42
1501006,2,202412,33.4,42.27,1411.82
1501006,3,202201,7.5,93.09,698.18
1501006,3,202202,5.9,100.34,592.01
1501006,3,202203,8.8,94.74,833.71
1501006,3,202204,9.2,91.39,840.79
1501006,3,202205,10.7,85.19,911.53
1501006,3,202206,8.3,78.64,652.71
1501006,3,202207,7.2,78.91,568.15
1501006,3,202208,8.9,85.52,761.13
1501006,3,202209,11.2,81.54,913.25
1501006,3,202210,8.4,80.41,675.44
1501006,3,202211,8.3,88.13,731.48
1501006,3,202212,6.2,94.01,582.86
1501006,3,202301,6.1,100.53,613.23
1501006,3,202302,6.6,99.07,653.86
1501006,3,202303,8.1,98.16,795.1
1501006,3,202304,5.9,93.85,553.72
1501006,3,202305,9.3,96.61,898.47
1501006,3,202306,9.6,89.99,863.9
1501006,3,202307,12.8,88.4,1131.52
1501006,3,202308,13.6,92.67,1260.31
1501006,3,202309,14.2,92.32,1310.94
1501006,3,202310,17.5,89.96,1574.3
1501006,3,202311,11.6,92.08,1068.13
1501006,3,202312,10.6,94.81,1004.99
1501006,3,202401,8.1,92.42,748.6
1501006,3,202402,8.2,108.84,892.49
1501006,3,202403,9.8,98.81,968.34
1501006,3,202404,12.1,104.49,1264.33
1501006,3,202405,10.8,97.4,1051.92
1501006,3,202406,8.8,101.08,889.5
1501006,3,202407,10.0,94.62,946.2
1501006,3,202408,9.0,95.63,860.67
1501006,3,202409,8.7,89.46,778.3
1501006,3,202410,10.5,88.41,928.3
1501006,3,202411,11.0,97.92,1077.12
1501006,3,202412,11.8,90.96,1073.33
1501105,1,202201,846.5,11.42,9667.03
1501105,1,202202,637.4,13.67,8713.26
1501105,1,202203,634.2,13.29,8428.52
1501105,1,202204,668.7,13.75,9194.62
1501105,1,202205,517.3,12.42,6424.87
1501105,1,202206,663.7,11.49,7625.91
1501105,1,202207,882.1,12.0,10585.2
1501105,1,202208,1078.4,9.48,10223.23
1501105,1,202209,1119.9,8.61,9642.34
1501105,1,202210,1169.8,8.74,10224.05
1501105,1,202211,1191.1,9.03,10755.63
1501105,1,202212,1145.3,9.49,10868.9
1501105,1,202301,1116.1,11.35,12667.73
1501105,1,202302,1117.1,13.54,15125.53
1501105,1,202303,854.0,13.08,11170.32
1501105,1,202304,728.8,13.01,9481.69
1501105,1,202305,840.4,14.28,12000.91
1501105,1,202306,1045.4,13.05,13642.47
1501105,1,202307,1090.9,11.17,12185.35
1501105,1,202308,1498.9,9.53,14284.52
1501105,1,202309,1923.5,9.08,17465.38
1501105,1,202310,2297.2,9.08,20858.58
1501105,1,202311,2592.1,10.0,25921.0
1501105,1,202312,1569.2,9.79,15362.47
1501105,1,202401,1237.5,11.91,14738.62
1501105,1,202402,1000.8,13.67,13680.94
1501105,1,202403,845.6,12.55,10612.28
1501105,1,202404,714.3,15.24,10885.93
1501105,1,202405,599.6,13.33,7992.67
1501105,1,202406,793.9,13.44,10670.02
1501105,1,202407,889.1,12.11,10767.0
1501105,1,202408,1192.3,11.3,13472.99
1501105,1,202409,1243.9,10.06,12513.63
1501105,1,202410,1174.0,8.39,9849.86
1501105,1,202411,1339.6,9.41,12605.64
1501105,1,202412,1294.7,10.78,13956.87
1501105,2,202201,151.0,38.03,5742.53
1501105,2,202202,104.4,32.34,3376.3
1501105,2,202203,95.2,38.41,3656.63
1501105,2,202204,80.3,39.49,3171.05
1501105,2,202205,61.2,46.49,2845.19
1501105,2,202206,80.0,47.49,3799.2
1501105,2,202207,114.6,50.82,5823.97
1501105,2,202208,95.8,48.07,4605.11
1501105,2,202209,111.0,47.04,5221.44
1501105,2,202210,146.2,46.5,6798.3
1501105,2,202211,147.2,42.54,6261.89
1501105,2,202212,149.2,42.83,6390.24
1501105,2,202301,147.3,38.89,5728.5
1501105,2,202302,165.0,36.01,5941.65
1501105,2,202303,178.1,37.6,6696.56
1501105,2,202304,161.5,43.72,7060.78
1501105,2,202305,141.3,44.67,6311.87
1501105,2,202306,114.0,47.89,5459.46
1501105,2,202307,74.8,53.67,4014.52
1501105,2,202308,93.1,49.48,4606.59
1501105,2,202309,75.8,45.51,3449.66
1501105,2,202310,101.5,46.4,4709.6
1501105,2,202311,133.1,45.59,6068.03
1501105,2,202312,117.3,41.15,4826.89
1501105,2,202401,121.0,37.72,4564.12
1501105,2,202402,198.3,41.92,8312.74
1501105,2,202403,170.5,41.12,7010.96
1501105,2,202404,118.2,44.21,5225.62
1501105,2,202405,127.5,47.87,6103.42
1501105,2,202406,95.8,47.22,4523.68
1501105,2,202407,64.7,53.77,3478.92
1501105,2,202408,81.1,56.41,4574.85
1501105,2,202409,75.8,56.07,4250.11
1501105,2,202410,97.9,52.24,5114.3
1501105,2,202411,99.9,48.09,4804.19
1501105,2,202412,140.1,39.75,5568.98
1501105,3,202201,7.7,92.26,710.4
1501105,3,202202,7.1,95.35,676.98
1501105,3,202203,9.0,91.39,822.51
1501105,3,202204,10.6,91.58,970.75
1501105,3,202205,10.6,91.37,968.52
1501105,3,202206,11.8,86.76,1023.77
1501105,3,202207,10.9,85.32,929.99
1501105,3,202208,17.6,80.71,1420.5
1501105,3,202209,15.7,87.51,1373.91
1501105,3,202210,12.1,89.21,1079.44
1501105,3,202211,13.2,86.63,1143.52
1501105,3,202212,14.5,86.9,1260.05
1501105,3,202301,10.7,104.71,1120.4
1501105,3,202302,8.0,108.28,866.24
1501105,3,202303,7.1,99.63,707.37
1501105,3,202304,7.5,94.68,710.1
1501105,3,202305,9.0,98.63,887.67
1501105,3,202306,7.7,92.95,715.72
1501105,3,202307,8.8,87.81,772.73
1501105,3,202308,9.8,92.35,905.03
1501105,3,202309,11.3,85.22,962.99
1501105,3,202310,12.6,87.71,1105.15
1501105,3,202311,12.7,95.32,1210.56
1501105,3,202312,16.0,96.96,1551.36
1501105,3,202401,16.1,105.56,1699.52
1501105,3,202402,14.0,109.37,1531.18
1501105,3,202403,10.6,94.61,1002.87
1501105,3,202404,9.8,100.31,983.04
1501105,3,202405,8.4,106.89,897.88
1501105,3,202406,10.4,91.51,951.7
1501105,3,202407,12.3,88.91,1093.59
1501105,3,202408,14.9,81.68,1217.03
1501105,3,202409,14.7,92.62,1361.51
1501105,3,202410,16.3,97.06,1582.08
1501105,3,202411,17.0,100.05,1700.85
1501105,3,202412,11.7,95.06,1112.2
1501204,1,202201,1459.9,10.56,15416.54
1501204,1,202202,1370.5,11.44,15678.52
1501204,1,202203,1250.2,11.14,13927.23
1501204,1,202204,1053.1,12.81,13490.21
1501204,1,202205,764.7,13.03,9964.04
1501204,1,202206,897.3,11.67,10471.49
1501204,1,202207,1276.9,11.92,15220.65
1501204,1,202208,1292.4,9.69,12523.36
1501204,1,202209,1819.2,9.44,17173.25
1501204,1,202210,2282.2,8.66,19763.85
1501204,1,202211,2110.9,9.23,19483.61
1501204,1,202212,1028.1,9.82,10095.94
1501204,1,202301,838.8,12.04,10099.15
1501204,1,202302,1223.1,12.46,15239.83
1501204,1,202303,968.9,13.62,13196.42
1501204,1,202304,671.3,13.85,9297.5
1501204,1,202305,1038.2,13.1,13600.42
1501204,1,202306,1198.2,12.68,15193.18
1501204,1,202307,1756.1,12.57,22074.18
1501204,1,202308,2044.4,9.93,20300.89
1501204,1,202309,2372.1,9.39,22274.02
1501204,1,202310,2478.0,9.46,23441.88
1501204,1,202311,2510.6,9.74,24453.24
1501204,1,202312,3047.8,10.07,30691.35
1501204,1,202401,2458.3,10.36,25467.99
1501204,1,202402,1274.7,13.24,16877.03
1501204,1,202403,1211.8,12.35,14965.73
1501204,1,202404,1375.0,15.2,20900.0
1501204,1,202405,1619.2,13.91,22523.07
1501204,1,202406,1474.6,13.56,19995.58
1501204,1,202407,2051.5,11.16,22894.74
1501204,1,202408,2574.5,9.67,24895.42
1501204,1,202409,4066.2,9.68,39360.82
1501204,1,202410,2859.4,9.21,26335.07
1501204,1,202411,2247.1,9.32,20942.97
1501204,1,202412,1827.6,10.49,19171.52
1501204,2,202201,147.1,35.77,5261.77
1501204,2,202202,206.1,35.92,7403.11
1501204,2,202203,233.1,37.83,8818.17
1501204,2,202204,161.0,39.48,6356.28
1501204,2,202205,141.6,44.33,6277.13
1501204,2,202206,131.8,43.36,5714.85
1501204,2,202207,139.9,46.97,6571.1
1501204,2,202208,93.3,52.89,4934.64
1501204,2,202209,70.2,43.46,3050.89
1501204,2,202210,95.5,44.52,4251.66
1501204,2,202211,77.7,40.15,3119.66
1501204,2,202212,117.3,38.8,4551.24
1501204,2,202301,165.6,37.49,6208.34
1501204,2,202302,224.1,38.57,8643.54
1501204,2,202303,182.5,38.8,7081.0
1501204,2,202304,173.3,38.15,6611.4
1501204,2,202305,171.4,42.75,7327.35
1501204,2,202306,116.7,47.33,5523.41
1501204,2,202307,133.1,51.62,6870.62
1501204,2,202308,131.3,57.18,7507.73
1501204,2,202309,117.5,51.53,6054.78
1501204,2,202310,135.2,44.99,6082.65
1501204,2,202311,150.3,43.82,6586.15
1501204,2,202312,199.0,41.1,8178.9
1501204,2,202401,195.3,38.76,7569.83
1501204,2,202402,210.5,39.79,8375.8
1501204,2,202403,179.4,35.51,6370.49
1501204,2,202404,143.6,43.48,6243.73
1501204,2,202405,143.3,44.65,6398.34
1501204,2,202406,112.5,48.88,5499.0
1501204,2,202407,130.1,55.59,7232.26
1501204,2,202408,139.9,49.37,6906.86
1501204,2,202409,121.0,52.37,6336.77
1501204,2,202410,142.3,51.14,7277.22
1501204,2,202411,141.1,46.11,6506.12
1501204,2,202412,127.3,39.01,4965.97
1501204,3,202201,16.3,108.23,1764.15
1501204,3,202202,16.1,97.64,1572.0
1501204,3,202203,13.3,94.16,1252.33
1501204,3,202204,15.0,94.77,1421.55
1501204,3,202205,14.2,88.96,1263.23
1501204,3,202206,11.6,80.64,935.42
1501204,3,202207,16.4,85.12,1395.97
1501204,3,202208,18.2,89.3,1625.26
1501204,3,202209,20.6,79.3,1633.58
1501204,3,202210,17.7,83.11,1471.05
1501204,3,202211,19.3,87.42,1687.21
1501204,3,202212,21.5,94.44,2030.46
1501204,3,202301,26.0,110.89,2883.14
1501204,3,202302,24.9,95.28,2372.47
1501204,3,202303,22.9,98.91,2265.04
1501204,3,202304,16.4,96.44,1581.62
1501204,3,202305,17.4,92.2,1604.28
1501204,3,202306,14.5,90.58,1313.41
1501204,3,202307,14.6,86.7,1265.82
1501204,3,202308,24.0,100.92,2422.08
1501204,3,202309,18.6,92.13,1713.62
1501204,3,202310,12.2,88.74,1082.63
1501204,3,202311,16.3,99.31,1618.75
1501204,3,202312,14.6,97.65,1425.69
1501204,3,202401,17.6,102.55,1804.88
1501204,3,202402,14.1,102.1,1439.61
1501204,3,202403,14.4,100.98,1454.11
1501204,3,202404,20.1,94.19,1893.22
1501204,3,202405,16.1,89.4,1439.34
1501204,3,202406,17.7,96.05,1700.08
1501204,3,202407,20.5,91.27,1871.04
1501204,3,202408,18.6,95.47,1775.74
1501204,3,202409,20.4,88.14,1798.06
1501204,3,202410,20.2,89.25,1802.85
1501204,3,202411,21.4,101.05,2162.47
1501204,3,202412,27.6,98.65,2722.74
1501253,1,202201,231.4,12.99,3005.89
1501253,1,202202,221.8,13.03,2890.05
1501253,1,202203,204.0,12.55,2560.2
1501253,1,202204,224.6,14.89,3344.29
1501253,1,202205,190.2,13.7,2605.74
1501253,1,202206,136.2,13.29,1810.1
1501253,1,202207,172.3,11.95,2058.98
1501253,1,202208,255.3,10.59,2703.63
1501253,1,202209,240.4,10.21,2454.48
1501253,1,202210,260.0,8.78,2282.8
1501253,1,202211,230.8,9.57,2208.76
1501253,1,202212,289.1,11.11,3211.9
1501253,1,202301,262.4,12.1,3175.04
1501253,1,202302,227.2,12.72,2889.98
1501253,1,202303,202.9,15.25,3094.22
1501253,1,202304,173.8,15.97,2775.59
1501253,1,202305,178.4,14.72,2626.05
1501253,1,202306,156.4,12.5,1955.0
1501253,1,202307,133.3,12.93,1723.57
1501253,1,202308,198.2,10.28,2037.5
1501253,1,202309,266.0,10.37,2758.42
1501253,1,202310,361.7,9.43,3410.83
1501253,1,202311,431.4,9.64,4158.7
1501253,1,202312,434.6,10.93,4750.18
1501253,1,202401,249.6,12.84,3204.86
1501253,1,202402,187.8,13.87,2604.79
1501253,1,202403,180.0,15.77,2838.6
1501253,1,202404,262.0,15.34,4019.08
1501253,1,202405,293.2,16.09,4717.59
1501253,1,202406,325.5,14.52,4726.26
1501253,1,202407,291.9,12.52,3654.59
1501253,1,202408,268.7,11.11,2985.26
1501253,1,202409,354.1,9.76,3456.02
1501253,1,202410,289.1,10.39,3003.75
1501253,1,202411,277.8,10.42,2894.68
1501253,1,202412,251.4,10.3,2589.42
1501253,2,202201,20.5,38.19,782.9
1501253,2,202202,19.6,35.95,704.62
1501253,2,202203,18.9,40.02,756.38
1501253,2,202204,17.0,40.75,692.75
1501253,2,202205,12.9,43.1,555.99
1501253,2,202206,13.3,46.56,619.25
1501253,2,202207,11.6,52.23,605.87
1501253,2,202208,13.8,48.97,675.79
1501253,2,202209,15.7,48.33,758.78
1501253,2,202210,22.3,50.59,1128.16
1501253,2,202211,21.2,44.63,946.16
1501253,2,202212,19.5,43.66,851.37
1501253,2,202301,16.7,40.0,668.0
1501253,2,202302,29.0,39.78,1153.62
1501253,2,202303,29.0,41.04,1190.16
1501253,2,202304,21.2,46.4,983.68
1501253,2,202305,25.2,49.96,1258.99
1501253,2,202306,25.1,53.3,1337.83
1501253,2,202307,15.2,51.24,778.85
1501253,2,202308,12.8,51.23,655.74
1501253,2,202309,13.6,54.93,747.05
1501253,2,202310,12.8,53.9,689.92
1501253,2,202311,15.9,49.6,788.64
1501253,2,202312,22.0,43.32,953.04
1501253,2,202401,18.7,43.85,820.0
1501253,2,202402,22.4,42.88,960.51
1501253,2,202403,27.8,42.6,1184.28
1501253,2,202404,25.7,45.39,1166.52
1501253,2,202405,21.0,48.84,1025.64
1501253,2,202406,15.9,50.23,798.66
1501253,2,202407,17.4,53.06,923.24
1501253,2,202408,13.1,53.96,706.88
1501253,2,202409,15.1,50.69,765.42
1501253,2,202410,17.0,52.62,894.54
1501253,2,202411,23.9,48.5,1159.15
1501253,2,202412,22.7,46.7,1060.09
1501253,3,202201,2.1,95.84,201.26
1501253,3,202202,3.0,99.37,298.11
1501253,3,202203,3.0,97.36,292.08
1501253,3,202204,3.0,93.3,279.9
1501253,3,202205,3.2,94.33,301.86
1501253,3,202206,2.9,85.49,247.92
1501253,3,202207,2.1,85.57,179.7
1501253,3,202208,2.5,80.56,201.4
1501253,3,202209,3.6,81.72,294.19
1501253,3,202210,2.0,76.93,153.86
1501253,3,202211,2.3,92.08,211.78
1501253,3,202212,1.7,96.15,163.46
1501253,3,202301,1.9,103.95,197.5
1501253,3,202302,2.0,93.9,187.8
1501253,3,202303,2.4,100.65,241.56
1501253,3,202304,2.6,96.4,250.64
1501253,3,202305,3.3,97.12,320.5
1501253,3,202306,3.9,87.88,342.73
1501253,3,202307,3.3,87.26,287.96
1501253,3,202308,3.8,81.41,309.36
1501253,3,202309,3.2,85.61,273.95
1501253,3,202310,2.7,90.81,245.19
1501253,3,202311,2.0,94.42,188.84
1501253,3,202312,2.7,88.61,239.25
1501253,3,202401,2.4,99.67,239.21
1501253,3,202402,1.5,103.86,155.79
1501253,3,202403,2.0,109.71,219.42
1501253,3,202404,2.1,95.97,201.54
1501253,3,202405,2.2,99.61,219.14
1501253,3,202406,2.4,91.67,220.01
1501253,3,202407,2.5,90.12,225.3
1501253,3,202408,4.4,87.45,384.78
1501253,3,202409,5.0,87.46,437.3
1501253,3,202410,4.4,92.07,405.11
1501253,3,202411,3.7,102.43,378.99
1501253,3,202412,3.8,96.41,366.36
1501303,1,202201,2222.6,10.73,23848.5
1501303,1,202202,2654.7,11.8,31325.46
1501303,1,202203,1602.2,13.42,21501.52
1501303,1,202204,1280.3,13.78,17642.53
1501303,1,202205,1912.5,12.58,24059.25
1501303,1,202206,2816.0,11.84,33341.44
1501303,1,202207,2688.4,11.23,30190.73
1501303,1,202208,2866.5,9.39,26916.44
1501303,1,202209,3823.1,8.76,33490.36
1501303,1,202210,2600.6,8.67,22547.2
1501303,1,202211,2085.6,9.4,19604.64
1501303,1,202212,2200.7,9.49,20884.64
1501303,1,202301,2865.6,10.37,29716.27
1501303,1,202302,2195.1,11.42,25068.04
1501303,1,202303,2016.6,12.62,25449.49
1501303,1,202304,2382.4,12.89,30709.14
1501303,1,202305,3387.1,13.34,45183.91
1501303,1,202306,2856.7,11.84,33823.33
1501303,1,202307,3152.1,10.98,34610.06
1501303,1,202308,5001.8,9.79,48967.62
1501303,1,202309,3704.8,9.1,33713.68
1501303,1,202310,4759.8,9.6,45694.08
1501303,1,202311,3557.0,9.62,34218.34
1501303,1,202312,3312.1,10.19,33750.3
1501303,1,202401,2706.1,11.54,31228.39
1501303,1,202402,1969.1,12.77,25145.41
1501303,1,202403,1585.4,14.19,22496.83
1501303,1,202404,1802.5,14.72,26532.8
1501303,1,202405,2392.4,13.34,31914.62
1501303,1,202406,2563.2,13.08,33526.66
1501303,1,202407,3060.0,10.67,32650.2
1501303,1,202408,4001.1,10.68,42731.75
1501303,1,202409,3649.3,10.04,36638.97
1501303,1,202410,4567.9,9.2,42024.68
1501303,1,202411,4927.0,10.58,52127.66
1501303,1,202412,6443.0,10.12,65203.16
1501303,2,202201,497.0,37.77,18771.69
1501303,2,202202,605.6,36.61,22171.02
1501303,2,202203,437.6,37.89,16580.66
1501303,2,202204,297.4,40.87,12154.74
1501303,2,202205,337.0,43.53,14669.61
1501303,2,202206,375.5,46.44,17438.22
1501303,2,202207,407.3,47.98,19542.25
1501303,2,202208,360.9,53.92,19459.73
1501303,2,202209,226.9,53.99,12250.33
1501303,2,202210,282.7,47.76,13501.75
1501303,2,202211,358.6,44.96,16122.66
1501303,2,202212,493.7,39.35,19427.1
1501303,2,202301,628.9,40.87,25703.14
1501303,2,202302,649.3,40.24,26127.83
1501303,2,202303,479.9,40.28,19330.37
1501303,2,202304,344.8,44.16,15226.37
1501303,2,202305,349.9,47.53,16630.75
1501303,2,202306,264.9,47.73,12643.68
1501303,2,202307,332.1,56.13,18640.77
1501303,2,202308,219.6,53.26,11695.9
1501303,2,202309,272.6,57.5,15674.5
1501303,2,202310,319.3,51.38,16405.63
1501303,2,202311,343.1,51.65,17721.12
1501303,2,202312,331.5,45.91,15219.16
1501303,2,202401,269.5,42.77,11526.52
1501303,2,202402,307.4,39.84,12246.82
1501303,2,202403,316.7,40.83,12930.86
1501303,2,202404,403.0,46.17,18606.51
1501303,2,202405,309.2,48.95,15135.34
1501303,2,202406,314.0,50.73,15929.22
1501303,2,202407,228.0,57.25,13053.0
1501303,2,202408,265.0,56.0,14840.0
1501303,2,202409,187.9,57.27,10761.03
1501303,2,202410,358.7,49.76,17848.91
1501303,2,202411,379.8,51.09,19403.98
1501303,2,202412,256.8,46.1,11838.48
1501303,3,202201,29.2,99.21,2896.93
1501303,3,202202,28.5,97.45,2777.32
1501303,3,202203,28.4,89.65,2546.06
1501303,3,202204,30.9,84.35,2606.41
1501303,3,202205,26.7,90.65,2420.36
1501303,3,202206,25.5,81.01,2065.76
1501303,3,202207,35.1,81.77,2870.13
1501303,3,202208,34.5,81.75,2820.38
1501303,3,202209,38.2,86.26,3295.13
1501303,3,202210,44.3,93.07,4123.0
1501303,3,202211,44.0,90.06,3962.64
1501303,3,202212,28.9,90.24,2607.94
1501303,3,202301,28.0,88.79,2486.12
1501303,3,202302,34.2,101.52,3471.98
1501303,3,202303,35.9,98.6,3539.74
1501303,3,202304,35.9,93.79,3367.06
1501303,3,202305,26.6,99.22,2639.25
1501303,3,202306,27.3,85.54,2335.24
1501303,3,202307,31.7,85.75,2718.28
1501303,3,202308,26.2,86.91,2277.04
1501303,3,202309,34.3,86.28,2959.4
1501303,3,202310,33.2,93.33,3098.56
1501303,3,202311,22.7,95.8,2174.66
1501303,3,202312,22.9,101.61,2326.87
1501303,3,202401,24.1,104.85,2526.89
1501303,3,202402,25.8,102.44,2642.95
1501303,3,202403,36.4,100.53,3659.29
1501303,3,202404,39.6,102.42,4055.83
1501303,3,202405,30.3,96.28,2917.28
1501303,3,202406,25.7,94.51,2428.91
1501303,3,202407,29.3,94.53,2769.73
1501303,3,202408,33.8,92.0,3109.6
1501303,3,202409,42.2,93.58,3949.08
1501303,3,202410,53.6,90.63,4857.77
1501303,3,202411,60.8,103.99,6322.59
1501303,3,202412,43.2,94.73,4092.34
1501402,1,202201,21603.3,10.08,217761.26
1501402,1,202202,17931.1,12.01,215352.51
1501402,1,202203,15654.9,14.19,222143.03
1501402,1,202204,15499.9,13.15,203823.68
1501402,1,202205,19008.9,11.87,225635.64
1501402,1,202206,26163.2,13.34,349017.09
1501402,1,202207,27314.7,11.37,310568.14
1501402,1,202208,34886.4,9.8,341886.72
1501402,1,202209,31519.3,8.82,278000.23
1501402,1,202210,37546.6,9.16,343926.86
1501402,1,202211,29435.0,8.75,257556.25
1501402,1,202212,32179.0,10.41,334983.39
1501402,1,202301,37934.9,11.71,444217.68
1501402,1,202302,25605.6,12.75,326471.4
1501402,1,202303,13637.9,13.57,185066.3
1501402,1,202304,12968.5,13.67,177279.4
1501402,1,202305,18716.5,14.2,265774.3
1501402,1,202306,22851.0,12.06,275583.06
1501402,1,202307,26945.0,10.51,283191.95
1501402,1,202308,36638.6,10.52,385438.07
1501402,1,202309,41095.7,9.63,395751.59
1501402,1,202310,48835.9,9.22,450267.0
1501402,1,202311,47700.8,9.52,454111.62
1501402,1,202312,47510.0,10.04,477000.4
1501402,1,202401,35065.5,12.29,430955.0
1501402,1,202402,30034.0,13.03,391343.02
1501402,1,202403,21536.0,13.63,293535.68
1501402,1,202404,17267.5,14.08,243126.4
1501402,1,202405,24740.9,15.45,382246.9
1501402,1,202406,25986.5,11.97,311058.41
1501402,1,202407,32878.2,12.12,398483.78
1501402,1,202408,35981.8,9.73,350102.91
1501402,1,202409,34262.9,9.62,329609.1
1501402,1,202410,36015.0,9.14,329177.1
1501402,1,202411,44567.4,8.71,388182.05
1501402,1,202412,39173.4,10.79,422680.99
1501402,2,202201,3344.5,40.39,135084.36
1501402,2,202202,3187.7,36.8,117307.36
1501402,2,202203,2898.3,38.05,110280.32
1501402,2,202204,3625.4,42.03,152375.56
1501402,2,202205,2666.0,48.11,128261.26
1501402,2,202206,2546.8,50.37,128282.32
1501402,2,202207,1992.1,53.65,106876.16
1501402,2,202208,1347.7,51.91,69959.11
1501402,2,202209,1262.9,54.79,69194.29
1501402,2,202210,1753.2,44.34,77736.89
1501402,2,202211,2418.6,49.79,120422.09
1501402,2,202212,2931.1,46.35,135856.48
1501402,2,202301,3824.6,41.66,159332.84
1501402,2,202302,3840.1,41.47,159248.95
1501402,2,202303,2962.6,40.64,120400.06
1501402,2,202304,3025.7,42.84,129620.99
1501402,2,202305,2651.0,45.39,120328.89
1501402,2,202306,2040.4,50.19,102407.68
1501402,2,202307,2074.8,54.37,112806.88
1501402,2,202308,1998.2,54.96,109821.07
1501402,2,202309,1825.3,58.4,106597.52
1501402,2,202310,2008.5,50.56,101549.76
1501402,2,202311,3043.4,43.44,132205.3
1501402,2,202312,4088.3,47.0,192150.1
1501402,2,202401,4009.6,39.78,159501.89
1501402,2,202402,3795.2,40.17,152453.18
1501402,2,202403,2666.0,42.87,114291.42
1501402,2,202404,3548.0,45.9,162853.2
1501402,2,202405,3478.1,45.21,157244.9
1501402,2,202406,3111.3,50.33,156591.73
1501402,2,202407,1662.8,50.99,84786.17
1501402,2,202408,1772.7,57.65,102196.16
1501402,2,202409,1888.7,58.26,110035.66
1501402,2,202410,2441.9,49.15,120019.38
1501402,2,202411,2495.8,51.08,127485.46
1501402,2,202412,2770.0,47.1,130467.0
1501402,3,202201,244.6,96.76,23667.5
1501402,3,202202,305.0,92.29,28148.45
1501402,3,202203,343.8,95.01,32664.44
1501402,3,202204,324.6,92.05,29879.43
1501402,3,202205,427.6,82.71,35366.8
1501402,3,202206,376.7,96.62,36396.75
1501402,3,202207,426.8,87.81,37477.31
1501402,3,202208,342.0,85.37,29196.54
1501402,3,202209,359.9,86.78,31232.12
1501402,3,202210,283.9,96.73,27461.65
1501402,3,202211,284.7,95.26,27120.52
1501402,3,202212,276.4,94.33,26072.81
1501402,3,202301,319.5,95.04,30365.28
1501402,3,202302,266.4,96.52,25712.93
1501402,3,202303,479.6,89.97,43149.61
1501402,3,202304,315.4,94.65,29852.61
1501402,3,202305,338.0,96.75,32701.5
1501402,3,202306,363.6,93.71,34072.96
1501402,3,202307,400.6,91.51,36658.91
1501402,3,202308,348.9,85.75,29918.18
1501402,3,202309,360.8,91.22,32912.18
1501402,3,202310,310.0,94.61,29329.1
1501402,3,202311,427.4,83.74,35790.48
1501402,3,202312,324.0,97.89,31716.36
1501402,3,202401,298.0,113.46,33811.08
1501402,3,202402,261.0,101.54,26501.94
1501402,3,202403,240.7,90.14,21696.7
1501402,3,202404,212.1,96.13,20389.17
1501402,3,202405,294.1,88.77,26107.26
1501402,3,202406,287.0,91.34,26214.58
1501402,3,202407,278.9,86.68,24175.05
1501402,3,202408,264.3,95.72,25298.8
1501402,3,202409,315.1,95.81,30189.73
1501402,3,202410,324.0,95.91,31074.84
1501402,3,202411,321.1,103.35,33185.68
1501402,3,202412,272.2,97.33,26493.23
1501451,1,202201,280.6,12.05,3381.23
1501451,1,202202,320.0,13.48,4313.6
1501451,1,202203,377.3,12.84,4844.53
1501451,1,202204,434.1,13.67,5934.15
1501451,1,202205,415.9,14.8,6155.32
1501451,1,202206,424.2,13.19,5595.2
1501451,1,202207,597.4,10.7,6392.18
1501451,1,202208,840.0,11.1,9324.0
1501451,1,202209,957.1,9.37,8968.03
1501451,1,202210,692.6,9.98,6912.15
1501451,1,202211,651.1,9.59,6244.05
1501451,1,202212,593.6,10.64,6315.9
1501451,1,202301,340.1,12.98,4414.5
1501451,1,202302,342.8,12.93,4432.4
1501451,1,202303,466.4,13.77,6422.33
1501451,1,202304,431.6,14.67,6331.57
1501451,1,202305,516.8,15.08,7793.34
1501451,1,202306,505.3,12.66,6397.1
1501451,1,202307,526.0,11.26,5922.76
1501451,1,202308,628.2,11.42,7174.04
1501451,1,202309,577.5,9.72,5613.3
1501451,1,202310,519.7,9.48,4926.76
1501451,1,202311,677.3,9.13,6183.75
1501451,1,202312,733.4,10.59,7766.71
1501451,1,202401,480.3,12.53,6018.16
1501451,1,202402,480.2,14.5,6962.9
1501451,1,202403,388.7,14.25,5538.98
1501451,1,202404,381.6,16.47,6284.95
1501451,1,202405,416.4,14.31,5958.68
1501451,1,202406,534.8,13.38,7155.62
1501451,1,202407,582.7,13.53,7883.93
1501451,1,202408,837.0,11.33,9483.21
1501451,1,202409,874.5,9.97,8718.77
1501451,1,202410,923.7,9.82,9070.73
1501451,1,202411,682.3,10.97,7484.83
1501451,1,202412,883.6,12.07,10665.05
1501451,2,202201,37.4,39.63,1482.16
1501451,2,202202,36.9,40.2,1483.38
1501451,2,202203,37.9,37.4,1417.46
1501451,2,202204,52.8,39.78,2100.38
1501451,2,202205,44.6,46.18,2059.63
1501451,2,202206,32.7,46.84,1531.67
1501451,2,202207,33.0,49.13,1621.29
1501451,2,202208,26.1,54.45,1421.15
1501451,2,202209,33.3,46.91,1562.1
1501451,2,202210,31.6,52.98,1674.17
1501451,2,202211,33.8,43.13,1457.79
1501451,2,202212,46.1,42.95,1980.0
1501451,2,202301,72.4,40.02,2897.45
1501451,2,202302,100.9,39.85,4020.86
1501451,2,202303,65.3,39.71,2593.06
1501451,2,202304,50.8,44.65,2268.22
1501451,2,202305,49.8,45.45,2263.41
1501451,2,202306,52.8,48.31,2550.77
1501451,2,202307,29.5,57.21,1687.7
1501451,2,202308,32.0,53.26,1704.32
1501451,2,202309,32.0,50.52,1616.64
1501451,2,202310,26.6,46.14,1227.32
1501451,2,202311,28.4,50.77,1441.87
1501451,2,202312,35.8,41.61,1489.64
1501451,2,202401,46.8,46.32,2167.78
1501451,2,202402,63.9,41.64,2660.8
1501451,2,202403,65.1,42.09,2740.06
1501451,2,202404,68.3,44.8,3059.84
1501451,2,202405,55.6,53.65,2982.94
1501451,2,202406,41.0,46.27,1897.07
1501451,2,202407,37.0,54.85,2029.45
1501451,2,202408,41.7,54.5,2272.65
1501451,2,202409,50.3,53.69,2700.61
1501451,2,202410,49.0,52.01,2548.49
1501451,2,202411,45.0,47.39,2132.55
1501451,2,202412,56.6,44.84,2537.94
1501451,3,202201,9.7,96.27,933.82
1501451,3,202202,9.1,90.57,824.19
1501451,3,202203,9.0,102.09,918.81
1501451,3,202204,7.2,91.79,660.89
1501451,3,202205,6.9,91.34,630.25
1501451,3,202206,6.2,84.48,523.78
1501451,3,202207,9.5,86.66,823.27
1501451,3,202208,6.8,93.86,638.25
1501451,3,202209,8.5,81.21,690.28
1501451,3,202210,9.0,82.56,743.04
1501451,3,202211,6.1,86.19,525.76
1501451,3,202212,7.7,91.17,702.01
1501451,3,202301,6.9,95.93,661.92
1501451,3,202302,5.4,94.19,508.63
1501451,3,202303,6.4,98.22,628.61
1501451,3,202304,6.0,104.23,625.38
1501451,3,202305,6.5,92.9,603.85
1501451,3,202306,6.7,90.36,605.41
1501451,3,202307,6.4,90.27,577.73
1501451,3,202308,5.9,90.88,536.19
1501451,3,202309,7.8,95.04,741.31
1501451,3,202310,8.3,91.89,762.69
1501451,3,202311,8.2,93.59,767.44
1501451,3,202312,7.2,91.74,660.53
1501451,3,202401,7.2,106.1,763.92
1501451,3,202402,6.2,98.77,612.37
1501451,3,202403,5.9,97.87,577.43
1501451,3,202404,9.1,101.09,919.92
1501451,3,202405,10.5,104.99,1102.4
1501451,3,202406,9.0,97.77,879.93
1501451,3,202407,7.0,91.98,643.86
1501451,3,202408,5.7,86.99,495.84
1501451,3,202409,6.1,99.44,606.58
1501451,3,202410,7.0,94.02,658.14
1501451,3,202411,7.4,95.8,708.92
1501451,3,202412,7.6,102.93,782.27
1501501,1,202201,1223.7,11.42,13974.65
1501501,1,202202,1051.6,12.29,12924.16
1501501,1,202203,774.3,13.23,10243.99
1501501,1,202204,786.4,13.72,10789.41
1501501,1,202205,866.4,12.98,11245.87
1501501,1,202206,1247.0,12.98,16186.06
1501501,1,202207,1735.1,12.2,21168.22
1501501,1,202208,1723.5,9.93,17114.36
1501501,1,202209,1796.5,9.51,17084.72
1501501,1,202210,2097.1,8.86,18580.31
1501501,1,202211,1707.6,9.46,16153.9
1501501,1,202212,1690.1,10.99,18574.2
1501501,1,202301,1351.6,12.1,16354.36
1501501,1,202302,941.4,11.93,11230.9
1501501,1,202303,743.4,14.27,10608.32
1501501,1,202304,1026.4,15.19,15591.02
1501501,1,202305,1007.7,13.79,13896.18
1501501,1,202306,1524.6,13.71,20902.27
1501501,1,202307,1465.6,11.4,16707.84
1501501,1,202308,1777.3,9.81,17435.31
1501501,1,202309,2985.8,9.72,29021.98
1501501,1,202310,2129.3,8.54,18184.22
1501501,1,202311,1388.6,9.54,13247.24
1501501,1,202312,1727.6,11.26,19452.78
1501501,1,202401,1227.7,11.12,13652.02
1501501,1,202402,1077.2,12.69,13669.67
1501501,1,202403,880.5,13.74,12098.07
1501501,1,202404,939.1,14.76,13861.12
1501501,1,202405,846.3,14.2,12017.46
1501501,1,202406,1011.1,14.5,14660.95
1501501,1,202407,1392.3,12.84,17877.13
1501501,1,202408,1393.9,11.23,15653.5
1501501,1,202409,1511.4,10.09,15250.03
1501501,1,202410,1643.5,9.86,16204.91
1501501,1,202411,1321.9,9.59,12677.02
1501501,1,202412,1260.1,11.43,14402.94
1501501,2,202201,133.1,39.77,5293.39
1501501,2,202202,162.7,37.6,6117.52
1501501,2,202203,185.1,36.41,6739.49
1501501,2,202204,148.7,46.31,6886.3
1501501,2,202205,187.9,45.54,8556.97
1501501,2,202206,187.2,49.49,9264.53
1501501,2,202207,168.4,49.78,8382.95
1501501,2,202208,161.4,47.86,7724.6
1501501,2,202209,144.0,50.63,7290.72
1501501,2,202210,176.6,47.6,8406.16
1501501,2,202211,231.7,46.63,10804.17
1501501,2,202212,250.4,43.55,10904.92
1501501,2,202301,208.4,42.31,8817.4
1501501,2,202302,201.4,41.8,8418.52
1501501,2,202303,209.1,44.56,9317.5
1501501,2,202304,209.3,44.14,9238.5
1501501,2,202305,165.8,49.44,8197.15
1501501,2,202306,125.8,51.57,6487.51
1501501,2,202307,154.7,48.09,7439.52
1501501,2,202308,111.1,53.41,5933.85
1501501,2,202309,98.5,50.63,4987.06
1501501,2,202310,92.0,50.9,4682.8
1501501,2,202311,101.7,44.99,4575.48
1501501,2,202312,168.7,44.62,7527.39
1501501,2,202401,234.1,44.41,10396.38
1501501,2,202402,218.9,43.87,9603.14
1501501,2,202403,221.2,45.85,10142.02
1501501,2,202404,189.5,41.34,7833.93
1501501,2,202405,130.4,45.77,5968.41
1501501,2,202406,183.4,60.48,11092.03
1501501,2,202407,190.5,57.76,11003.28
1501501,2,202408,166.0,56.52,9382.32
1501501,2,202409,129.9,55.0,7144.5
1501501,2,202410,135.2,52.1,7043.92
1501501,2,202411,136.7,44.12,6031.2
1501501,2,202412,167.1,43.25,7227.08
1501501,3,202201,15.0,98.52,1477.8
1501501,3,202202,13.9,93.59,1300.9
1501501,3,202203,13.6,89.69,1219.78
1501501,3,202204,12.7,91.01,1155.83
1501501,3,202205,12.4,88.21,1093.8
1501501,3,202206,18.5,88.91,1644.84
1501501,3,202207,22.4,90.45,2026.08
1501501,3,202208,19.1,89.45,1708.5
1501501,3,202209,23.2,86.01,1995.43
1501501,3,202210,22.9,86.49,1980.62
1501501,3,202211,19.7,87.48,1723.36
1501501,3,202212,15.0,84.86,1272.9
1501501,3,202301,16.9,98.37,1662.45
1501501,3,202302,24.0,95.08,2281.92
1501501,3,202303,21.8,104.65,2281.37
1501501,3,202304,25.3,95.45,2414.89
1501501,3,202305,22.9,97.16,2224.96
1501501,3,202306,27.0,88.63,2393.01
1501501,3,202307,24.8,85.79,2127.59
1501501,3,202308,15.6,90.69,1414.76
1501501,3,202309,15.7,89.98,1412.69
1501501,3,202310,17.9,92.27,1651.63
1501501,3,202311,22.3,93.16,2077.47
1501501,3,202312,20.0,100.29,2005.8
1501501,3,202401,19.3,105.6,2038.08
1501501,3,202402,17.1,92.41,1580.21
1501501,3,202403,23.9,100.94,2412.47
1501501,3,202404,29.8,105.33,3138.83
1501501,3,202405,23.7,92.37,2189.17
1501501,3,202406,18.2,86.63,1576.67
1501501,3,202407,14.8,91.51,1354.35
1501501,3,202408,20.1,93.78,1884.98
1501501,3,202409,21.7,90.05,1954.08
1501501,3,202410,18.8,100.58,1890.9
1501501,3,202411,20.3,106.59,2163.78
1501501,3,202412,15.9,90.93,1445.79
1501576,1,202201,380.1,13.57,5157.96
1501576,1,202202,373.5,14.22,5311.17
1501576,1,202203,303.5,13.59,4124.56
1501576,1,202204,258.0,15.0,3870.0
1501576,1,202205,280.3,13.6,3812.08
1501576,1,202206,181.3,12.13,2199.17
1501576,1,202207,272.6,12.63,3442.94
1501576,1,202208,347.1,11.38,3950.0
1501576,1,202209,415.9,10.34,4300.41
1501576,1,202210,516.5,9.26,4782.79
1501576,1,202211,474.9,9.74,4625.53
1501576,1,202212,337.8,11.15,3766.47
1501576,1,202301,299.3,12.73,3810.09
1501576,1,202302,270.0,13.52,3650.4
1501576,1,202303,250.5,13.6,3406.8
1501576,1,202304,249.3,15.19,3786.87
1501576,1,202305,314.3,15.57,4893.65
1501576,1,202306,272.7,12.99,3542.37
1501576,1,202307,347.3,12.89,4476.7
1501576,1,202308,527.1,11.36,5987.86
1501576,1,202309,402.7,10.6,4268.62
1501576,1,202310,470.1,10.3,4842.03
1501576,1,202311,417.6,9.86,4117.54
1501576,1,202312,366.5,10.3,3774.95
1501576,1,202401,279.5,12.62,3527.29
1501576,1,202402,253.3,14.97,3791.9
1501576,1,202403,335.6,14.91,5003.8
1501576,1,202404,234.5,15.15,3552.68
1501576,1,202405,207.7,13.98,2903.65
1501576,1,202406,208.7,15.63,3261.98
1501576,1,202407,399.0,13.51,5390.49
1501576,1,202408,426.4,12.05,5138.12
1501576,1,202409,492.0,11.13,5475.96
1501576,1,202410,487.0,10.54,5132.98
1501576,1,202411,408.0,10.47,4271.76
1501576,1,202412,377.8,11.5,4344.7
1501576,2,202201,65.2,37.93,2473.04
1501576,2,202202,64.1,33.96,2176.84
1501576,2,202203,106.2,36.31,3856.12
1501576,2,202204,80.8,38.54,3114.03
1501576,2,202205,70.5,42.45,2992.73
1501576,2,202206,61.4,42.38,2602.13
1501576,2,202207,59.4,48.45,2877.93
1501576,2,202208,49.1,43.56,2138.8
1501576,2,202209,63.2,45.4,2869.28
1501576,2,202210,68.4,41.3,2824.92
1501576,2,202211,56.4,43.3,2442.12
1501576,2,202212,65.5,39.2,2567.6
1501576,2,202301,72.0,38.46,2769.12
1501576,2,202302,74.2,39.54,2933.87
1501576,2,202303,81.7,37.01,3023.72
1501576,2,202304,82.6,41.21,3403.95
1501576,2,202305,76.0,43.35,3294.6
1501576,2,202306,66.8,46.25,3089.5
1501576,2,202307,58.1,52.12,3028.17
1501576,2,202308,36.6,55.14,2018.12
1501576,2,202309,49.6,47.78,2369.89
1501576,2,202310,60.9,48.43,2949.39
1501576,2,202311,56.7,43.91,2489.7
1501576,2,202312,71.8,40.64,2917.95
1501576,2,202401,89.9,39.55,3555.54
1501576,2,202402,110.9,37.54,4163.19
1501576,2,202403,106.1,32.66,3465.23
1501576,2,202404,93.1,44.85,4175.54
1501576,2,202405,90.0,43.37,3903.3
1501576,2,202406,67.0,47.69,3195.23
1501576,2,202407,63.0,50.18,3161.34
1501576,2,202408,51.6,49.65,2561.94
1501576,2,202409,66.0,51.35,3389.1
1501576,2,202410,50.5,48.16,2432.08
1501576,2,202411,71.4,43.32,3093.05
1501576,2,202412,80.2,41.85,3356.37
1501576,3,202201,3.9,95.94,374.17
1501576,3,202202,5.2,92.61,481.57
1501576,3,202203,4.9,93.84,459.82
1501576,3,202204,5.1,87.6,446.76
1501576,3,202205,7.2,91.7,660.24
1501576,3,202206,5.8,86.96,504.37
1501576,3,202207,4.9,86.13,422.04
1501576,3,202208,3.9,91.11,355.33
1501576,3,202209,6.2,81.96,508.15
1501576,3,202210,7.7,86.74,667.9
1501576,3,202211,6.8,82.87,563.52
1501576,3,202212,5.1,95.28,485.93
1501576,3,202301,6.3,98.38,619.79
1501576,3,202302,10.2,99.3,1012.86
1501576,3,202303,8.2,97.69,801.06
1501576,3,202304,6.2,93.66,580.69
1501576,3,202305,8.4,106.04,890.74
1501576,3,202306,6.7,90.97,609.5
1501576,3,202307,6.8,90.06,612.41
1501576,3,202308,4.5,83.11,374.0
1501576,3,202309,5.2,92.75,482.3
1501576,3,202310,4.7,90.23,424.08
1501576,3,202311,6.8,95.71,650.83
1501576,3,202312,5.5,100.86,554.73
1501576,3,202401,6.7,101.72,681.52
1501576,3,202402,6.5,99.6,647.4
1501576,3,202403,6.7,91.02,609.83
1501576,3,202404,7.7,98.2,756.14
1501576,3,202405,7.7,93.94,723.34
1501576,3,202406,7.1,89.05,632.26
1501576,3,202407,6.6,99.09,653.99
1501576,3,202408,7.9,95.97,758.16
1501576,3,202409,5.6,84.09,470.9
1501576,3,202410,8.5,95.01,807.58
1501576,3,202411,8.1,93.31,755.81
1501576,3,202412,7.0,101.97,713.79
1501600,1,202201,485.2,11.52,5589.5
1501600,1,202202,373.9,12.69,4744.79
1501600,1,202203,260.6,13.5,3518.1
1501600,1,202204,255.9,14.2,3633.78
1501600,1,202205,209.6,13.5,2829.6
1501600,1,202206,323.7,12.05,3900.58
1501600,1,202207,314.3,12.2,3834.46
1501600,1,202208,409.0,10.9,4458.1
1501600,1,202209,543.6,10.01,5441.44
1501600,1,202210,554.4,8.58,4756.75
1501600,1,202211,494.8,9.74,4819.35
1501600,1,202212,412.6,10.86,4480.84
1501600,1,202301,331.9,11.59,3846.72
1501600,1,202302,247.8,13.49,3342.82
1501600,1,202303,208.2,14.34,2985.59
1501600,1,202304,273.9,16.19,4434.44
1501600,1,202305,262.0,15.88,4160.56
1501600,1,202306,250.0,12.41,3102.5
1501600,1,202307,281.9,13.82,3895.86
1501600,1,202308,435.4,10.43,4541.22
1501600,1,202309,536.7,10.48,5624.62
1501600,1,202310,579.3,10.12,5862.52
1501600,1,202311,486.5,9.5,4621.75
1501600,1,202312,461.1,11.19,5159.71
1501600,1,202401,328.7,12.57,4131.76
1501600,1,202402,267.0,14.36,3834.12
1501600,1,202403,287.9,15.11,4350.17
1501600,1,202404,305.5,16.24,4961.32
1501600,1,202405,244.8,14.99,3669.55
1501600,1,202406,242.7,13.85,3361.4
1501600,1,202407,317.3,13.35,4235.96
1501600,1,202408,535.7,11.64,6235.55
1501600,1,202409,390.4,10.73,4188.99
1501600,1,202410,465.8,9.66,4499.63
1501600,1,202411,357.3,9.81,3505.11
1501600,1,202412,315.7,11.0,3472.7
1501600,2,202201,50.3,37.37,1879.71
1501600,2,202202,38.4,40.98,1573.63
1501600,2,202203,34.1,40.12,1368.09
1501600,2,202204,39.1,40.37,1578.47
1501600,2,202205,30.9,44.7,1381.23
1501600,2,202206,24.4,47.76,1165.34
1501600,2,202207,22.1,52.92,1169.53
1501600,2,202208,23.3,49.53,1154.05
1501600,2,202209,25.4,51.74,1314.2
1501600,2,202210,28.2,49.11,1384.9
1501600,2,202211,27.8,43.13,1199.01
1501600,2,202212,40.2,45.06,1811.41
1501600,2,202301,56.5,40.12,2266.78
1501600,2,202302,37.9,37.85,1434.52
1501600,2,202303,30.2,42.49,1283.2
1501600,2,202304,38.9,43.41,1688.65
1501600,2,202305,46.9,47.77,2240.41
1501600,2,202306,25.7,47.42,1218.69
1501600,2,202307,29.9,55.07,1646.59
1501600,2,202308,38.9,60.0,2334.0
1501600,2,202309,30.7,49.64,1523.95
1501600,2,202310,44.5,51.21,2278.85
1501600,2,202311,43.5,45.0,1957.5
1501600,2,202312,49.4,49.52,2446.29
1501600,2,202401,45.1,44.99,2029.05
1501600,2,202402,57.0,41.9,2388.3
1501600,2,202403,60.5,39.77,2406.08
1501600,2,202404,68.6,42.79,2935.39
1501600,2,202405,65.7,50.45,3314.57
1501600,2,202406,46.9,48.8,2288.72
1501600,2,202407,66.3,51.38,3406.49
1501600,2,202408,60.8,55.91,3399.33
1501600,2,202409,52.7,55.28,2913.26
1501600,2,202410,39.5,53.25,2103.38
1501600,2,202411,32.4,47.54,1540.3
1501600,2,202412,30.8,47.07,1449.76
1501600,3,202201,3.7,92.09,340.73
1501600,3,202202,4.5,93.34,420.03
1501600,3,202203,5.1,93.5,476.85
1501600,3,202204,6.4,91.83,587.71
1501600,3,202205,5.5,93.14,512.27
1501600,3,202206,4.1,82.17,336.9
1501600,3,202207,5.4,84.52,456.41
1501600,3,202208,6.2,89.66,555.89
1501600,3,202209,6.3,94.92,598.0
1501600,3,202210,4.9,81.57,399.69
1501600,3,202211,3.8,91.5,347.7
1501600,3,202212,4.3,91.82,394.83
1501600,3,202301,3.6,97.98,352.73
1501600,3,202302,3.6,95.38,343.37
1501600,3,202303,6.6,102.26,674.92
1501600,3,202304,8.5,99.86,848.81
1501600,3,202305,8.0,106.18,849.44
1501600,3,202306,6.1,84.99,518.44
1501600,3,202307,5.1,81.31,414.68
1501600,3,202308,6.0,97.5,585.0
1501600,3,202309,7.4,88.51,654.97
1501600,3,202310,5.7,88.74,505.82
1501600,3,202311,4.8,94.49,453.55
1501600,3,202312,4.7,89.91,422.58
1501600,3,202401,3.5,104.19,364.66
1501600,3,202402,3.0,102.62,307.86
1501600,3,202403,2.9,107.89,312.88
1501600,3,202404,4.0,104.5,418.0
1501600,3,202405,4.7,101.88,478.84
1501600,3,202406,6.2,95.19,590.18
1501600,3,202407,4.4,99.85,439.34
1501600,3,202408,3.7,94.04,347.95
1501600,3,202409,4.7,89.73,421.73
1501600,3,202410,4.1,90.55,371.25
1501600,3,202411,3.8,93.87,356.71
1501600,3,202412,4.9,103.11,505.24
1501709,1,202201,2667.5,11.24,29982.7
1501709,1,202202,2532.9,12.61,31939.87
1501709,1,202203,1960.6,13.63,26722.98
1501709,1,202204,2308.8,13.7,31630.56
1501709,1,202205,2719.0,13.03,35428.57
1501709,1,202206,2711.5,12.22,33134.53
1501709,1,202207,2469.2,10.79,26642.67
1501709,1,202208,3861.0,10.28,39691.08
1501709,1,202209,3855.0,9.15,35273.25
1501709,1,202210,3872.1,8.59,33261.34
1501709,1,202211,3317.7,8.9,29527.53
1501709,1,202212,2482.4,9.47,23508.33
1501709,1,202301,1704.2,12.28,20927.58
1501709,1,202302,1855.6,12.98,24085.69
1501709,1,202303,1481.3,13.24,19612.41
1501709,1,202304,2667.5,14.74,39318.95
1501709,1,202305,1943.6,13.44,26121.98
1501709,1,202306,1725.2,12.05,20788.66
1501709,1,202307,2439.6,12.31,30031.48
1501709,1,202308,3876.1,10.19,39497.46
1501709,1,202309,4029.9,9.38,37800.46
1501709,1,202310,4393.7,9.26,40685.66
1501709,1,202311,2783.8,10.13,28199.89
1501709,1,202312,2366.9,10.48,24805.11
1501709,1,202401,1826.2,11.42,20855.2
1501709,1,202402,1254.8,13.77,17278.6
1501709,1,202403,1408.6,13.99,19706.31
1501709,1,202404,1019.0,16.12,16426.28
1501709,1,202405,1069.2,14.33,15321.64
1501709,1,202406,1403.2,11.98,16810.34
1501709,1,202407,1731.0,12.34,21360.54
1501709,1,202408,2630.9,11.96,31465.56
1501709,1,202409,3410.8,10.73,36597.88
1501709,1,202410,4307.2,10.5,45225.6
1501709,1,202411,4488.3,9.43,42324.67
1501709,1,202412,4471.8,11.36,50799.65
1501709,2,202201,279.8,39.04,10923.39
1501709,2,202202,288.7,36.8,10624.16
1501709,2,202203,299.3,39.92,11948.06
1501709,2,202204,316.8,40.19,12732.19
1501709,2,202205,227.9,43.8,9982.02
1501709,2,202206,171.8,48.13,8268.73
1501709,2,202207,118.7,47.2,5602.64
1501709,2,202208,91.7,46.69,4281.47
1501709,2,202209,115.7,53.23,6158.71
1501709,2,202210,144.8,46.62,6750.58
1501709,2,202211,149.3,50.07,7475.45
1501709,2,202212,166.4,45.94,7644.42
1501709,2,202301,278.3,39.7,11048.51
1501709,2,202302,330.7,44.72,14788.9
1501709,2,202303,237.0,42.67,10112.79
1501709,2,202304,209.7,41.92,8790.62
1501709,2,202305,212.0,41.13,8719.56
1501709,2,202306,168.8,52.07,8789.42
1501709,2,202307,140.4,52.96,7435.58
1501709,2,202308,140.0,54.99,7698.6
1501709,2,202309,191.1,52.28,9990.71
1501709,2,202310,251.8,47.51,11963.02
1501709,2,202311,226.1,45.81,10357.64
1501709,2,202312,276.8,44.85,12414.48
1501709,2,202401,292.6,41.54,12154.6
1501709,2,202402,247.6,40.57,10045.13
1501709,2,202403,241.8,39.19,9476.14
1501709,2,202404,186.7,45.16,8431.37
1501709,2,202405,231.2,45.97,10628.26
1501709,2,202406,268.6,54.7,14692.42
1501709,2,202407,203.4,52.93,10765.96
1501709,2,202408,168.7,55.07,9290.31
1501709,2,202409,216.6,61.19,13253.75
1501709,2,202410,278.7,51.45,14339.12
1501709,2,202411,229.0,47.54,10886.66
1501709,2,202412,255.0,46.29,11803.95
1501709,3,202201,25.9,96.85,2508.41
1501709,3,202202,21.9,99.41,2177.08
1501709,3,202203,18.7,95.47,1785.29
1501709,3,202204,18.1,88.41,1600.22
1501709,3,202205,22.2,88.99,1975.58
1501709,3,202206,29.5,89.91,2652.34
1501709,3,202207,27.2,88.26,2400.67
1501709,3,202208,20.0,90.97,1819.4
1501709,3,202209,41.8,83.38,3485.28
1501709,3,202210,43.9,88.29,3875.93
1501709,3,202211,42.6,89.42,3809.29
1501709,3,202212,46.5,100.54,4675.11
1501709,3,202301,37.1,100.33,3722.24
1501709,3,202302,31.3,101.2,3167.56
1501709,3,202303,37.9,98.29,3725.19
1501709,3,202304,43.8,95.33,4175.45
1501709,3,202305,43.1,87.06,3752.29
1501709,3,202306,45.7,85.24,3895.47
1501709,3,202307,32.6,89.53,2918.68
1501709,3,202308,31.6,88.22,2787.75
1501709,3,202309,43.2,89.56,3868.99
1501709,3,202310,43.2,95.17,4111.34
1501709,3,202311,28.0,94.04,2633.12
1501709,3,202312,25.0,94.74,2368.5
1501709,3,202401,33.8,101.18,3419.88
1501709,3,202402,33.6,104.3,3504.48
1501709,3,202403,32.7,100.33,3280.79
1501709,3,202404,33.3,105.59,3516.15
1501709,3,202405,32.9,97.15,3196.24
1501709,3,202406,30.8,95.48,2940.78
1501709,3,202407,28.3,88.46,2503.42
1501709,3,202408,37.1,96.36,3574.96
1501709,3,202409,37.3,99.02,3693.45
1501709,3,202410,39.6,88.07,3487.57
1501709,3,202411,38.9,99.17,3857.71
1501709,3,202412,44.1,99.58,4391.48
1501725,1,202201,543.3,11.68,6345.74
1501725,1,202202,358.4,12.96,4644.86
1501725,1,202203,306.0,15.14,4632.84
1501725,1,202204,285.6,13.19,3767.06
1501725,1,202205,392.9,13.71,5386.66
1501725,1,202206,517.4,13.03,6741.72
1501725,1,202207,613.7,11.2,6873.44
1501725,1,202208,545.0,10.41,5673.45
1501725,1,202209,627.2,8.77,5500.54
1501725,1,202210,613.4,9.85,6041.99
1501725,1,202211,752.3,9.19,6913.64
1501725,1,202212,814.7,11.51,9377.2
1501725,1,202301,762.8,12.05,9191.74
1501725,1,202302,492.8,14.04,6918.91
1501725,1,202303,259.7,14.22,3692.93
1501725,1,202304,217.4,14.58,3169.69
1501725,1,202305,374.6,13.85,5188.21
1501725,1,202306,414.0,13.41,5551.74
1501725,1,202307,456.1,12.26,5591.79
1501725,1,202308,798.9,10.38,8292.58
1501725,1,202309,1071.0,9.81,10506.51
1501725,1,202310,992.9,9.25,9184.32
1501725,1,202311,832.7,11.07,9217.99
1501725,1,202312,699.1,10.75,7515.32
1501725,1,202401,612.3,13.52,8278.3
1501725,1,202402,674.5,13.69,9233.9
1501725,1,202403,566.0,14.98,8478.68
1501725,1,202404,555.4,14.17,7870.02
1501725,1,202405,642.2,14.46,9286.21
1501725,1,202406,509.1,13.97,7112.13
1501725,1,202407,691.9,13.55,9375.25
1501725,1,202408,739.7,11.33,8380.8
1501725,1,202409,529.2,10.97,5805.32
1501725,1,202410,451.2,10.21,4606.75
1501725,1,202411,465.3,11.11,5169.48
1501725,1,202412,567.7,11.17,6341.21
1501725,2,202201,72.8,39.91,2905.45
1501725,2,202202,82.6,36.16,2986.82
1501725,2,202203,77.8,38.68,3009.3
1501725,2,202204,34.7,41.63,1444.56
1501725,2,202205,34.9,47.2,1647.28
1501725,2,202206,27.9,50.18,1400.02
1501725,2,202207,36.9,43.22,1594.82
1501725,2,202208,44.1,48.41,2134.88
1501725,2,202209,46.1,49.47,2280.57
1501725,2,202210,38.2,44.89,1714.8
1501725,2,202211,59.6,36.51,2176.0
1501725,2,202212,59.7,39.19,2339.64
1501725,2,202301,88.3,39.75,3509.92
1501725,2,202302,83.0,37.83,3139.89
1501725,2,202303,79.3,37.82,2999.13
1501725,2,202304,60.5,42.35,2562.18
1501725,2,202305,67.2,46.48,3123.46
1501725,2,202306,59.0,47.98,2830.82
1501725,2,202307,62.6,55.29,3461.15
1501725,2,202308,52.8,52.7,2782.56
1501725,2,202309,48.4,49.43,2392.41
1501725,2,202310,55.4,46.43,2572.22
1501725,2,202311,75.3,45.21,3404.31
1501725,2,202312,88.3,44.68,3945.24
1501725,2,202401,86.5,39.34,3402.91
1501725,2,202402,57.7,41.26,2380.7
1501725,2,202403,69.4,41.19,2858.59
1501725,2,202404,48.2,48.15,2320.83
1501725,2,202405,47.2,48.04,2267.49
1501725,2,202406,43.2,48.91,2112.91
1501725,2,202407,31.9,55.23,1761.84
1501725,2,202408,37.6,56.31,2117.26
1501725,2,202409,60.5,52.19,3157.5
1501725,2,202410,55.5,47.78,2651.79
1501725,2,202411,68.7,48.39,3324.39
1501725,2,202412,109.5,43.72,4787.34
1501725,3,202201,9.7,94.59,917.52
1501725,3,202202,6.2,91.28,565.94
1501725,3,202203,8.3,91.66,760.78
1501725,3,202204,10.9,89.67,977.4
1501725,3,202205,13.5,80.88,1091.88
1501725,3,202206,10.6,87.62,928.77
1501725,3,202207,10.9,78.5,855.65
1501725,3,202208,10.1,84.92,857.69
1501725,3,202209,7.3,79.32,579.04
1501725,3,202210,7.4,82.19,608.21
1501725,3,202211,6.7,93.06,623.5
1501725,3,202212,8.0,92.81,742.48
1501725,3,202301,6.2,89.61,555.58
1501725,3,202302,6.1,96.48,588.53
1501725,3,202303,6.7,99.76,668.39
1501725,3,202304,9.2,93.47,859.92
1501725,3,202305,16.4,92.01,1508.96
1501725,3,202306,15.2,91.91,1397.03
1501725,3,202307,11.5,88.93,1022.7
1501725,3,202308,10.3,83.73,862.42
1501725,3,202309,12.1,88.84,1074.96
1501725,3,202310,9.0,89.5,805.5
1501725,3,202311,11.4,102.03,1163.14
1501725,3,202312,11.1,95.91,1064.6
1501725,3,202401,10.2,102.94,1049.99
1501725,3,202402,7.3,104.38,761.97
1501725,3,202403,9.9,100.62,996.14
1501725,3,202404,9.0,96.58,869.22
1501725,3,202405,10.3,99.46,1024.44
1501725,3,202406,10.8,96.52,1042.42
1501725,3,202407,8.7,102.26,889.66
1501725,3,202408,9.6,94.82,910.27
1501725,3,202409,8.4,95.71,803.96
1501725,3,202410,8.4,97.73,820.93
1501725,3,202411,9.9,93.9,929.61
1501725,3,202412,11.3,94.01,1062.31
1501758,1,202201,307.0,11.45,3515.15
1501758,1,202202,233.4,13.08,3052.87
1501758,1,202203,179.0,12.78,2287.62
1501758,1,202204,298.0,14.17,4222.66
1501758,1,202205,332.7,14.36,4777.57
1501758,1,202206,319.8,13.02,4163.8
1501758,1,202207,458.8,11.58,5312.9
1501758,1,202208,553.2,10.25,5670.3
1501758,1,202209,798.6,9.03,7211.36
1501758,1,202210,514.1,9.05,4652.61
1501758,1,202211,462.0,10.02,4629.24
1501758,1,202212,379.1,10.23,3878.19
1501758,1,202301,232.3,11.45,2659.84
1501758,1,202302,279.6,12.91,3609.64
1501758,1,202303,240.8,14.29,3441.03
1501758,1,202304,272.4,14.22,3873.53
1501758,1,202305,424.1,14.5,6149.45
1501758,1,202306,375.7,13.58,5102.01
1501758,1,202307,381.3,12.52,4773.88
1501758,1,202308,455.5,11.5,5238.25
1501758,1,202309,607.3,10.29,6249.12
1501758,1,202310,530.5,9.03,4790.42
1501758,1,202311,449.3,9.36,4205.45
1501758,1,202312,499.4,10.67,5328.6
1501758,1,202401,426.6,12.16,5187.46
1501758,1,202402,234.7,12.99,3048.75
1501758,1,202403,186.0,14.38,2674.68
1501758,1,202404,272.8,14.7,4010.16
1501758,1,202405,304.1,14.22,4324.3
1501758,1,202406,291.3,13.53,3941.29
1501758,1,202407,349.0,13.2,4606.8
1501758,1,202408,431.9,11.25,4858.88
1501758,1,202409,573.0,11.52,6600.96
1501758,1,202410,452.7,9.91,4486.26
1501758,1,202411,400.9,10.03,4021.03
1501758,1,202412,412.8,11.14,4598.59
1501758,2,202201,24.0,33.06,793.44
1501758,2,202202,21.9,35.79,783.8
1501758,2,202203,16.7,33.12,553.1
1501758,2,202204,16.4,41.93,687.65
1501758,2,202205,20.3,45.84,930.55
1501758,2,202206,21.7,45.91,996.25
1501758,2,202207,21.2,44.43,941.92
1501758,2,202208,19.0,49.7,944.3
1501758,2,202209,19.9,52.59,1046.54
1501758,2,202210,20.1,46.69,938.47
1501758,2,202211,17.5,45.0,787.5
1501758,2,202212,17.6,38.29,673.9
1501758,2,202301,18.9,36.77,694.95
1501758,2,202302,27.8,37.38,1039.16
1501758,2,202303,31.4,34.88,1095.23
1501758,2,202304,21.4,45.72,978.41
1501758,2,202305,19.5,44.44,866.58
1501758,2,202306,16.1,49.55,797.76
1501758,2,202307,14.8,48.73,721.2
1501758,2,202308,13.5,46.99,634.36
1501758,2,202309,19.1,53.55,1022.8
1501758,2,202310,19.6,44.85,879.06
1501758,2,202311,22.3,44.91,1001.49
1501758,2,202312,25.4,41.74,1060.2
1501758,2,202401,22.2,40.11,890.44
1501758,2,202402,24.7,37.54,927.24
1501758,2,202403,29.7,39.66,1177.9
1501758,2,202404,33.3,40.51,1348.98
1501758,2,202405,20.8,47.82,994.66
1501758,2,202406,14.0,50.8,711.2
1501758,2,202407,14.4,51.84,746.5
1501758,2,202408,18.1,51.34,929.25
1501758,2,202409,19.2,57.66,1107.07
1501758,2,202410,22.7,46.26,1050.1
1501758,2,202411,18.7,42.51,794.94
1501758,2,202412,20.1,42.31,850.43
1501758,3,202201,2.6,93.68,243.57
1501758,3,202202,3.2,86.05,275.36
1501758,3,202203,3.2,95.07,304.22
1501758,3,202204,2.8,95.5,267.4
1501758,3,202205,3.8,89.74,341.01
1501758,3,202206,3.2,83.95,268.64
1501758,3,202207,2.5,78.45,196.12
1501758,3,202208,2.8,86.54,242.31
1501758,3,202209,3.5,85.46,299.11
1501758,3,202210,2.7,93.58,252.67
1501758,3,202211,1.9,83.71,159.05
1501758,3,202212,2.1,90.55,190.16
1501758,3,202301,2.5,92.17,230.42
1501758,3,202302,1.4,104.44,146.22
1501758,3,202303,2.1,104.76,220.0
1501758,3,202304,1.8,106.14,191.05
1501758,3,202305,2.5,96.07,240.18
1501758,3,202306,1.9,94.45,179.46
1501758,3,202307,1.8,90.69,163.24
1501758,3,202308,2.5,90.54,226.35
1501758,3,202309,3.3,88.95,293.53
1501758,3,202310,3.0,93.65,280.95
1501758,3,202311,4.4,104.17,458.35
1501758,3,202312,2.9,97.47,282.66
1501758,3,202401,2.2,102.37,225.21
1501758,3,202402,2.2,104.06,228.93
1501758,3,202403,2.2,101.49,223.28
1501758,3,202404,2.6,101.36,263.54
1501758,3,202405,2.4,96.31,231.14
1501758,3,202406,3.0,99.83,299.49
1501758,3,202407,3.4,97.09,330.11
1501758,3,202408,4.5,101.82,458.19
1501758,3,202409,3.5,92.04,322.14
1501758,3,202410,3.4,95.65,325.21
1501758,3,202411,3.5,98.41,344.44
1501758,3,202412,3.1,101.12,313.47
1501782,1,202201,1026.6,12.65,12986.49
1501782,1,202202,1218.8,13.21,16100.35
1501782,1,202203,781.5,14.21,11105.12
1501782,1,202204,839.6,15.08,12661.17
1501782,1,202205,841.8,14.28,12020.9
1501782,1,202206,677.5,12.43,8421.32
1501782,1,202207,1001.8,11.52,11540.74
1501782,1,202208,1488.2,10.87,16176.73
1501782,1,202209,1319.6,10.43,13763.43
1501782,1,202210,1390.4,10.28,14293.31
1501782,1,202211,978.9,10.21,9994.57
1501782,1,202212,781.7,10.9,8520.53
1501782,1,202301,1080.3,12.47,13471.34
1501782,1,202302,857.8,12.84,11014.15
1501782,1,202303,651.2,14.09,9175.41
1501782,1,202304,725.0,13.95,10113.75
1501782,1,202305,729.1,13.34,9726.19
1501782,1,202306,817.4,13.5,11034.9
1501782,1,202307,1202.8,12.12,14577.94
1501782,1,202308,1157.1,11.13,12878.52
1501782,1,202309,1213.5,10.1,12256.35
1501782,1,202310,1468.9,9.61,14116.13
1501782,1,202311,1772.7,10.11,17922.0
1501782,1,202312,1887.7,10.73,20255.02
1501782,1,202401,1165.8,13.03,15190.37
1501782,1,202402,1141.9,13.6,15529.84
1501782,1,202403,809.8,15.37,12446.63
1501782,1,202404,1087.9,15.97,17373.76
1501782,1,202405,823.1,14.59,12009.03
1501782,1,202406,1200.5,14.14,16975.07
1501782,1,202407,1163.9,12.37,14397.44
1501782,1,202408,1984.5,11.13,22087.48
1501782,1,202409,2169.3,9.87,21410.99
1501782,1,202410,1665.5,10.74,17887.47
1501782,1,202411,1443.6,11.01,15894.04
1501782,1,202412,1518.4,11.73,17810.83
1501782,2,202201,182.5,37.07,6765.28
1501782,2,202202,196.7,33.18,6526.51
1501782,2,202203,174.8,39.48,6901.1
1501782,2,202204,165.3,39.82,6582.25
1501782,2,202205,148.8,43.23,6432.62
1501782,2,202206,178.3,47.92,8544.14
1501782,2,202207,140.3,51.62,7242.29
1501782,2,202208,105.1,49.24,5175.12
1501782,2,202209,109.4,49.39,5403.27
1501782,2,202210,72.6,46.42,3370.09
1501782,2,202211,97.2,41.66,4049.35
1501782,2,202212,149.2,36.22,5404.02
1501782,2,202301,179.3,38.82,6960.43
1501782,2,202302,186.2,40.19,7483.38
1501782,2,202303,192.7,39.54,7619.36
1501782,2,202304,199.0,38.7,7701.3
1501782,2,202305,200.8,46.63,9363.3
1501782,2,202306,161.3,46.72,7535.94
1501782,2,202307,121.5,44.92,5457.78
1501782,2,202308,73.2,53.41,3909.61
1501782,2,202309,103.2,47.57,4909.22
1501782,2,202310,125.5,51.86,6508.43
1501782,2,202311,142.1,46.74,6641.75
1501782,2,202312,138.6,40.36,5593.9
1501782,2,202401,183.2,41.09,7527.69
1501782,2,202402,172.6,44.29,7644.45
1501782,2,202403,164.6,42.22,6949.41
1501782,2,202404,148.6,43.21,6421.01
1501782,2,202405,143.0,53.33,7626.19
1501782,2,202406,99.8,49.91,4981.02
1501782,2,202407,107.9,53.69,5793.15
1501782,2,202408,91.8,50.65,4649.67
1501782,2,202409,88.6,47.96,4249.26
1501782,2,202410,123.9,48.91,6059.95
1501782,2,202411,116.0,46.24,5363.84
1501782,2,202412,164.6,43.4,7143.64
1501782,3,202201,13.3,97.41,1295.55
1501782,3,202202,16.1,95.81,1542.54
1501782,3,202203,24.3,93.55,2273.26
1501782,3,202204,28.6,100.29,2868.29
1501782,3,202205,31.9,85.72,2734.47
1501782,3,202206,32.3,91.94,2969.66
1501782,3,202207,25.3,83.59,2114.83
1501782,3,202208,21.2,84.52,1791.82
1501782,3,202209,18.7,82.18,1536.77
1501782,3,202210,15.7,84.36,1324.45
1501782,3,202211,20.0,88.06,1761.2
1501782,3,202212,25.0,84.3,2107.5
1501782,3,202301,23.6,100.19,2364.48
1501782,3,202302,24.6,99.79,2454.83
1501782,3,202303,23.6,91.36,2156.1
1501782,3,202304,24.9,99.64,2481.04
1501782,3,202305,16.3,100.67,1640.92
1501782,3,202306,20.0,87.82,1756.4
1501782,3,202307,20.0,85.32,1706.4
1501782,3,202308,21.3,93.02,1981.33
1501782,3,202309,22.7,90.54,2055.26
1501782,3,202310,19.4,90.18,1749.49
1501782,3,202311,16.1,97.49,1569.59
1501782,3,202312,15.0,97.74,1466.1
1501782,3,202401,12.6,109.82,1383.73
1501782,3,202402,12.1,102.95,1245.7
1501782,3,202403,12.4,104.45,1295.18
1501782,3,202404,12.0,105.77,1269.24
1501782,3,202405,17.3,86.0,1487.8
1501782,3,202406,17.1,99.79,1706.41
1501782,3,202407,14.3,89.85,1284.86
1501782,3,202408,16.6,93.68,1555.09
1501782,3,202409,15.7,100.14,1572.2
1501782,3,202410,23.5,92.85,2181.98
1501782,3,202411,22.9,95.01,2175.73
1501782,3,202412,16.6,99.84,1657.34
1501808,1,202201,3770.2,11.23,42339.35
1501808,1,202202,5560.2,11.99,66666.8
1501808,1,202203,3821.4,13.11,50098.55
1501808,1,202204,3435.5,13.26,45554.73
1501808,1,202205,3093.9,12.1,37436.19
1501808,1,202206,3694.5,11.02,40713.39
1501808,1,202207,4935.7,10.38,51232.57
1501808,1,202208,5317.7,9.9,52645.23
1501808,1,202209,8011.3,9.11,72982.94
1501808,1,202210,7550.9,7.93,59878.64
1501808,1,202211,6810.3,8.38,57070.31
1501808,1,202212,4692.2,9.28,43543.62
1501808,1,202301,4338.5,10.97,47593.34
1501808,1,202302,3494.2,11.53,40288.13
1501808,1,202303,2757.9,12.3,33922.17
1501808,1,202304,2396.1,12.97,31077.42
1501808,1,202305,4423.1,13.26,58650.31
1501808,1,202306,4170.0,11.64,48538.8
1501808,1,202307,3587.8,11.11,39860.46
1501808,1,202308,4037.3,10.54,42553.14
1501808,1,202309,4990.6,8.56,42719.54
1501808,1,202310,6135.7,8.73,53564.66
1501808,1,202311,6463.5,9.62,62178.87
1501808,1,202312,6178.1,9.79,60483.6
1501808,1,202401,4316.6,11.26,48604.92
1501808,1,202402,3875.4,13.57,52589.18
1501808,1,202403,2856.3,13.49,38531.49
1501808,1,202404,2570.9,14.82,38100.74
1501808,1,202405,2469.8,13.99,34552.5
1501808,1,202406,2542.1,12.59,32005.04
1501808,1,202407,4286.8,11.87,50884.32
1501808,1,202408,5889.4,10.54,62074.28
1501808,1,202409,7693.3,9.98,76779.13
1501808,1,202410,7415.9,8.91,66075.67
1501808,1,202411,7698.2,9.5,73132.9
1501808,1,202412,4518.7,10.34,46723.36
1501808,2,202201,223.5,38.21,8539.94
1501808,2,202202,190.6,38.03,7248.52
1501808,2,202203,213.1,37.27,7942.24
1501808,2,202204,225.3,41.49,9347.7
1501808,2,202205,171.2,44.99,7702.29
1501808,2,202206,124.9,52.64,6574.74
1501808,2,202207,160.0,52.38,8380.8
1501808,2,202208,168.3,58.24,9801.79
1501808,2,202209,161.1,45.64,7352.6
1501808,2,202210,213.9,45.52,9736.73
1501808,2,202211,212.3,44.21,9385.78
1501808,2,202212,196.1,44.85,8795.08
1501808,2,202301,177.8,40.5,7200.9
1501808,2,202302,193.0,36.97,7135.21
1501808,2,202303,225.5,40.22,9069.61
1501808,2,202304,258.1,40.77,10522.74
1501808,2,202305,204.4,43.65,8922.06
1501808,2,202306,209.7,55.6,11659.32
1501808,2,202307,162.3,51.96,8433.11
1501808,2,202308,128.6,54.29,6981.69
1501808,2,202309,107.5,52.63,5657.72
1501808,2,202310,120.0,49.68,5961.6
1501808,2,202311,120.1,44.87,5388.89
1501808,2,202312,228.1,42.62,9721.62
1501808,2,202401,257.4,43.01,11070.77
1501808,2,202402,246.4,44.35,10927.84
1501808,2,202403,316.1,44.34,14015.87
1501808,2,202404,198.6,42.3,8400.78
1501808,2,202405,173.1,51.06,8838.49
1501808,2,202406,223.1,53.5,11935.85
1501808,2,202407,174.0,53.22,9260.28
1501808,2,202408,244.6,56.4,13795.44
1501808,2,202409,235.1,56.51,13285.5
1501808,2,202410,271.3,52.37,14207.98
1501808,2,202411,319.2,49.78,15889.78
1501808,2,202412,291.6,43.06,12556.3
1501808,3,202201,32.4,100.75,3264.3
1501808,3,202202,27.2,87.76,2387.07
1501808,3,202203,34.0,86.91,2954.94
1501808,3,202204,28.0,89.08,2494.24
1501808,3,202205,27.5,93.78,2578.95
1501808,3,202206,32.7,87.31,2855.04
1501808,3,202207,25.3,84.53,2138.61
1501808,3,202208,25.8,79.31,2046.2
1501808,3,202209,30.7,84.78,2602.75
1501808,3,202210,27.1,84.54,2291.03
1501808,3,202211,23.3,85.94,2002.4
1501808,3,202212,27.9,88.15,2459.39
1501808,3,202301,32.6,99.41,3240.77
1501808,3,202302,37.2,95.71,3560.41
1501808,3,202303,27.5,98.43,2706.82
1501808,3,202304,24.1,88.25,2126.83
1501808,3,202305,23.4,95.98,2245.93
1501808,3,202306,29.1,91.89,2674.0
1501808,3,202307,23.7,87.72,2078.96
1501808,3,202308,21.0,88.7,1862.7
1501808,3,202309,20.7,92.98,1924.69
1501808,3,202310,19.1,84.45,1613.0
1501808,3,202311,24.7,93.91,2319.58
1501808,3,202312,28.0,90.32,2528.96
1501808,3,202401,23.7,102.7,2433.99
1501808,3,202402,22.8,101.71,2318.99
1501808,3,202403,15.0,102.12,1531.8
1501808,3,202404,17.5,104.45,1827.88
1501808,3,202405,26.8,101.26,2713.77
1501808,3,202406,25.8,99.55,2568.39
1501808,3,202407,22.9,90.34,2068.79
1501808,3,202408,33.0,94.64,3123.12
1501808,3,202409,25.7,94.51,2428.91
1501808,3,202410,34.8,92.55,3220.74
1501808,3,202411,51.8,97.77,5064.49
1501808,3,202412,37.6,99.46,3739.7
1501907,1,202201,674.4,11.1,7485.84
1501907,1,202202,735.0,12.88,9466.8
1501907,1,202203,686.1,12.97,8898.72
1501907,1,202204,492.9,12.41,6116.89
1501907,1,202205,687.5,13.65,9384.38
1501907,1,202206,1117.7,11.93,13334.16
1501907,1,202207,1324.3,11.19,14818.92
1501907,1,202208,1700.3,9.53,16203.86
1501907,1,202209,1590.5,9.77,15539.18
1501907,1,202210,1084.7,8.32,9024.7
1501907,1,202211,775.2,8.85,6860.52
1501907,1,202212,838.1,9.9,8297.19
1501907,1,202301,684.9,10.83,7417.47
1501907,1,202302,534.6,12.85,6869.61
1501907,1,202303,525.8,14.66,7708.23
1501907,1,202304,607.0,13.51,8200.57
1501907,1,202305,492.4,13.79,6790.2
1501907,1,202306,575.9,11.02,6346.42
1501907,1,202307,994.6,11.42,11358.33
1501907,1,202308,931.2,10.08,9386.5
1501907,1,202309,1302.3,8.98,11694.65
1501907,1,202310,1213.2,9.54,11573.93
1501907,1,202311,1300.6,9.21,11978.53
1501907,1,202312,1357.4,10.15,13777.61
1501907,1,202401,1197.5,11.62,13914.95
1501907,1,202402,1063.1,11.89,12640.26
1501907,1,202403,668.6,13.22,8838.89
1501907,1,202404,785.4,15.03,11804.56
1501907,1,202405,655.7,12.59,8255.26
1501907,1,202406,795.6,12.59,10016.6
1501907,1,202407,987.1,11.6,11450.36
1501907,1,202408,1257.3,11.56,14534.39
1501907,1,202409,1450.9,10.06,14596.05
1501907,1,202410,1242.7,9.1,11308.57
1501907,1,202411,960.7,10.34,9933.64
1501907,1,202412,1113.1,10.21,11364.75
1501907,2,202201,96.9,36.45,3532.01
1501907,2,202202,128.3,37.43,4802.27
1501907,2,202203,138.8,36.81,5109.23
1501907,2,202204,142.6,41.8,5960.68
1501907,2,202205,106.1,45.11,4786.17
1501907,2,202206,118.7,43.49,5162.26
1501907,2,202207,99.5,49.97,4972.02
1501907,2,202208,75.4,46.44,3501.58
1501907,2,202209,68.6,48.08,3298.29
1501907,2,202210,86.8,47.14,4091.75
1501907,2,202211,78.8,40.7,3207.16
1501907,2,202212,144.3,40.83,5891.77
1501907,2,202301,184.5,37.44,6907.68
1501907,2,202302,241.2,36.44,8789.33
1501907,2,202303,263.9,39.78,10497.94
1501907,2,202304,178.8,39.15,7000.02
1501907,2,202305,120.5,42.22,5087.51
1501907,2,202306,65.4,49.98,3268.69
1501907,2,202307,67.2,50.14,3369.41
1501907,2,202308,103.4,47.2,4880.48
1501907,2,202309,88.7,52.05,4616.84
1501907,2,202310,97.3,46.49,4523.48
1501907,2,202311,103.9,41.15,4275.48
1501907,2,202312,134.4,36.02,4841.09
1501907,2,202401,187.1,41.81,7822.65
1501907,2,202402,135.0,37.4,5049.0
1501907,2,202403,109.1,37.55,4096.7
1501907,2,202404,149.2,43.86,6543.91
1501907,2,202405,146.7,47.82,7015.19
1501907,2,202406,115.8,47.47,5497.03
1501907,2,202407,141.0,54.32,7659.12
1501907,2,202408,93.4,58.53,5466.7
1501907,2,202409,116.6,55.51,6472.47
1501907,2,202410,119.7,52.4,6272.28
1501907,2,202411,147.5,46.65,6880.88
1501907,2,202412,102.7,41.55,4267.18
1501907,3,202201,12.7,98.01,1244.73
1501907,3,202202,11.2,95.14,1065.57
1501907,3,202203,10.5,94.75,994.88
1501907,3,202204,13.2,91.57,1208.72
1501907,3,202205,16.8,88.19,1481.59
1501907,3,202206,16.5,86.29,1423.78
1501907,3,202207,17.5,90.52,1584.1
1501907,3,202208,20.3,78.35,1590.5
1501907,3,202209,16.6,82.6,1371.16
1501907,3,202210,15.0,92.04,1380.6
1501907,3,202211,14.8,93.77,1387.8
1501907,3,202212,12.2,99.14,1209.51
1501907,3,202301,15.9,98.17,1560.9
1501907,3,202302,12.8,92.89,1188.99
1501907,3,202303,12.6,93.16,1173.82
1501907,3,202304,18.0,94.98,1709.64
1501907,3,202305,11.6,97.23,1127.87
1501907,3,202306,13.2,89.64,1183.25
1501907,3,202307,12.3,87.28,1073.54
1501907,3,202308,13.2,89.75,1184.7
1501907,3,202309,10.9,88.86,968.57
1501907,3,202310,11.0,88.81,976.91
1501907,3,202311,11.5,89.03,1023.84
1501907,3,202312,12.1,101.08,1223.07
1501907,3,202401,14.0,107.75,1508.5
1501907,3,202402,8.6,97.72,840.39
1501907,3,202403,9.8,100.21,982.06
1501907,3,202404,10.8,103.51,1117.91
1501907,3,202405,12.0,91.83,1101.96
1501907,3,202406,13.4,96.02,1286.67
1501907,3,202407,12.3,90.66,1115.12
1501907,3,202408,10.2,85.98,877.0
1501907,3,202409,12.3,100.71,1238.73
1501907,3,202410,10.7,92.69,991.78
1501907,3,202411,12.4,99.78,1237.27
1501907,3,202412,10.5,94.66,993.93
1501956,1,202201,555.7,11.13,6184.94
1501956,1,202202,626.7,12.69,7952.82
1501956,1,202203,505.2,13.66,6901.03
1501956,1,202204,409.6,13.55,5550.08
1501956,1,202205,451.2,13.44,6064.13
1501956,1,202206,578.7,12.24,7083.29
1501956,1,202207,646.0,10.68,6899.28
1501956,1,202208,895.5,9.75,8731.12
1501956,1,202209,909.9,9.04,8225.5
1501956,1,202210,1109.1,8.71,9660.26
1501956,1,202211,1123.9,8.22,9238.46
1501956,1,202212,938.0,9.69,9089.22
1501956,1,202301,706.9,11.55,8164.7
1501956,1,202302,623.4,12.55,7823.67
1501956,1,202303,607.9,13.45,8176.25
1501956,1,202304,811.4,14.29,11594.91
1501956,1,202305,851.2,12.9,10980.48
1501956,1,202306,976.1,11.74,11459.41
1501956,1,202307,1712.6,11.32,19386.63
1501956,1,202308,1622.5,10.71,17376.98
1501956,1,202309,1601.0,10.26,16426.26
1501956,1,202310,1606.2,9.47,15210.71
1501956,1,202311,1098.7,8.76,9624.61
1501956,1,202312,877.8,10.19,8944.78
1501956,1,202401,684.4,12.15,8315.46
1501956,1,202402,680.3,13.37,9095.61
1501956,1,202403,572.2,14.56,8331.23
1501956,1,202404,563.2,13.86,7805.95
1501956,1,202405,714.5,14.22,10160.19
1501956,1,202406,876.3,13.53,11856.34
1501956,1,202407,910.0,12.5,11375.0
1501956,1,202408,912.6,10.31,9408.91
1501956,1,202409,1296.9,9.64,12502.12
1501956,1,202410,1458.6,8.28,12077.21
1501956,1,202411,947.6,9.51,9011.68
1501956,1,202412,836.8,10.45,8744.56
1501956,2,202201,66.8,39.57,2643.28
1501956,2,202202,53.6,38.49,2063.06
1501956,2,202203,48.7,39.61,1929.01
1501956,2,202204,38.0,42.9,1630.2
1501956,2,202205,41.3,47.26,1951.84
1501956,2,202206,40.3,44.74,1803.02
1501956,2,202207,34.2,54.29,1856.72
1501956,2,202208,41.4,55.08,2280.31
1501956,2,202209,35.1,50.68,1778.87
1501956,2,202210,36.4,48.09,1750.48
1501956,2,202211,52.1,38.53,2007.41
1501956,2,202212,69.9,39.11,2733.79
1501956,2,202301,62.3,41.79,2603.52
1501956,2,202302,68.5,42.24,2893.44
1501956,2,202303,57.4,42.23,2424.0
1501956,2,202304,53.5,43.13,2307.46
1501956,2,202305,50.9,51.53,2622.88
1501956,2,202306,50.8,52.9,2687.32
1501956,2,202307,47.8,51.85,2478.43
1501956,2,202308,46.8,60.02,2808.94
1501956,2,202309,38.3,50.06,1917.3
1501956,2,202310,47.5,46.74,2220.15
1501956,2,202311,59.9,45.82,2744.62
1501956,2,202312,74.3,41.68,3096.82
1501956,2,202401,66.8,41.52,2773.54
1501956,2,202402,82.4,42.99,3542.38
1501956,2,202403,59.4,42.21,2507.27
1501956,2,202404,53.4,44.94,2399.8
1501956,2,202405,48.1,48.74,2344.39
1501956,2,202406,36.1,46.54,1680.09
1501956,2,202407,35.6,50.91,1812.4
1501956,2,202408,39.6,54.82,2170.87
1501956,2,202409,30.9,52.65,1626.88
1501956,2,202410,37.0,51.64,1910.68
1501956,2,202411,34.8,52.13,1814.12
1501956,2,202412,69.7,44.79,3121.86
1501956,3,202201,13.4,90.03,1206.4
1501956,3,202202,8.8,98.78,869.26
1501956,3,202203,8.9,89.28,794.59
1501956,3,202204,12.1,96.51,1167.77
1501956,3,202205,10.8,99.15,1070.82
1501956,3,202206,12.1,88.94,1076.17
1501956,3,202207,9.0,81.48,733.32
1501956,3,202208,8.8,85.35,751.08
1501956,3,202209,10.3,89.85,925.46
1501956,3,202210,9.4,87.73,824.66
1501956,3,202211,9.0,92.2,829.8
1501956,3,202212,7.0,89.07,623.49
1501956,3,202301,8.9,94.96,845.14
1501956,3,202302,7.2,103.81,747.43
1501956,3,202303,11.0,95.02,1045.22
1501956,3,202304,9.7,84.71,821.69
1501956,3,202305,12.2,92.18,1124.6
1501956,3,202306,14.0,92.23,1291.22
1501956,3,202307,11.3,93.56,1057.23
1501956,3,202308,10.7,95.53,1022.17
1501956,3,202309,10.3,89.11,917.83
1501956,3,202310,9.9,93.83,928.92
1501956,3,202311,8.1,94.17,762.78
1501956,3,202312,9.7,98.13,951.86
1501956,3,202401,8.6,101.3,871.18
1501956,3,202402,9.0,105.04,945.36
1501956,3,202403,11.6,98.59,1143.64
1501956,3,202404,12.9,110.54,1425.97
1501956,3,202405,11.4,86.25,983.25
1501956,3,202406,14.6,97.01,1416.35
1501956,3,202407,15.9,93.63,1488.72
1501956,3,202408,13.0,93.08,1210.04
1501956,3,202409,11.7,86.86,1016.26
1501956,3,202410,14.1,86.7,1222.47
1501956,3,202411,14.7,100.19,1472.79
1501956,3,202412,9.8,107.06,1049.19
1502004,1,202201,609.7,11.15,6798.16
1502004,1,202202,502.8,11.43,5747.0
1502004,1,202203,294.8,12.63,3723.32
1502004,1,202204,344.9,11.93,4114.66
1502004,1,202205,333.0,12.48,4155.84
1502004,1,202206,465.6,12.2,5680.32
1502004,1,202207,457.6,11.28,5161.73
1502004,1,202208,616.1,9.35,5760.54
1502004,1,202209,713.6,9.33,6657.89
1502004,1,202210,841.9,7.93,6676.27
1502004,1,202211,836.7,8.32,6961.34
1502004,1,202212,705.5,10.04,7083.22
1502004,1,202301,457.7,12.25,5606.82
1502004,1,202302,333.9,12.76,4260.56
1502004,1,202303,317.7,13.29,4222.23
1502004,1,202304,353.0,12.22,4313.66
1502004,1,202305,364.4,12.04,4387.38
1502004,1,202306,513.4,12.53,6432.9
1502004,1,202307,592.2,11.07,6555.65
1502004,1,202308,612.6,9.54,5844.2
1502004,1,202309,725.1,9.25,6707.18
1502004,1,202310,854.1,8.96,7652.74
1502004,1,202311,891.3,9.67,8618.87
1502004,1,202312,1096.2,10.16,11137.39
1502004,1,202401,709.5,12.47,8847.46
1502004,1,202402,569.6,12.96,7382.02
1502004,1,202403,534.6,13.78,7366.79
1502004,1,202404,489.9,14.96,7328.9
1502004,1,202405,460.7,13.19,6076.63
1502004,1,202406,407.0,14.91,6068.37
1502004,1,202407,503.2,11.94,6008.21
1502004,1,202408,554.9,10.69,5931.88
1502004,1,202409,536.2,9.85,5281.57
1502004,1,202410,603.9,10.17,6141.66
1502004,1,202411,576.0,9.98,5748.48
1502004,1,202412,680.5,9.68,6587.24
1502004,2,202201,49.2,39.32,1934.54
1502004,2,202202,73.6,37.54,2762.94
1502004,2,202203,86.2,36.68,3161.82
1502004,2,202204,74.6,40.83,3045.92
1502004,2,202205,43.4,46.62,2023.31
1502004,2,202206,41.8,50.23,2099.61
1502004,2,202207,40.8,51.52,2102.02
1502004,2,202208,38.6,53.19,2053.13
1502004,2,202209,35.4,54.2,1918.68
1502004,2,202210,37.6,48.56,1825.86
1502004,2,202211,39.8,48.18,1917.56
1502004,2,202212,39.6,40.14,1589.54
1502004,2,202301,63.2,40.57,2564.02
1502004,2,202302,75.2,38.84,2920.77
1502004,2,202303,64.2,42.37,2720.15
1502004,2,202304,61.1,41.15,2514.26
1502004,2,202305,55.7,46.05,2564.98
1502004,2,202306,71.4,45.84,3272.98
1502004,2,202307,62.7,54.47,3415.27
1502004,2,202308,58.9,57.28,3373.79
1502004,2,202309,52.0,55.34,2877.68
1502004,2,202310,47.6,52.4,2494.24
1502004,2,202311,67.4,48.81,3289.79
1502004,2,202312,76.6,44.83,3433.98
1502004,2,202401,64.5,43.61,2812.84
1502004,2,202402,71.9,42.74,3073.01
1502004,2,202403,78.0,40.92,3191.76
1502004,2,202404,45.1,44.51,2007.4
1502004,2,202405,37.4,48.77,1824.0
1502004,2,202406,40.2,51.38,2065.48
1502004,2,202407,27.4,50.78,1391.37
1502004,2,202408,22.9,52.54,1203.17
1502004,2,202409,28.5,55.55,1583.18
1502004,2,202410,40.0,54.67,2186.8
1502004,2,202411,53.2,48.62,2586.58
1502004,2,202412,80.1,51.62,4134.76
1502004,3,202201,9.9,97.12,961.49
1502004,3,202202,8.5,102.31,869.64
1502004,3,202203,9.2,101.28,931.78
1502004,3,202204,11.6,94.25,1093.3
1502004,3,202205,10.5,91.57,961.48
1502004,3,202206,13.2,93.38,1232.62
1502004,3,202207,9.2,78.86,725.51
1502004,3,202208,8.8,92.69,815.67
1502004,3,202209,10.4,82.24,855.3
1502004,3,202210,14.2,88.45,1255.99
1502004,3,202211,11.9,87.79,1044.7
1502004,3,202212,8.7,87.49,761.16
1502004,3,202301,12.1,100.76,1219.2
1502004,3,202302,10.4,100.4,1044.16
1502004,3,202303,11.2,97.95,1097.04
1502004,3,202304,10.1,95.67,966.27
1502004,3,202305,10.7,101.02,1080.91
1502004,3,202306,9.9,101.31,1002.97
1502004,3,202307,15.9,94.47,1502.07
1502004,3,202308,17.3,89.21,1543.33
1502004,3,202309,19.8,81.76,1618.85
1502004,3,202310,13.2,93.68,1236.58
1502004,3,202311,8.3,96.8,803.44
1502004,3,202312,8.2,100.2,821.64
1502004,3,202401,13.4,96.58,1294.17
1502004,3,202402,10.9,107.51,1171.86
1502004,3,202403,12.6,110.55,1392.93
1502004,3,202404,9.8,95.32,934.14
1502004,3,202405,8.9,100.59,895.25
1502004,3,202406,9.9,90.53,896.25
1502004,3,202407,15.8,91.67,1448.39
1502004,3,202408,17.3,87.14,1507.52
1502004,3,202409,10.1,90.55,914.56
1502004,3,202410,11.7,92.68,1084.36
1502004,3,202411,8.9,99.22,883.06
1502004,3,202412,8.1,104.67,847.83
1502103,1,202201,2804.6,12.88,36123.25
1502103,1,202202,2470.1,13.9,34334.39
1502103,1,202203,1745.5,13.13,22918.42
1502103,1,202204,2024.6,14.3,28951.78
1502103,1,202205,1933.0,14.98,28956.34
1502103,1,202206,2382.7,13.63,32476.2
1502103,1,202207,2785.3,11.24,31306.77
1502103,1,202208,4890.6,11.07,54138.94
1502103,1,202209,7100.7,8.82,62628.17
1502103,1,202210,6093.2,9.37,57093.28
1502103,1,202211,5181.7,10.39,53837.86
1502103,1,202212,3938.8,10.75,42342.1
1502103,1,202301,3959.6,12.17,48188.33
1502103,1,202302,2865.4,14.42,41319.07
1502103,1,202303,2271.8,15.49,35190.18
1502103,1,202304,2624.5,16.12,42306.94
1502103,1,202305,2351.7,15.41,36239.7
1502103,1,202306,2667.2,14.56,38834.43
1502103,1,202307,2407.4,12.95,31175.83
1502103,1,202308,3669.6,11.32,41539.87
1502103,1,202309,6052.1,10.26,62094.55
1502103,1,202310,6377.3,9.74,62114.9
1502103,1,202311,6987.3,9.61,67147.95
1502103,1,202312,4415.7,10.65,47027.2
1502103,1,202401,3699.5,12.78,47279.61
1502103,1,202402,2512.7,14.49,36409.02
1502103,1,202403,2218.0,16.46,36508.28
1502103,1,202404,2543.0,15.65,39797.95
1502103,1,202405,2641.8,16.11,42559.4
1502103,1,202406,2278.1,15.11,34422.09
1502103,1,202407,2344.0,12.81,30026.64
1502103,1,202408,2531.2,11.95,30247.84
1502103,1,202409,3806.4,10.47,39853.01
1502103,1,202410,6272.6,10.94,68622.24
1502103,1,202411,6932.9,10.95,75915.25
1502103,1,202412,3711.8,10.93,40569.97
1502103,2,202201,359.2,39.24,14095.01
1502103,2,202202,455.7,38.31,17457.87
1502103,2,202203,479.2,36.51,17495.59
1502103,2,202204,427.8,40.91,17501.3
1502103,2,202205,402.2,46.17,18569.57
1502103,2,202206,307.6,42.61,13106.84
1502103,2,202207,344.6,49.1,16919.86
1502103,2,202208,352.6,49.44,17432.54
1502103,2,202209,257.3,47.96,12340.11
1502103,2,202210,282.9,45.42,12849.32
1502103,2,202211,229.9,42.72,9821.33
1502103,2,202212,371.4,39.68,14737.15
1502103,2,202301,399.8,40.39,16147.92
1502103,2,202302,501.3,38.21,19154.67
1502103,2,202303,419.2,37.85,15866.72
1502103,2,202304,256.5,38.93,9985.54
1502103,2,202305,400.4,42.87,17165.15
1502103,2,202306,317.5,47.8,15176.5
1502103,2,202307,222.0,47.87,10627.14
1502103,2,202308,269.7,52.92,14272.52
1502103,2,202309,376.0,50.67,19051.92
1502103,2,202310,330.1,49.96,16491.8
1502103,2,202311,334.1,42.51,14202.59
1502103,2,202312,376.5,38.95,14664.68
1502103,2,202401,323.6,41.96,13578.26
1502103,2,202402,312.2,38.98,12169.56
1502103,2,202403,452.8,39.24,17767.87
1502103,2,202404,373.9,43.64,16317.0
1502103,2,202405,274.2,47.09,12912.08
1502103,2,202406,232.5,45.99,10692.68
1502103,2,202407,273.0,55.17,15061.41
1502103,2,202408,177.7,51.33,9121.34
1502103,2,202409,216.9,56.04,12155.08
1502103,2,202410,391.2,45.82,17924.78
1502103,2,202411,554.1,46.29,25649.29
1502103,2,202412,553.1,41.75,23091.92
1502103,3,202201,40.2,101.51,4080.7
1502103,3,202202,44.5,104.03,4629.34
1502103,3,202203,37.2,103.1,3835.32
1502103,3,202204,41.2,88.37,3640.84
1502103,3,202205,46.4,89.91,4171.82
1502103,3,202206,42.8,85.94,3678.23
1502103,3,202207,53.6,87.89,4710.9
1502103,3,202208,53.6,84.25,4515.8
1502103,3,202209,55.6,84.37,4690.97
1502103,3,202210,67.1,93.89,6300.02
1502103,3,202211,54.3,90.44,4910.89
1502103,3,202212,59.1,93.28,5512.85
1502103,3,202301,68.8,100.52,6915.78
1502103,3,202302,75.4,102.63,7738.3
1502103,3,202303,61.4,101.88,6255.43
1502103,3,202304,48.6,104.19,5063.63
1502103,3,202305,45.6,87.77,4002.31
1502103,3,202306,38.3,92.28,3534.32
1502103,3,202307,52.4,88.28,4625.87
1502103,3,202308,63.5,86.67,5503.54
1502103,3,202309,62.4,92.16,5750.78
1502103,3,202310,45.9,96.87,4446.33
1502103,3,202311,44.6,90.87,4052.8
1502103,3,202312,58.9,104.89,6178.02
1502103,3,202401,60.4,95.19,5749.48
1502103,3,202402,63.8,106.12,6770.46
1502103,3,202403,106.4,97.8,10405.92
1502103,3,202404,87.1,96.95,8444.34
1502103,3,202405,50.9,97.49,4962.24
1502103,3,202406,45.6,92.42,4214.35
1502103,3,202407,55.4,79.86,4424.24
1502103,3,202408,58.7,94.2,5529.54
1502103,3,202409,57.6,95.81,5518.66
1502103,3,202410,55.6,93.53,5200.27
1502103,3,202411,47.4,96.04,4552.3
1502103,3,202412,52.0,98.27,5110.04
1502152,1,202201,2028.5,12.1,24544.85
1502152,1,202202,1469.9,13.03,19152.8
1502152,1,202203,1328.0,14.33,19030.24
1502152,1,202204,1312.7,14.19,18627.21
1502152,1,202205,1058.6,13.6,14396.96
1502152,1,202206,1360.8,14.23,19364.18
1502152,1,202207,1240.8,12.52,15534.82
1502152,1,202208,1448.1,10.24,14828.54
1502152,1,202209,2212.2,10.0,22122.0
1502152,1,202210,2436.4,9.05,22049.42
1502152,1,202211,2129.8,9.16,19508.97
1502152,1,202212,2038.5,11.2,22831.2
1502152,1,202301,1645.9,11.35,18680.96
1502152,1,202302,1369.8,14.31,19601.84
1502152,1,202303,1348.5,14.42,19445.37
1502152,1,202304,1074.8,14.8,15907.04
1502152,1,202305,1162.8,14.91,17337.35
1502152,1,202306,1266.5,14.06,17806.99
1502152,1,202307,1171.3,11.86,13891.62
1502152,1,202308,1353.4,11.47,15523.5
1502152,1,202309,2368.0,10.17,24082.56
1502152,1,202310,2602.2,9.17,23862.17
1502152,1,202311,1881.6,10.03,18872.45
1502152,1,202312,1350.2,11.85,15999.87
1502152,1,202401,1299.2,13.96,18136.83
1502152,1,202402,1602.3,14.7,23553.81
1502152,1,202403,1298.6,14.29,18556.99
1502152,1,202404,1545.9,15.92,24610.73
1502152,1,202405,1560.6,15.83,24704.3
1502152,1,202406,1775.0,14.71,26110.25
1502152,1,202407,1530.5,13.35,20432.18
1502152,1,202408,2265.0,11.7,26500.5
1502152,1,202409,2336.0,10.46,24434.56
1502152,1,202410,2870.0,9.84,28240.8
1502152,1,202411,2231.3,9.55,21308.92
1502152,1,202412,2078.5,11.68,24276.88
1502152,2,202201,162.7,41.75,6792.72
1502152,2,202202,113.9,38.89,4429.57
1502152,2,202203,117.2,37.76,4425.47
1502152,2,202204,142.9,42.9,6130.41
1502152,2,202205,112.0,40.79,4568.48
1502152,2,202206,86.2,50.85,4383.27
1502152,2,202207,98.7,53.23,5253.8
1502152,2,202208,90.7,56.79,5150.85
1502152,2,202209,88.5,52.48,4644.48
1502152,2,202210,127.1,48.52,6166.89
1502152,2,202211,109.2,47.1,5143.32
1502152,2,202212,119.3,39.59,4723.09
1502152,2,202301,162.7,39.17,6372.96
1502152,2,202302,131.7,38.91,5124.45
1502152,2,202303,189.2,42.79,8095.87
1502152,2,202304,153.2,40.7,6235.24
1502152,2,202305,153.5,43.76,6717.16
1502152,2,202306,146.3,49.95,7307.69
1502152,2,202307,116.5,53.78,6265.37
1502152,2,202308,98.0,50.99,4997.02
1502152,2,202309,101.0,53.66,5419.66
1502152,2,202310,126.8,52.86,6702.65
1502152,2,202311,115.0,48.76,5607.4
1502152,2,202312,109.8,43.23,4746.65
1502152,2,202401,176.5,41.31,7291.22
1502152,2,202402,154.3,44.21,6821.6
1502152,2,202403,164.3,41.52,6821.74
1502152,2,202404,144.0,46.23,6657.12
1502152,2,202405,125.3,52.59,6589.53
1502152,2,202406,146.1,53.45,7809.04
1502152,2,202407,120.2,51.26,6161.45
1502152,2,202408,104.2,51.55,5371.51
1502152,2,202409,102.6,53.09,5447.03
1502152,2,202410,104.9,53.12,5572.29
1502152,2,202411,110.8,48.76,5402.61
1502152,2,202412,124.4,49.26,6127.94
1502152,3,202201,11.3,95.66,1080.96
1502152,3,202202,14.8,93.9,1389.72
1502152,3,202203,18.6,92.92,1728.31
1502152,3,202204,20.2,88.33,1784.27
1502152,3,202205,21.1,92.04,1942.04
1502152,3,202206,23.7,85.17,2018.53
1502152,3,202207,25.4,87.56,2224.02
1502152,3,202208,20.0,80.74,1614.8
1502152,3,202209,20.4,83.36,1700.54
1502152,3,202210,18.3,89.21,1632.54
1502152,3,202211,16.8,89.44,1502.59
1502152,3,202212,20.2,84.21,1701.04
1502152,3,202301,24.2,98.39,2381.04
1502152,3,202302,13.5,95.32,1286.82
1502152,3,202303,14.2,104.46,1483.33
1502152,3,202304,14.9,101.2,1507.88
1502152,3,202305,20.6,83.5,1720.1
1502152,3,202306,16.0,94.5,1512.0
1502152,3,202307,10.5,90.48,950.04
1502152,3,202308,16.0,81.69,1307.04
1502152,3,202309,20.8,92.72,1928.58
1502152,3,202310,14.5,85.16,1234.82
1502152,3,202311,15.3,99.12,1516.54
1502152,3,202312,20.9,93.34,1950.81
1502152,3,202401,15.7,94.78,1488.05
1502152,3,202402,16.5,114.56,1890.24
1502152,3,202403,18.7,94.64,1769.77
1502152,3,202404,14.7,96.16,1413.55
1502152,3,202405,15.2,94.28,1433.06
1502152,3,202406,13.0,92.16,1198.08
1502152,3,202407,15.7,95.43,1498.25
1502152,3,202408,15.6,91.63,1429.43
1502152,3,202409,18.3,96.89,1773.09
1502152,3,202410,21.1,96.05,2026.66
1502152,3,202411,25.6,89.4,2288.64
1502152,3,202412,33.6,102.91,3457.78
1502202,1,202201,1665.5,10.62,17687.61
1502202,1,202202,1060.1,13.45,14258.34
1502202,1,202203,1130.6,14.62,16529.37
1502202,1,202204,1563.2,13.62,21290.78
1502202,1,202205,1436.4,14.02,20138.33
1502202,1,202206,1473.7,12.71,18730.73
1502202,1,202207,1767.7,11.85,20947.24
1502202,1,202208,2888.4,10.11,29201.72
1502202,1,202209,2293.3,9.12,20914.9
1502202,1,202210,2420.8,9.7,23481.76
1502202,1,202211,1940.0,9.5,18430.0
1502202,1,202212,1611.3,11.54,18594.4
1502202,1,202301,1431.4,12.15,17391.51
1502202,1,202302,1601.3,12.79,20480.63
1502202,1,202303,1819.0,15.23,27703.37
1502202,1,202304,1588.7,15.14,24052.92
1502202,1,202305,1363.3,14.86,20258.64
1502202,1,202306,2307.7,14.22,32815.49
1502202,1,202307,2067.2,11.73,24248.26
1502202,1,202308,2025.8,10.78,21838.12
1502202,1,202309,1651.9,9.83,16238.18
1502202,1,202310,2514.3,8.98,22578.41
1502202,1,202311,2783.3,9.79,27248.51
1502202,1,202312,3480.8,11.6,40377.28
1502202,1,202401,1832.1,12.72,23304.31
1502202,1,202402,1937.0,12.98,25142.26
1502202,1,202403,1526.9,13.74,20979.61
1502202,1,202404,1559.9,16.52,25769.55
1502202,1,202405,1096.9,14.78,16212.18
1502202,1,202406,1722.3,13.44,23147.71
1502202,1,202407,2206.7,12.39,27341.01
1502202,1,202408,2371.0,10.45,24776.95
1502202,1,202409,2869.9,11.04,31683.7
1502202,1,202410,2426.9,9.73,23613.74
1502202,1,202411,2108.9,11.01,23218.99
1502202,1,202412,1794.1,11.28,20237.45
1502202,2,202201,190.0,40.14,7626.6
1502202,2,202202,164.7,39.08,6436.48
1502202,2,202203,217.7,41.42,9017.13
1502202,2,202204,193.8,40.95,7936.11
1502202,2,202205,128.9,40.42,5210.14
1502202,2,202206,126.6,47.59,6024.89
1502202,2,202207,102.7,50.29,5164.78
1502202,2,202208,102.8,46.71,4801.79
1502202,2,202209,117.4,50.96,5982.7
1502202,2,202210,116.1,45.84,5322.02
1502202,2,202211,133.6,46.48,6209.73
1502202,2,202212,146.1,41.12,6007.63
1502202,2,202301,157.8,44.92,7088.38
1502202,2,202302,153.8,39.27,6039.73
1502202,2,202303,158.0,41.61,6574.38
1502202,2,202304,139.0,42.83,5953.37
1502202,2,202305,157.0,43.15,6774.55
1502202,2,202306,150.1,49.8,7474.98
1502202,2,202307,172.2,54.91,9455.5
1502202,2,202308,216.7,55.46,12018.18
1502202,2,202309,211.5,52.11,11021.26
1502202,2,202310,215.2,46.78,10067.06
1502202,2,202311,246.2,48.33,11898.85
1502202,2,202312,267.5,44.21,11826.18
1502202,2,202401,265.7,44.11,11720.03
1502202,2,202402,255.7,40.75,10419.78
1502202,2,202403,198.5,38.87,7715.7
1502202,2,202404,222.2,46.17,10258.97
1502202,2,202405,189.9,48.58,9225.34
1502202,2,202406,214.9,56.01,12036.55
1502202,2,202407,207.2,54.99,11393.93
1502202,2,202408,157.2,55.76,8765.47
1502202,2,202409,197.1,56.07,11051.4
1502202,2,202410,122.4,50.71,6206.9
1502202,2,202411,221.8,47.06,10437.91
1502202,2,202412,185.3,44.74,8290.32
1502202,3,202201,19.2,95.74,1838.21
1502202,3,202202,28.8,96.59,2781.79
1502202,3,202203,29.0,91.38,2650.02
1502202,3,202204,31.8,94.48,3004.46
1502202,3,202205,34.9,85.51,2984.3
1502202,3,202206,29.3,92.47,2709.37
1502202,3,202207,32.1,79.22,2542.96
1502202,3,202208,31.9,81.11,2587.41
1502202,3,202209,26.6,78.65,2092.09
1502202,3,202210,20.6,89.15,1836.49
1502202,3,202211,21.5,88.11,1894.36
1502202,3,202212,24.0,95.93,2302.32
1502202,3,202301,23.0,93.78,2156.94
1502202,3,202302,21.9,101.89,2231.39
1502202,3,202303,22.6,101.36,2290.74
1502202,3,202304,22.4,97.43,2182.43
1502202,3,202305,31.9,93.74,2990.31
1502202,3,202306,32.1,91.42,2934.58
1502202,3,202307,28.3,84.79,2399.56
1502202,3,202308,20.6,83.38,1717.63
1502202,3,202309,22.2,91.18,2024.2
1502202,3,202310,21.2,89.13,1889.56
1502202,3,202311,19.9,95.75,1905.42
1502202,3,202312,24.9,104.18,2594.08
1502202,3,202401,24.3,99.94,2428.54
1502202,3,202402,17.6,99.99,1759.82
1502202,3,202403,22.5,100.61,2263.72
1502202,3,202404,18.0,100.31,1805.58
1502202,3,202405,24.5,100.23,2455.64
1502202,3,202406,24.4,94.15,2297.26
1502202,3,202407,27.2,102.24,2780.93
1502202,3,202408,28.2,93.31,2631.34
1502202,3,202409,27.7,95.82,2654.21
1502202,3,202410,28.4,94.11,2672.72
1502202,3,202411,27.5,102.24,2811.6
1502202,3,202412,36.4,99.09,3606.88
1502301,1,202201,1803.7,11.65,21013.1
1502301,1,202202,1740.4,14.37,25009.55
1502301,1,202203,1627.6,14.42,23469.99
1502301,1,202204,1586.1,14.3,22681.23
1502301,1,202205,1604.7,13.42,21535.07
1502301,1,202206,1611.2,11.44,18432.13
1502301,1,202207,2627.2,10.68,28058.5
1502301,1,202208,2277.2,10.88,24775.94
1502301,1,202209,2524.2,8.97,22642.07
1502301,1,202210,2615.2,8.7,22752.24
1502301,1,202211,2661.7,9.25,24620.72
1502301,1,202212,2099.1,9.68,20319.29
1502301,1,202301,1896.9,11.14,21131.47
1502301,1,202302,1524.8,13.06,19913.89
1502301,1,202303,1015.1,13.39,13592.19
1502301,1,202304,1093.1,13.81,15095.71
1502301,1,202305,1010.4,13.47,13610.09
1502301,1,202306,951.8,13.44,12792.19
1502301,1,202307,1421.1,11.71,16641.08
1502301,1,202308,2068.4,10.51,21738.88
1502301,1,202309,2674.5,9.99,26718.26
1502301,1,202310,3055.4,9.29,28384.67
1502301,1,202311,1961.1,9.56,18748.12
1502301,1,202312,1509.9,10.86,16397.51
1502301,1,202401,2145.5,12.7,27247.85
1502301,1,202402,1432.5,13.48,19310.1
1502301,1,202403,1483.0,14.58,21622.14
1502301,1,202404,1237.2,14.3,17691.96
1502301,1,202405,1375.5,13.91,19133.21
1502301,1,202406,1427.3,14.11,20139.2
1502301,1,202407,1999.2,12.56,25109.95
1502301,1,202408,2435.5,11.25,27399.38
1502301,1,202409,2529.6,10.19,25776.62
1502301,1,202410,2257.3,9.73,21963.53
1502301,1,202411,2483.6,10.41,25854.28
1502301,1,202412,1826.2,11.52,21037.82
1502301,2,202201,122.3,37.99,4646.18
1502301,2,202202,183.1,40.32,7382.59
1502301,2,202203,188.4,41.95,7903.38
1502301,2,202204,156.6,43.74,6849.68
1502301,2,202205,163.7,45.36,7425.43
1502301,2,202206,104.5,47.33,4945.98
1502301,2,202207,142.8,58.55,8360.94
1502301,2,202208,103.6,49.25,5102.3
1502301,2,202209,140.7,53.14,7476.8
1502301,2,202210,181.8,49.19,8942.74
1502301,2,202211,115.9,44.86,5199.27
1502301,2,202212,166.4,42.01,6990.46
1502301,2,202301,153.5,39.69,6092.42
1502301,2,202302,136.3,40.64,5539.23
1502301,2,202303,146.7,41.37,6068.98
1502301,2,202304,108.5,49.49,5369.66
1502301,2,202305,111.0,49.37,5480.07
1502301,2,202306,82.6,51.62,4263.81
1502301,2,202307,83.4,54.42,4538.63
1502301,2,202308,105.8,59.0,6242.2
1502301,2,202309,108.7,50.37,5475.22
1502301,2,202310,103.9,49.85,5179.42
1502301,2,202311,127.8,42.54,5436.61
1502301,2,202312,107.3,44.52,4777.0
1502301,2,202401,108.9,44.12,4804.67
1502301,2,202402,116.0,39.3,4558.8
1502301,2,202403,142.4,45.43,6469.23
1502301,2,202404,140.3,43.37,6084.81
1502301,2,202405,132.8,47.77,6343.86
1502301,2,202406,110.7,52.56,5818.39
1502301,2,202407,85.3,59.47,5072.79
1502301,2,202408,112.4,53.54,6017.9
1502301,2,202409,94.6,55.72,5271.11
1502301,2,202410,112.2,54.31,6093.58
1502301,2,202411,121.3,50.0,6065.0
1502301,2,202412,151.2,46.34,7006.61
1502301,3,202201,17.6,89.77,1579.95
1502301,3,202202,16.1,98.12,1579.73
1502301,3,202203,16.6,90.24,1497.98
1502301,3,202204,19.8,94.45,1870.11
1502301,3,202205,19.5,91.25,1779.38
1502301,3,202206,18.8,85.89,1614.73
1502301,3,202207,17.3,76.95,1331.24
1502301,3,202208,21.7,94.25,2045.22
1502301,3,202209,19.0,80.94,1537.86
1502301,3,202210,18.0,88.5,1593.0
1502301,3,202211,18.0,86.78,1562.04
1502301,3,202212,17.7,97.69,1729.11
1502301,3,202301,19.8,96.61,1912.88
1502301,3,202302,17.7,95.55,1691.24
1502301,3,202303,21.9,101.44,2221.54
1502301,3,202304,19.1,90.47,1727.98
1502301,3,202305,20.3,91.69,1861.31
1502301,3,202306,19.5,93.98,1832.61
1502301,3,202307,28.9,95.68,2765.15
1502301,3,202308,23.4,83.85,1962.09
1502301,3,202309,20.6,86.06,1772.84
1502301,3,202310,19.8,92.4,1829.52
1502301,3,202311,17.6,84.7,1490.72
1502301,3,202312,17.9,103.18,1846.92
1502301,3,202401,21.2,97.27,2062.12
1502301,3,202402,19.5,100.8,1965.6
1502301,3,202403,19.1,103.59,1978.57
1502301,3,202404,18.1,100.37,1816.7
1502301,3,202405,17.1,92.63,1583.97
1502301,3,202406,18.9,102.76,1942.16
1502301,3,202407,19.9,81.02,1612.3
1502301,3,202408,25.1,86.38,2168.14
1502301,3,202409,19.3,89.26,1722.72
1502301,3,202410,24.7,89.91,2220.78
1502301,3,202411,21.0,103.31,2169.51
1502301,3,202412,19.7,92.15,1815.36
1502400,1,202201,3602.8,11.74,42296.87
1502400,1,202202,3926.6,13.77,54069.28
1502400,1,202203,3285.3,14.4,47308.32
1502400,1,202204,3276.6,14.95,48985.17
1502400,1,202205,3316.3,14.14,46892.48
1502400,1,202206,3674.5,14.06,51663.47
1502400,1,202207,3617.7,12.57,45474.49
1502400,1,202208,4987.1,10.98,54758.36
1502400,1,202209,9117.0,10.28,93722.76
1502400,1,202210,7129.2,9.84,70151.33
1502400,1,202211,6193.6,9.6,59458.56
1502400,1,202212,4700.6,10.04,47194.02
1502400,1,202301,3590.2,12.75,45775.05
1502400,1,202302,4112.5,14.17,58274.12
1502400,1,202303,2929.8,15.58,45646.28
1502400,1,202304,2557.3,14.41,36850.69
1502400,1,202305,2082.6,14.1,29364.66
1502400,1,202306,2366.5,14.11,33391.31
1502400,1,202307,2379.2,12.44,29597.25
1502400,1,202308,3907.5,10.16,39700.2
1502400,1,202309,7969.0,10.4,82877.6
1502400,1,202310,6718.8,8.99,60402.01
1502400,1,202311,4460.0,9.74,43440.4
1502400,1,202312,5017.8,11.95,59962.71
1502400,1,202401,3648.7,14.2,51811.54
1502400,1,202402,4053.6,13.48,54642.53
1502400,1,202403,3179.3,15.07,47912.05
1502400,1,202404,2663.3,15.72,41867.08
1502400,1,202405,2805.9,16.74,46970.77
1502400,1,202406,3792.6,13.97,52982.62
1502400,1,202407,4205.3,12.65,53197.05
1502400,1,202408,4579.1,12.53,57376.12
1502400,1,202409,5212.1,10.41,54257.96
1502400,1,202410,4514.2,10.61,47895.66
1502400,1,202411,5196.7,9.85,51187.5
1502400,1,202412,3459.4,11.5,39783.1
1502400,2,202201,457.3,39.82,18209.69
1502400,2,202202,669.6,38.61,25853.26
1502400,2,202203,578.1,37.94,21933.11
1502400,2,202204,482.0,38.65,18629.3
1502400,2,202205,537.5,45.64,24531.5
1502400,2,202206,383.0,45.37,17376.71
1502400,2,202207,365.4,47.46,17341.88
1502400,2,202208,301.2,50.77,15291.92
1502400,2,202209,508.3,51.95,26406.18
1502400,2,202210,720.5,53.43,38496.32
1502400,2,202211,617.5,47.26,29183.05
1502400,2,202212,664.0,44.72,29694.08
1502400,2,202301,643.8,42.07,27084.67
1502400,2,202302,581.4,40.52,23558.33
1502400,2,202303,564.8,46.16,26071.17
1502400,2,202304,503.0,40.52,20381.56
1502400,2,202305,335.7,45.84,15388.49
1502400,2,202306,346.0,49.47,17116.62
1502400,2,202307,328.5,55.3,18166.05
1502400,2,202308,347.4,51.25,17804.25
1502400,2,202309,353.9,54.94,19443.27
1502400,2,202310,365.9,51.79,18949.96
1502400,2,202311,501.0,48.74,24418.74
1502400,2,202312,598.9,45.05,26980.44
1502400,2,202401,830.6,45.13,37484.98
1502400,2,202402,819.4,40.72,33365.97
1502400,2,202403,681.2,42.91,29230.29
1502400,2,202404,658.4,42.82,28192.69
1502400,2,202405,377.5,45.76,17274.4
1502400,2,202406,537.3,56.39,30298.35
1502400,2,202407,470.7,52.1,24523.47
1502400,2,202408,627.5,57.03,35786.32
1502400,2,202409,454.8,55.72,25341.46
1502400,2,202410,385.7,54.75,21117.08
1502400,2,202411,490.3,44.2,21671.26
1502400,2,202412,595.9,46.45,27679.56
1502400,3,202201,62.4,87.56,5463.74
1502400,3,202202,49.4,96.32,4758.21
1502400,3,202203,38.4,86.86,3335.42
1502400,3,202204,47.9,90.33,4326.81
1502400,3,202205,51.5,100.71,5186.56
1502400,3,202206,65.2,89.37,5826.92
1502400,3,202207,66.9,89.63,5996.25
1502400,3,202208,86.8,86.8,7534.24
1502400,3,202209,81.7,87.27,7129.96
1502400,3,202210,72.9,85.05,6200.14
1502400,3,202211,85.3,86.87,7410.01
1502400,3,202212,80.5,90.19,7260.3
1502400,3,202301,85.3,85.9,7327.27
1502400,3,202302,95.5,98.81,9436.36
1502400,3,202303,80.6,99.65,8031.79
1502400,3,202304,79.7,93.47,7449.56
1502400,3,202305,94.3,92.99,8768.96
1502400,3,202306,58.9,93.21,5490.07
1502400,3,202307,68.3,92.75,6334.82
1502400,3,202308,72.6,82.87,6016.36
1502400,3,202309,82.2,85.28,7010.02
1502400,3,202310,69.8,94.28,6580.74
1502400,3,202311,86.6,96.4,8348.24
1502400,3,202312,69.6,103.11,7176.46
1502400,3,202401,63.9,109.13,6973.41
1502400,3,202402,59.1,116.25,6870.38
1502400,3,202403,81.2,100.76,8181.71
1502400,3,202404,55.7,108.34,6034.54
1502400,3,202405,91.9,92.83,8531.08
1502400,3,202406,119.9,106.27,12741.77
1502400,3,202407,98.3,94.27,9266.74
1502400,3,202408,115.4,93.88,10833.75
1502400,3,202409,105.9,96.83,10254.3
1502400,3,202410,128.9,88.11,11357.38
1502400,3,202411,124.5,92.11,11467.7
1502400,3,202412,149.6,100.7,15064.72
1502509,1,202201,374.8,10.48,3927.9
1502509,1,202202,396.5,12.93,5126.74
1502509,1,202203,342.0,13.05,4463.1
1502509,1,202204,307.8,13.56,4173.77
1502509,1,202205,288.7,12.78,3689.59
1502509,1,202206,338.3,11.84,4005.47
1502509,1,202207,451.5,10.8,4876.2
1502509,1,202208,652.1,9.09,5927.59
1502509,1,202209,435.3,8.87,3861.11
1502509,1,202210,458.6,8.73,4003.58
1502509,1,202211,525.5,9.77,5134.14
1502509,1,202212,493.4,9.79,4830.39
1502509,1,202301,473.6,10.07,4769.15
1502509,1,202302,420.4,12.44,5229.78
1502509,1,202303,345.6,15.33,5298.05
1502509,1,202304,304.8,14.29,4355.59
1502509,1,202305,321.0,12.84,4121.64
1502509,1,202306,471.1,12.87,6063.06
1502509,1,202307,467.1,10.9,5091.39
1502509,1,202308,563.1,9.46,5326.93
1502509,1,202309,675.0,9.09,6135.75
1502509,1,202310,937.4,8.98,8417.85
1502509,1,202311,758.9,8.43,6397.53
1502509,1,202312,760.1,9.56,7266.56
1502509,1,202401,727.5,11.74,8540.85
1502509,1,202402,523.3,12.71,6651.14
1502509,1,202403,409.4,14.15,5793.01
1502509,1,202404,357.0,13.36,4769.52
1502509,1,202405,359.7,14.37,5168.89
1502509,1,202406,488.5,12.22,5969.47
1502509,1,202407,579.8,12.74,7386.65
1502509,1,202408,690.8,9.64,6659.31
1502509,1,202409,615.8,9.09,5597.62
1502509,1,202410,574.8,9.47,5443.36
1502509,1,202411,897.1,10.43,9356.75
1502509,1,202412,699.4,10.67,7462.6
1502509,2,202201,58.0,37.54,2177.32
1502509,2,202202,60.2,37.82,2276.76
1502509,2,202203,73.6,41.79,3075.74
1502509,2,202204,73.3,44.02,3226.67
1502509,2,202205,58.5,46.88,2742.48
1502509,2,202206,40.6,48.28,1960.17
1502509,2,202207,32.5,54.07,1757.28
1502509,2,202208,40.4,51.61,2085.04
1502509,2,202209,33.8,52.6,1777.88
1502509,2,202210,40.2,50.89,2045.78
1502509,2,202211,79.4,49.23,3908.86
1502509,2,202212,84.3,41.72,3517.0
1502509,2,202301,93.6,40.19,3761.78
1502509,2,202302,70.7,42.65,3015.36
1502509,2,202303,55.0,43.83,2410.65
1502509,2,202304,63.5,42.34,2688.59
1502509,2,202305,53.3,44.51,2372.38
1502509,2,202306,59.3,53.74,3186.78
1502509,2,202307,51.8,48.96,2536.13
1502509,2,202308,90.4,49.7,4492.88
1502509,2,202309,64.6,52.44,3387.62
1502509,2,202310,66.3,50.57,3352.79
1502509,2,202311,58.5,44.38,2596.23
1502509,2,202312,80.8,43.77,3536.62
1502509,2,202401,89.8,42.85,3847.93
1502509,2,202402,72.9,40.33,2940.06
1502509,2,202403,68.6,46.81,3211.17
1502509,2,202404,83.5,45.93,3835.16
1502509,2,202405,85.9,51.42,4416.98
1502509,2,202406,51.5,48.58,2501.87
1502509,2,202407,44.3,51.04,2261.07
1502509,2,202408,62.6,57.19,3580.09
1502509,2,202409,56.8,60.25,3422.2
1502509,2,202410,61.5,49.67,3054.7
1502509,2,202411,80.6,48.95,3945.37
1502509,2,202412,65.3,42.26,2759.58
1502509,3,202201,11.3,93.45,1055.99
1502509,3,202202,8.1,95.4,772.74
1502509,3,202203,10.7,98.09,1049.56
1502509,3,202204,9.4,92.95,873.73
1502509,3,202205,8.9,87.05,774.74
1502509,3,202206,9.0,85.07,765.63
1502509,3,202207,8.9,85.27,758.9
1502509,3,202208,10.1,80.75,815.58
1502509,3,202209,9.2,86.76,798.19
1502509,3,202210,7.0,83.91,587.37
1502509,3,202211,7.1,85.81,609.25
1502509,3,202212,8.0,108.75,870.0
1502509,3,202301,6.2,108.49,672.64
1502509,3,202302,7.6,99.93,759.47
1502509,3,202303,9.8,102.74,1006.85
1502509,3,202304,12.4,101.46,1258.1
1502509,3,202305,12.0,93.25,1119.0
1502509,3,202306,8.2,92.08,755.06
1502509,3,202307,10.2,87.58,893.32
1502509,3,202308,12.2,93.69,1143.02
1502509,3,202309,9.9,94.55,936.04
1502509,3,202310,9.5,98.17,932.62
1502509,3,202311,10.0,94.85,948.5
1502509,3,202312,12.8,107.45,1375.36
1502509,3,202401,10.2,101.86,1038.97
1502509,3,202402,11.1,114.14,1266.95
1502509,3,202403,10.7,99.91,1069.04
1502509,3,202404,10.6,93.83,994.6
1502509,3,202405,13.4,107.57,1441.44
1502509,3,202406,10.6,97.45,1032.97
1502509,3,202407,11.3,94.57,1068.64
1502509,3,202408,11.2,89.74,1005.09
1502509,3,202409,8.3,88.34,733.22
1502509,3,202410,11.0,90.81,998.91
1502509,3,202411,11.9,97.88,1164.77
1502509,3,202412,10.5,99.37,1043.38
1502608,1,202201,463.3,10.13,4693.23
1502608,1,202202,324.2,11.5,3728.3
1502608,1,202203,282.2,12.31,3473.88
1502608,1,202204,235.3,12.31,2896.54
1502608,1,202205,225.1,13.87,3122.14
1502608,1,202206,328.3,13.68,4491.14
1502608,1,202207,345.8,10.71,3703.52
1502608,1,202208,496.8,9.19,4565.59
1502608,1,202209,472.8,8.02,3791.86
1502608,1,202210,594.8,8.56,5091.49
1502608,1,202211,550.8,8.83,4863.56
1502608,1,202212,670.5,9.5,6369.75
1502608,1,202301,564.5,11.53,6508.68
1502608,1,202302,559.9,12.85,7194.71
1502608,1,202303,381.1,13.69,5217.26
1502608,1,202304,361.4,13.58,4907.81
1502608,1,202305,313.6,12.75,3998.4
1502608,1,202306,353.1,13.02,4597.36
1502608,1,202307,430.5,11.41,4912.0
1502608,1,202308,479.2,10.67,5113.06
1502608,1,202309,479.6,9.7,4652.12
1502608,1,202310,450.2,8.39,3777.18
1502608,1,202311,340.9,8.68,2959.01
1502608,1,202312,329.4,9.83,3238.0
1502608,1,202401,397.8,11.22,4463.32
1502608,1,202402,278.3,13.57,3776.53
1502608,1,202403,229.1,14.23,3260.09
1502608,1,202404,371.6,15.12,5618.59
1502608,1,202405,346.5,14.26,4941.09
1502608,1,202406,437.0,13.21,5772.77
1502608,1,202407,588.0,12.56,7385.28
1502608,1,202408,757.5,10.84,8211.3
1502608,1,202409,610.1,9.71,5924.07
1502608,1,202410,657.1,10.06,6610.43
1502608,1,202411,497.4,9.73,4839.7
1502608,1,202412,792.8,10.43,8268.9
1502608,2,202201,39.1,42.79,1673.09
1502608,2,202202,36.6,36.15,1323.09
1502608,2,202203,28.9,40.44,1168.72
1502608,2,202204,23.3,41.47,966.25
1502608,2,202205,17.3,43.89,759.3
1502608,2,202206,21.0,51.04,1071.84
1502608,2,202207,23.9,47.26,1129.51
1502608,2,202208,26.3,45.98,1209.27
1502608,2,202209,22.5,51.42,1156.95
1502608,2,202210,31.1,48.04,1494.04
1502608,2,202211,38.4,42.06,1615.1
1502608,2,202212,40.5,38.21,1547.5
1502608,2,202301,41.4,44.85,1856.79
1502608,2,202302,37.6,40.71,1530.7
1502608,2,202303,39.2,40.76,1597.79
1502608,2,202304,48.4,48.31,2338.2
1502608,2,202305,47.1,49.25,2319.68
1502608,2,202306,34.4,54.96,1890.62
1502608,2,202307,32.3,49.85,1610.16
1502608,2,202308,23.7,50.64,1200.17
1502608,2,202309,29.0,54.54,1581.66
1502608,2,202310,26.5,51.36,1361.04
1502608,2,202311,35.6,49.82,1773.59
1502608,2,202312,67.3,39.9,2685.27
1502608,2,202401,53.1,43.8,2325.78
1502608,2,202402,84.7,43.4,3675.98
1502608,2,202403,68.7,44.31,3044.1
1502608,2,202404,45.2,44.05,1991.06
1502608,2,202405,32.6,49.88,1626.09
1502608,2,202406,45.0,50.26,2261.7
1502608,2,202407,38.5,54.11,2083.24
1502608,2,202408,29.6,53.05,1570.28
1502608,2,202409,28.5,52.87,1506.79
1502608,2,202410,33.7,51.62,1739.59
1502608,2,202411,36.9,47.42,1749.8
1502608,2,202412,43.7,43.28,1891.34
1502608,3,202201,4.4,100.35,441.54
1502608,3,202202,3.6,98.34,354.02
1502608,3,202203,4.4,97.71,429.92
1502608,3,202204,3.6,95.49,343.76
1502608,3,202205,3.8,92.56,351.73
1502608,3,202206,4.7,88.55,416.18
1502608,3,202207,5.3,89.56,474.67
1502608,3,202208,4.6,81.58,375.27
1502608,3,202209,4.7,84.31,396.26
1502608,3,202210,4.8,93.95,450.96
1502608,3,202211,4.1,90.78,372.2
1502608,3,202212,3.1,91.2,282.72
1502608,3,202301,2.8,103.69,290.33
1502608,3,202302,2.8,103.46,289.69
1502608,3,202303,3.1,92.27,286.04
1502608,3,202304,4.5,99.99,449.96
1502608,3,202305,5.1,94.24,480.62
1502608,3,202306,4.2,94.08,395.14
1502608,3,202307,6.0,88.78,532.68
1502608,3,202308,5.2,90.05,468.26
1502608,3,202309,5.4,80.97,437.24
1502608,3,202310,4.0,86.82,347.28
1502608,3,202311,3.6,97.13,349.67
1502608,3,202312,4.3,109.91,472.61
1502608,3,202401,3.3,104.15,343.7
1502608,3,202402,3.4,99.52,338.37
1502608,3,202403,3.9,102.95,401.5
1502608,3,202404,3.3,95.74,315.94
1502608,3,202405,2.7,103.47,279.37
1502608,3,202406,3.9,94.51,368.59
1502608,3,202407,7.0,97.13,679.91
1502608,3,202408,6.5,90.67,589.36
1502608,3,202409,6.2,97.56,604.87
1502608,3,202410,4.5,86.93,391.19
1502608,3,202411,5.5,97.32,535.26
1502608,3,202412,4.4,102.85,452.54
1502707,1,202201,847.9,12.47,10573.31
1502707,1,202202,848.9,13.48,11443.17
1502707,1,202203,659.5,14.0,9233.0
1502707,1,202204,747.1,14.26,10653.65
1502707,1,202205,481.8,13.24,6379.03
1502707,1,202206,578.7,12.74,7372.64
1502707,1,202207,715.7,11.63,8323.59
1502707,1,202208,771.8,10.15,7833.77
1502707,1,202209,1449.2,10.04,14549.97
1502707,1,202210,1322.7,10.06,13306.36
1502707,1,202211,1094.2,9.38,10263.6
1502707,1,202212,957.0,10.89,10421.73
1502707,1,202301,556.5,11.85,6594.52
1502707,1,202302,469.6,13.58,6377.17
1502707,1,202303,568.1,14.25,8095.42
1502707,1,202304,491.8,15.56,7652.41
1502707,1,202305,469.7,14.26,6697.92
1502707,1,202306,743.4,14.51,10786.73
1502707,1,202307,1087.8,12.33,13412.57
1502707,1,202308,1266.3,10.81,13688.7
1502707,1,202309,1193.7,9.59,11447.58
1502707,1,202310,1164.3,9.98,11619.71
1502707,1,202311,962.9,10.68,10283.77
1502707,1,202312,752.5,11.32,8518.3
1502707,1,202401,584.0,14.5,8468.0
1502707,1,202402,505.9,15.38,7780.74
1502707,1,202403,421.5,15.08,6356.22
1502707,1,202404,354.5,15.43,5469.94
1502707,1,202405,475.5,15.68,7455.84
1502707,1,202406,629.6,13.73,8644.41
1502707,1,202407,1071.8,13.74,14726.53
1502707,1,202408,1034.4,11.81,12216.26
1502707,1,202409,1234.8,10.74,13261.75
1502707,1,202410,1338.9,10.6,14192.34
1502707,1,202411,1179.5,11.56,13635.02
1502707,1,202412,1185.7,11.7,13872.69
1502707,2,202201,137.6,36.13,4971.49
1502707,2,202202,113.4,37.41,4242.29
1502707,2,202203,111.3,36.81,4096.95
1502707,2,202204,70.5,40.79,2875.7
1502707,2,202205,87.7,43.25,3793.02
1502707,2,202206,76.9,50.89,3913.44
1502707,2,202207,62.7,53.52,3355.7
1502707,2,202208,56.9,53.22,3028.22
1502707,2,202209,71.7,47.72,3421.52
1502707,2,202210,44.5,48.14,2142.23
1502707,2,202211,52.7,42.07,2217.09
1502707,2,202212,69.8,41.32,2884.14
1502707,2,202301,83.9,42.06,3528.83
1502707,2,202302,147.7,41.8,6173.86
1502707,2,202303,118.0,41.69,4919.42
1502707,2,202304,122.1,46.1,5628.81
1502707,2,202305,135.0,47.41,6400.35
1502707,2,202306,111.2,49.73,5529.98
1502707,2,202307,76.6,55.24,4231.38
1502707,2,202308,56.1,56.32,3159.55
1502707,2,202309,71.0,51.51,3657.21
1502707,2,202310,103.3,51.27,5296.19
1502707,2,202311,114.1,46.12,5262.29
1502707,2,202312,144.3,39.15,5649.34
1502707,2,202401,216.1,43.23,9342.0
1502707,2,202402,196.8,38.72,7620.1
1502707,2,202403,124.6,42.99,5356.55
1502707,2,202404,108.7,41.63,4525.18
1502707,2,202405,118.6,46.88,5559.97
1502707,2,202406,89.0,51.12,4549.68
1502707,2,202407,101.2,58.31,5900.97
1502707,2,202408,84.3,54.42,4587.61
1502707,2,202409,85.8,52.04,4465.03
1502707,2,202410,82.5,53.21,4389.82
1502707,2,202411,94.8,48.08,4557.98
1502707,2,202412,109.7,46.77,5130.67
1502707,3,202201,14.0,105.02,1470.28
1502707,3,202202,14.4,93.72,1349.57
1502707,3,202203,17.0,99.65,1694.05
1502707,3,202204,18.0,94.35,1698.3
1502707,3,202205,18.3,82.78,1514.87
1502707,3,202206,20.7,87.19,1804.83
1502707,3,202207,15.0,84.69,1270.35
1502707,3,202208,13.7,91.03,1247.11
1502707,3,202209,11.4,91.99,1048.69
1502707,3,202210,14.0,88.96,1245.44
1502707,3,202211,15.1,95.63,1444.01
1502707,3,202212,18.4,92.02,1693.17
1502707,3,202301,17.2,104.13,1791.04
1502707,3,202302,13.9,99.72,1386.11
1502707,3,202303,14.4,104.02,1497.89
1502707,3,202304,10.6,102.37,1085.12
1502707,3,202305,11.8,97.01,1144.72
1502707,3,202306,9.1,87.49,796.16
1502707,3,202307,12.6,86.89,1094.81
1502707,3,202308,13.7,91.36,1251.63
1502707,3,202309,14.5,92.79,1345.46
1502707,3,202310,12.7,91.51,1162.18
1502707,3,202311,11.9,92.15,1096.58
1502707,3,202312,14.4,97.33,1401.55
1502707,3,202401,11.0,100.84,1109.24
1502707,3,202402,13.3,101.64,1351.81
1502707,3,202403,12.1,112.78,1364.64
1502707,3,202404,10.1,97.76,987.38
1502707,3,202405,15.6,99.7,1555.32
1502707,3,202406,21.2,95.01,2014.21
1502707,3,202407,18.4,86.67,1594.73
1502707,3,202408,16.7,85.79,1432.69
1502707,3,202409,16.3,91.78,1496.01
1502707,3,202410,14.2,85.51,1214.24
1502707,3,202411,13.1,106.52,1395.41
1502707,3,202412,14.9,98.32,1464.97
1502756,1,202201,969.4,11.27,10925.14
1502756,1,202202,872.5,11.89,10374.02
1502756,1,202203,635.8,13.44,8545.15
1502756,1,202204,575.5,13.63,7844.06
1502756,1,202205,605.7,13.64,8261.75
1502756,1,202206,712.5,12.66,9020.25
1502756,1,202207,636.9,11.38,7247.92
1502756,1,202208,618.6,9.84,6087.02
1502756,1,202209,701.2,9.15,6415.98
1502756,1,202210,724.6,9.21,6673.57
1502756,1,202211,727.7,8.75,6367.38
1502756,1,202212,832.3,9.59,7981.76
1502756,1,202301,709.3,11.6,8227.88
1502756,1,202302,642.5,12.96,8326.8
1502756,1,202303,458.9,13.03,5979.47
1502756,1,202304,444.1,13.85,6150.78
1502756,1,202305,567.7,13.52,7675.3
1502756,1,202306,729.3,11.37,8292.14
1502756,1,202307,738.5,11.37,8396.74
1502756,1,202308,937.7,10.2,9564.54
1502756,1,202309,1600.5,9.33,14932.66
1502756,1,202310,1438.9,9.74,14014.89
1502756,1,202311,1110.8,8.85,9830.58
1502756,1,202312,946.4,9.87,9340.97
1502756,1,202401,823.6,10.45,8606.62
1502756,1,202402,675.0,12.85,8673.75
1502756,1,202403,599.1,13.8,8267.58
1502756,1,202404,446.5,14.05,6273.33
1502756,1,202405,440.6,14.88,6556.13
1502756,1,202406,560.2,13.74,7697.15
1502756,1,202407,712.9,11.96,8526.28
1502756,1,202408,823.4,10.46,8612.76
1502756,1,202409,987.0,10.26,10126.62
1502756,1,202410,1116.5,9.4,10495.1
1502756,1,202411,1296.9,9.35,12126.02
1502756,1,202412,1076.3,9.78,10526.21
1502756,2,202201,69.1,41.15,2843.46
1502756,2,202202,110.3,39.45,4351.34
1502756,2,202203,85.1,39.93,3398.04
1502756,2,202204,73.3,40.87,2995.77
1502756,2,202205,44.9,41.22,1850.78
1502756,2,202206,36.9,49.49,1826.18
1502756,2,202207,40.9,44.99,1840.09
1502756,2,202208,38.6,50.91,1965.13
1502756,2,202209,46.8,50.84,2379.31
1502756,2,202210,54.5,47.31,2578.4
1502756,2,202211,46.9,50.16,2352.5
1502756,2,202212,68.7,45.6,3132.72
1502756,2,202301,58.6,42.88,2512.77
1502756,2,202302,56.9,37.98,2161.06
1502756,2,202303,63.5,44.83,2846.7
1502756,2,202304,80.5,44.65,3594.32
1502756,2,202305,54.5,44.65,2433.42
1502756,2,202306,50.6,50.39,2549.73
1502756,2,202307,47.8,55.48,2651.94
1502756,2,202308,51.7,52.23,2700.29
1502756,2,202309,62.9,53.25,3349.42
1502756,2,202310,57.3,51.11,2928.6
1502756,2,202311,75.0,44.29,3321.75
1502756,2,202312,98.3,42.71,4198.39
1502756,2,202401,127.8,40.17,5133.73
1502756,2,202402,116.5,43.14,5025.81
1502756,2,202403,98.3,40.41,3972.3
1502756,2,202404,73.9,45.62,3371.32
1502756,2,202405,48.7,45.34,2208.06
1502756,2,202406,44.7,49.37,2206.84
1502756,2,202407,44.9,51.76,2324.02
1502756,2,202408,44.2,55.09,2434.98
1502756,2,202409,52.6,55.41,2914.57
1502756,2,202410,43.4,53.21,2309.31
1502756,2,202411,52.3,44.48,2326.3
1502756,2,202412,91.1,44.58,4061.24
1502756,3,202201,10.3,96.14,990.24
1502756,3,202202,9.1,92.41,840.93
1502756,3,202203,10.0,103.88,1038.8
1502756,3,202204,8.7,93.1,809.97
1502756,3,202205,9.3,87.97,818.12
1502756,3,202206,11.6,82.13,952.71
1502756,3,202207,9.6,81.59,783.26
1502756,3,202208,11.0,79.49,874.39
1502756,3,202209,6.8,84.51,574.67
1502756,3,202210,9.7,83.52,810.14
1502756,3,202211,8.5,93.6,795.6
1502756,3,202212,8.3,90.03,747.25
1502756,3,202301,8.1,102.69,831.79
1502756,3,202302,6.9,101.68,701.59
1502756,3,202303,6.4,101.69,650.82
1502756,3,202304,8.3,100.83,836.89
1502756,3,202305,10.1,103.41,1044.44
1502756,3,202306,8.9,87.02,774.48
1502756,3,202307,10.8,92.57,999.76
1502756,3,202308,12.0,89.75,1077.0
1502756,3,202309,10.7,93.58,1001.31
1502756,3,202310,8.2,91.3,748.66
1502756,3,202311,8.5,99.27,843.8
1502756,3,202312,9.2,90.38,831.5
1502756,3,202401,8.9,97.24,865.44
1502756,3,202402,8.0,100.14,801.12
1502756,3,202403,9.3,101.87,947.39
1502756,3,202404,12.1,100.35,1214.23
1502756,3,202405,10.1,93.67,946.07
1502756,3,202406,10.1,89.73,906.27
1502756,3,202407,17.7,89.18,1578.49
1502756,3,202408,15.8,83.88,1325.3
1502756,3,202409,10.9,90.83,990.05
1502756,3,202410,9.8,94.01,921.3
1502756,3,202411,8.5,99.37,844.64
1502756,3,202412,9.4,100.95,948.93
1502764,1,202201,346.6,11.95,4141.87
1502764,1,202202,416.9,13.95,5815.75
1502764,1,202203,306.0,13.97,4274.82
1502764,1,202204,226.0,14.37,3247.62
1502764,1,202205,188.7,13.51,2549.34
1502764,1,202206,256.2,13.95,3573.99
1502764,1,202207,224.2,11.55,2589.51
1502764,1,202208,337.2,10.93,3685.6
1502764,1,202209,463.4,9.78,4532.05
1502764,1,202210,508.9,8.99,4575.01
1502764,1,202211,444.6,9.52,4232.59
1502764,1,202212,427.9,11.51,4925.13
1502764,1,202301,353.8,12.61,4461.42
1502764,1,202302,248.5,13.11,3257.84
1502764,1,202303,315.7,14.98,4729.19
1502764,1,202304,253.2,14.99,3795.47
1502764,1,202305,293.3,17.53,5141.55
1502764,1,202306,199.5,13.99,2791.0
1502764,1,202307,340.3,12.24,4165.27
1502764,1,202308,521.4,11.99,6251.59
1502764,1,202309,532.8,9.31,4960.37
1502764,1,202310,577.1,9.91,5719.06
1502764,1,202311,562.6,11.28,6346.13
1502764,1,202312,404.6,11.1,4491.06
1502764,1,202401,373.4,11.88,4435.99
1502764,1,202402,260.4,14.04,3656.02
1502764,1,202403,212.8,16.47,3504.82
1502764,1,202404,266.0,15.98,4250.68
1502764,1,202405,319.4,14.69,4691.99
1502764,1,202406,291.6,13.84,4035.74
1502764,1,202407,303.6,12.6,3825.36
1502764,1,202408,339.5,11.81,4009.5
1502764,1,202409,476.9,11.34,5408.05
1502764,1,202410,416.1,10.79,4489.72
1502764,1,202411,454.9,10.85,4935.66
1502764,1,202412,466.6,10.85,5062.61
1502764,2,202201,44.4,40.76,1809.74
1502764,2,202202,42.3,39.94,1689.46
1502764,2,202203,40.3,42.88,1728.06
1502764,2,202204,32.4,42.09,1363.72
1502764,2,202205,41.5,48.15,1998.22
1502764,2,202206,26.6,47.23,1256.32
1502764,2,202207,23.6,52.76,1245.14
1502764,2,202208,24.6,50.15,1233.69
1502764,2,202209,25.0,49.58,1239.5
1502764,2,202210,24.7,48.61,1200.67
1502764,2,202211,21.9,42.24,925.06
1502764,2,202212,26.2,42.32,1108.78
1502764,2,202301,28.3,40.09,1134.55
1502764,2,202302,46.8,36.02,1685.74
1502764,2,202303,66.7,39.8,2654.66
1502764,2,202304,50.7,42.55,2157.28
1502764,2,202305,31.5,48.84,1538.46
1502764,2,202306,33.1,51.03,1689.09
1502764,2,202307,24.7,56.85,1404.2
1502764,2,202308,22.9,55.24,1265.0
1502764,2,202309,22.8,51.43,1172.6
1502764,2,202310,25.1,50.16,1259.02
1502764,2,202311,29.3,45.99,1347.51
1502764,2,202312,28.4,44.36,1259.82
1502764,2,202401,31.8,42.41,1348.64
1502764,2,202402,45.4,40.03,1817.36
1502764,2,202403,44.2,42.3,1869.66
1502764,2,202404,41.7,46.0,1918.2
1502764,2,202405,24.6,46.21,1136.77
1502764,2,202406,30.3,53.08,1608.32
1502764,2,202407,25.2,50.75,1278.9
1502764,2,202408,32.0,59.07,1890.24
1502764,2,202409,32.7,56.38,1843.63
1502764,2,202410,31.4,56.68,1779.75
1502764,2,202411,26.9,45.96,1236.32
1502764,2,202412,51.7,47.58,2459.89
1502764,3,202201,8.6,95.8,823.88
1502764,3,202202,9.2,99.44,914.85
1502764,3,202203,9.1,97.84,890.34
1502764,3,202204,9.7,91.05,883.18
1502764,3,202205,9.0,86.46,778.14
1502764,3,202206,9.4,93.24,876.46
1502764,3,202207,13.4,82.08,1099.87
1502764,3,202208,11.5,76.87,884.01
1502764,3,202209,8.2,79.34,650.59
1502764,3,202210,9.4,84.82,797.31
1502764,3,202211,10.3,96.97,998.79
1502764,3,202212,9.3,87.35,812.36
1502764,3,202301,6.1,106.25,648.12
1502764,3,202302,8.4,105.92,889.73
1502764,3,202303,8.6,99.58,856.39
1502764,3,202304,8.2,84.87,695.93
1502764,3,202305,10.7,88.22,943.95
1502764,3,202306,7.2,87.96,633.31
1502764,3,202307,8.4,96.76,812.78
1502764,3,202308,8.2,85.52,701.26
1502764,3,202309,11.4,85.37,973.22
1502764,3,202310,10.7,91.65,980.66
1502764,3,202311,8.3,87.23,724.01
1502764,3,202312,10.0,96.29,962.9
1502764,3,202401,5.8,98.25,569.85
1502764,3,202402,7.3,117.85,860.3
1502764,3,202403,6.2,97.67,605.55
1502764,3,202404,6.6,110.26,727.72
1502764,3,202405,7.5,91.81,688.58
1502764,3,202406,10.1,95.53,964.85
1502764,3,202407,15.3,94.48,1445.54
1502764,3,202408,9.5,92.02,874.19
1502764,3,202409,10.5,92.52,971.46
1502764,3,202410,14.9,98.43,1466.61
1502764,3,202411,10.9,99.25,1081.82
1502764,3,202412,8.7,99.25,863.47
1502772,1,202201,390.6,10.73,4191.14
1502772,1,202202,248.7,13.34,3317.66
1502772,1,202203,227.1,13.49,3063.58
1502772,1,202204,244.2,13.02,3179.48
1502772,1,202205,212.5,14.43,3066.38
1502772,1,202206,220.8,14.6,3223.68
1502772,1,202207,295.2,12.74,3760.85
1502772,1,202208,420.3,10.5,4413.15
1502772,1,202209,588.9,9.73,5730.0
1502772,1,202210,645.8,9.82,6341.76
1502772,1,202211,576.2,10.28,5923.34
1502772,1,202212,420.8,10.46,4401.57
1502772,1,202301,298.5,12.38,3695.43
1502772,1,202302,250.9,13.86,3477.47
1502772,1,202303,261.2,15.02,3923.22
1502772,1,202304,272.5,14.86,4049.35
1502772,1,202305,194.7,14.52,2827.04
1502772,1,202306,223.1,14.63,3263.95
1502772,1,202307,382.8,13.13,5026.16
1502772,1,202308,464.4,11.33,5261.65
1502772,1,202309,408.3,11.02,4499.47
1502772,1,202310,724.5,9.58,6940.71
1502772,1,202311,618.3,10.97,6782.75
1502772,1,202312,549.0,11.37,6242.13
1502772,1,202401,465.4,15.12,7036.85
1502772,1,202402,342.9,13.36,4581.14
1502772,1,202403,261.9,14.66,3839.45
1502772,1,202404,384.0,15.86,6090.24
1502772,1,202405,426.5,15.47,6597.96
1502772,1,202406,486.7,15.64,7611.99
1502772,1,202407,557.0,12.41,6912.37
1502772,1,202408,488.2,12.02,5868.16
1502772,1,202409,697.2,11.13,7759.84
1502772,1,202410,572.9,10.5,6015.45
1502772,1,202411,579.6,10.01,5801.8
1502772,1,202412,374.3,12.33,4615.12
1502772,2,202201,83.6,38.46,3215.26
1502772,2,202202,82.2,35.43,2912.35
1502772,2,202203,68.0,35.87,2439.16
1502772,2,202204,54.0,36.96,1995.84
1502772,2,202205,48.9,44.57,2179.47
1502772,2,202206,40.1,46.62,1869.46
1502772,2,202207,58.5,47.17,2759.44
1502772,2,202208,43.1,45.55,1963.2
1502772,2,202209,50.9,50.23,2556.71
1502772,2,202210,63.8,46.36,2957.77
1502772,2,202211,77.4,41.98,3249.25
1502772,2,202212,93.0,38.35,3566.55
1502772,2,202301,115.7,38.9,4500.73
1502772,2,202302,100.6,39.37,3960.62
1502772,2,202303,96.7,38.72,3744.22
1502772,2,202304,82.3,39.44,3245.91
1502772,2,202305,92.9,45.11,4190.72
1502772,2,202306,109.9,51.25,5632.38
1502772,2,202307,66.2,51.22,3390.76
1502772,2,202308,43.0,52.21,2245.03
1502772,2,202309,56.0,50.3,2816.8
1502772,2,202310,77.3,46.52,3596.0
1502772,2,202311,118.1,43.2,5101.92
1502772,2,202312,128.9,38.51,4963.94
1502772,2,202401,155.6,43.37,6748.37
1502772,2,202402,179.2,40.87,7323.9
1502772,2,202403,178.8,41.05,7339.74
1502772,2,202404,149.9,44.11,6612.09
1502772,2,202405,85.3,47.79,4076.49
1502772,2,202406,72.9,48.69,3549.5
1502772,2,202407,69.1,52.23,3609.09
1502772,2,202408,63.7,52.77,3361.45
1502772,2,202409,64.9,60.19,3906.33
1502772,2,202410,94.1,53.15,5001.42
1502772,2,202411,83.2,47.38,3942.02
1502772,2,202412,107.7,46.53,5011.28
1502772,3,202201,5.9,91.23,538.26
1502772,3,202202,5.8,92.3,535.34
1502772,3,202203,5.8,87.97,510.23
1502772,3,202204,6.3,90.66,571.16
1502772,3,202205,5.2,91.56,476.11
1502772,3,202206,5.1,85.51,436.1
1502772,3,202207,7.0,86.26,603.82
1502772,3,202208,4.9,91.75,449.58
1502772,3,202209,7.2,93.53,673.42
1502772,3,202210,6.4,87.0,556.8
1502772,3,202211,8.7,94.05,818.23
1502772,3,202212,9.5,91.93,873.34
1502772,3,202301,7.5,96.09,720.68
1502772,3,202302,6.7,93.83,628.66
1502772,3,202303,8.9,98.89,880.12
1502772,3,202304,10.3,101.78,1048.33
1502772,3,202305,10.9,87.82,957.24
1502772,3,202306,12.0,89.5,1074.0
1502772,3,202307,8.5,87.26,741.71
1502772,3,202308,8.7,89.08,775.0
1502772,3,202309,7.3,89.91,656.34
1502772,3,202310,5.9,93.26,550.23
1502772,3,202311,6.5,102.91,668.92
1502772,3,202312,6.0,92.3,553.8
1502772,3,202401,6.0,97.63,585.78
1502772,3,202402,5.7,104.31,594.57
1502772,3,202403,4.9,109.95,538.76
1502772,3,202404,7.9,93.06,735.17
1502772,3,202405,8.3,98.82,820.21
1502772,3,202406,6.5,93.34,606.71
1502772,3,202407,7.5,96.17,721.28
1502772,3,202408,10.5,94.28,989.94
1502772,3,202409,11.3,92.37,1043.78
1502772,3,202410,8.8,96.61,850.17
1502772,3,202411,7.4,94.05,695.97
1502772,3,202412,6.1,104.2,635.62
1502806,1,202201,1409.8,10.19,14365.86
1502806,1,202202,1180.8,12.12,14311.3
1502806,1,202203,1043.3,13.94,14543.6
1502806,1,202204,946.3,13.27,12557.4
1502806,1,202205,1096.9,12.47,13678.34
1502806,1,202206,1188.9,12.35,14682.92
1502806,1,202207,1176.8,10.63,12509.38
1502806,1,202208,1212.0,9.45,11453.4
1502806,1,202209,1334.0,8.39,11192.26
1502806,1,202210,1636.8,9.12,14927.62
1502806,1,202211,1644.2,7.75,12742.55
1502806,1,202212,1560.9,10.02,15640.22
1502806,1,202301,1457.7,10.9,15888.93
1502806,1,202302,1061.5,12.07,12812.3
1502806,1,202303,1251.9,14.34,17952.25
1502806,1,202304,1044.3,13.02,13596.79
1502806,1,202305,981.5,12.74,12504.31
1502806,1,202306,1234.5,12.24,15110.28
1502806,1,202307,1031.1,11.38,11733.92
1502806,1,202308,1200.3,9.76,11714.93
1502806,1,202309,1854.2,8.43,15630.91
1502806,1,202310,1434.3,8.44,12105.49
1502806,1,202311,1910.2,9.73,18586.25
1502806,1,202312,2207.0,10.02,22114.14
1502806,1,202401,1555.0,11.85,18426.75
1502806,1,202402,1327.4,12.64,16778.34
1502806,1,202403,1371.2,13.25,18168.4
1502806,1,202404,1084.8,15.25,16543.2
1502806,1,202405,1293.9,13.57,17558.22
1502806,1,202406,1207.0,12.52,15111.64
1502806,1,202407,1324.5,12.24,16211.88
1502806,1,202408,1419.8,10.0,14198.0
1502806,1,202409,1863.6,9.2,17145.12
1502806,1,202410,2469.9,9.16,22624.28
1502806,1,202411,2134.6,9.48,20236.01
1502806,1,202412,1457.5,10.51,15318.32
1502806,2,202201,114.1,39.81,4542.32
1502806,2,202202,125.7,37.52,4716.26
1502806,2,202203,131.3,38.92,5110.2
1502806,2,202204,140.7,37.75,5311.42
1502806,2,202205,117.9,39.57,4665.3
1502806,2,202206,103.3,46.46,4799.32
1502806,2,202207,88.1,52.43,4619.08
1502806,2,202208,107.5,50.8,5461.0
1502806,2,202209,81.7,53.3,4354.61
1502806,2,202210,89.6,49.74,4456.7
1502806,2,202211,78.8,43.36,3416.77
1502806,2,202212,89.0,42.51,3783.39
1502806,2,202301,124.2,42.29,5252.42
1502806,2,202302,149.2,38.13,5689.0
1502806,2,202303,140.7,38.78,5456.35
1502806,2,202304,164.1,41.96,6885.64
1502806,2,202305,175.2,39.93,6995.74
1502806,2,202306,134.4,49.11,6600.38
1502806,2,202307,119.6,52.76,6310.1
1502806,2,202308,100.6,52.18,5249.31
1502806,2,202309,116.3,51.78,6022.01
1502806,2,202310,98.4,48.32,4754.69
1502806,2,202311,163.8,40.76,6676.49
1502806,2,202312,208.0,45.28,9418.24
1502806,2,202401,160.5,39.96,6413.58
1502806,2,202402,145.0,38.55,5589.75
1502806,2,202403,161.1,43.56,7017.52
1502806,2,202404,139.6,45.44,6343.42
1502806,2,202405,140.2,47.42,6648.28
1502806,2,202406,113.8,52.26,5947.19
1502806,2,202407,138.9,49.89,6929.72
1502806,2,202408,121.9,53.57,6530.18
1502806,2,202409,184.0,56.39,10375.76
1502806,2,202410,182.6,48.61,8876.19
1502806,2,202411,137.5,44.5,6118.75
1502806,2,202412,226.6,43.44,9843.5
1502806,3,202201,14.8,92.65,1371.22
1502806,3,202202,13.5,95.91,1294.78
1502806,3,202203,13.7,87.04,1192.45
1502806,3,202204,16.9,88.8,1500.72
1502806,3,202205,17.0,90.94,1545.98
1502806,3,202206,14.1,81.56,1150.0
1502806,3,202207,18.8,90.77,1706.48
1502806,3,202208,15.7,86.84,1363.39
1502806,3,202209,17.7,81.55,1443.44
1502806,3,202210,12.3,81.06,997.04
1502806,3,202211,13.7,86.82,1189.43
1502806,3,202212,13.9,88.62,1231.82
1502806,3,202301,9.9,92.65,917.24
1502806,3,202302,12.4,92.48,1146.75
1502806,3,202303,11.2,97.34,1090.21
1502806,3,202304,13.5,100.0,1350.0
1502806,3,202305,14.1,90.33,1273.65
1502806,3,202306,12.3,92.83,1141.81
1502806,3,202307,12.3,87.29,1073.67
1502806,3,202308,12.4,90.72,1124.93
1502806,3,202309,17.4,85.31,1484.39
1502806,3,202310,20.2,92.08,1860.02
1502806,3,202311,27.4,94.16,2579.98
1502806,3,202312,19.9,103.2,2053.68
1502806,3,202401,16.2,105.15,1703.43
1502806,3,202402,16.4,104.36,1711.5
1502806,3,202403,15.5,95.01,1472.66
1502806,3,202404,14.8,97.52,1443.3
1502806,3,202405,16.6,93.39,1550.27
1502806,3,202406,20.4,90.49,1846.0
1502806,3,202407,14.1,92.22,1300.3
1502806,3,202408,14.7,92.47,1359.31
1502806,3,202409,12.8,93.45,1196.16
1502806,3,202410,14.3,100.42,1436.01
1502806,3,202411,16.6,99.58,1653.03
1502806,3,202412,20.1,94.15,1892.42
1502855,1,202201,661.0,10.99,7264.39
1502855,1,202202,354.5,12.71,4505.7
1502855,1,202203,388.4,12.77,4959.87
1502855,1,202204,402.1,12.22,4913.66
1502855,1,202205,443.7,13.63,6047.63
1502855,1,202206,540.4,12.82,6927.93
1502855,1,202207,639.7,11.19,7158.24
1502855,1,202208,757.2,9.55,7231.26
1502855,1,202209,968.1,9.29,8993.65
1502855,1,202210,885.8,8.3,7352.14
1502855,1,202211,725.5,8.78,6369.89
1502855,1,202212,1192.3,9.74,11613.0
1502855,1,202301,746.5,12.25,9144.62
1502855,1,202302,608.5,12.74,7752.29
1502855,1,202303,395.3,13.57,5364.22
1502855,1,202304,421.0,15.67,6597.07
1502855,1,202305,390.8,14.12,5518.1
1502855,1,202306,452.0,13.2,5966.4
1502855,1,202307,712.2,11.53,8211.67
1502855,1,202308,906.6,10.2,9247.32
1502855,1,202309,1093.0,8.61,9410.73
1502855,1,202310,780.1,9.74,7598.17
1502855,1,202311,1133.5,9.82,11130.97
1502855,1,202312,745.4,10.41,7759.61
1502855,1,202401,846.3,12.17,10299.47
1502855,1,202402,785.5,14.05,11036.28
1502855,1,202403,678.6,13.4,9093.24
1502855,1,202404,495.8,14.39,7134.56
1502855,1,202405,531.5,13.68,7270.92
1502855,1,202406,548.5,14.79,8112.32
1502855,1,202407,675.7,12.8,8648.96
1502855,1,202408,782.3,9.82,7682.19
1502855,1,202409,634.6,9.29,5895.43
1502855,1,202410,961.1,9.61,9236.17
1502855,1,202411,922.6,9.79,9032.25
1502855,1,202412,758.8,10.26,7785.29
1502855,2,202201,68.5,35.17,2409.14
1502855,2,202202,53.0,32.82,1739.46
1502855,2,202203,34.9,40.39,1409.61
1502855,2,202204,47.4,37.98,1800.25
1502855,2,202205,37.0,40.23,1488.51
1502855,2,202206,33.1,42.67,1412.38
1502855,2,202207,23.0,46.54,1070.42
1502855,2,202208,33.7,46.64,1571.77
1502855,2,202209,39.7,50.98,2023.91
1502855,2,202210,46.7,42.41,1980.55
1502855,2,202211,55.3,38.88,2150.06
1502855,2,202212,42.1,39.93,1681.05
1502855,2,202301,44.4,37.73,1675.21
1502855,2,202302,49.3,36.65,1806.84
1502855,2,202303,47.3,39.01,1845.17
1502855,2,202304,46.9,40.6,1904.14
1502855,2,202305,47.8,43.49,2078.82
1502855,2,202306,52.8,43.68,2306.3
1502855,2,202307,35.3,45.32,1599.8
1502855,2,202308,37.0,48.41,1791.17
1502855,2,202309,45.8,46.66,2137.03
1502855,2,202310,41.7,47.5,1980.75
1502855,2,202311,48.3,39.85,1924.76
1502855,2,202312,62.5,39.43,2464.38
1502855,2,202401,68.0,39.15,2662.2
1502855,2,202402,79.4,38.5,3056.9
1502855,2,202403,74.5,40.29,3001.6
1502855,2,202404,62.1,41.3,2564.73
1502855,2,202405,44.6,43.9,1957.94
1502855,2,202406,44.9,51.92,2331.21
1502855,2,202407,43.3,50.47,2185.35
1502855,2,202408,35.6,56.03,1994.67
1502855,2,202409,44.5,50.45,2245.02
1502855,2,202410,61.8,48.75,3012.75
1502855,2,202411,57.2,45.07,2578.0
1502855,2,202412,56.8,42.47,2412.3
1502855,3,202201,6.0,99.21,595.26
1502855,3,202202,7.2,102.05,734.76
1502855,3,202203,6.3,84.64,533.23
1502855,3,202204,6.1,95.27,581.15
1502855,3,202205,7.6,91.14,692.66
1502855,3,202206,7.6,82.0,623.2
1502855,3,202207,5.5,80.98,445.39
1502855,3,202208,4.4,83.68,368.19
1502855,3,202209,7.2,79.79,574.49
1502855,3,202210,5.0,83.88,419.4
1502855,3,202211,5.1,87.95,448.54
1502855,3,202212,6.2,95.4,591.48
1502855,3,202301,4.3,95.04,408.67
1502855,3,202302,3.9,97.02,378.38
1502855,3,202303,3.7,103.64,383.47
1502855,3,202304,6.4,88.27,564.93
1502855,3,202305,9.4,94.67,889.9
1502855,3,202306,7.4,92.58,685.09
1502855,3,202307,8.2,90.61,743.0
1502855,3,202308,8.3,85.81,712.22
1502855,3,202309,7.3,84.14,614.22
1502855,3,202310,5.2,97.96,509.39
1502855,3,202311,8.4,89.68,753.31
1502855,3,202312,5.2,91.17,474.08
1502855,3,202401,5.6,102.35,573.16
1502855,3,202402,5.1,99.29,506.38
1502855,3,202403,6.6,107.77,711.28
1502855,3,202404,7.7,98.8,760.76
1502855,3,202405,6.3,103.11,649.59
1502855,3,202406,5.9,96.42,568.88
1502855,3,202407,5.0,90.38,451.9
1502855,3,202408,6.1,96.6,589.26
1502855,3,202409,7.5,89.2,669.0
1502855,3,202410,6.6,92.79,612.41
1502855,3,202411,6.3,99.81,628.8
1502855,3,202412,8.7,101.26,880.96
1502905,1,202201,1583.7,11.49,18196.71
1502905,1,202202,1421.8,12.74,18113.73
1502905,1,202203,1057.3,14.32,15140.54
1502905,1,202204,1178.5,14.51,17100.04
1502905,1,202205,1113.5,13.9,15477.65
1502905,1,202206,1212.4,11.65,14124.46
1502905,1,202207,1656.1,10.93,18101.17
1502905,1,202208,1433.4,9.63,13803.64
1502905,1,202209,2408.1,9.6,23117.76
1502905,1,202210,2477.3,9.02,22345.25
1502905,1,202211,2853.5,8.64,24654.24
1502905,1,202212,1842.1,10.03,18476.26
1502905,1,202301,1326.9,10.91,14476.48
1502905,1,202302,972.9,12.96,12608.78
1502905,1,202303,1019.3,12.79,13036.85
1502905,1,202304,1046.6,14.61,15290.83
1502905,1,202305,1043.5,14.16,14775.96
1502905,1,202306,1044.5,14.29,14925.9
1502905,1,202307,1103.5,12.27,13539.94
1502905,1,202308,1525.5,10.3,15712.65
1502905,1,202309,1761.9,10.02,17654.24
1502905,1,202310,1794.8,8.66,15542.97
1502905,1,202311,2520.6,9.17,23113.9
1502905,1,202312,2089.0,10.7,22352.3
1502905,1,202401,2168.9,10.95,23749.46
1502905,1,202402,1494.6,13.45,20102.37
1502905,1,202403,1345.8,13.7,18437.46
1502905,1,202404,1235.8,14.83,18326.91
1502905,1,202405,943.3,13.66,12885.48
1502905,1,202406,1558.8,13.76,21449.09
1502905,1,202407,1757.1,12.21,21454.19
1502905,1,202408,2377.0,11.71,27834.67
1502905,1,202409,2230.5,9.98,22260.39
1502905,1,202410,2319.7,9.27,21503.62
1502905,1,202411,1944.9,9.86,19176.71
1502905,1,202412,2315.7,10.21,23643.3
1502905,2,202201,109.7,40.68,4462.6
1502905,2,202202,149.1,36.84,5492.84
1502905,2,202203,155.9,34.99,5454.94
1502905,2,202204,149.6,41.75,6245.8
1502905,2,202205,88.5,44.38,3927.63
1502905,2,202206,63.4,46.98,2978.53
1502905,2,202207,65.7,53.22,3496.55
1502905,2,202208,75.9,45.14,3426.13
1502905,2,202209,69.4,55.02,3818.39
1502905,2,202210,68.5,50.99,3492.82
1502905,2,202211,106.3,43.61,4635.74
1502905,2,202212,128.4,40.7,5225.88
1502905,2,202301,156.5,41.76,6535.44
1502905,2,202302,131.9,40.85,5388.12
1502905,2,202303,111.5,39.45,4398.68
1502905,2,202304,122.4,39.93,4887.43
1502905,2,202305,97.2,52.02,5056.34
1502905,2,202306,75.8,52.77,3999.97
1502905,2,202307,60.9,53.3,3245.97
1502905,2,202308,58.7,54.3,3187.41
1502905,2,202309,78.0,54.55,4254.9
1502905,2,202310,64.7,52.21,3377.99
1502905,2,202311,91.4,42.16,3853.42
1502905,2,202312,93.1,42.54,3960.47
1502905,2,202401,104.8,41.34,4332.43
1502905,2,202402,111.6,40.98,4573.37
1502905,2,202403,108.5,43.95,4768.58
1502905,2,202404,98.4,41.11,4045.22
1502905,2,202405,84.2,45.43,3825.21
1502905,2,202406,71.4,50.49,3604.99
1502905,2,202407,89.6,55.34,4958.46
1502905,2,202408,83.2,58.26,4847.23
1502905,2,202409,81.9,59.58,4879.6
1502905,2,202410,79.5,51.5,4094.25
1502905,2,202411,87.5,50.66,4432.75
1502905,2,202412,93.6,46.58,4359.89
1502905,3,202201,8.6,95.11,817.95
1502905,3,202202,9.5,95.77,909.82
1502905,3,202203,9.1,99.67,907.0
1502905,3,202204,10.4,96.02,998.61
1502905,3,202205,10.8,81.97,885.28
1502905,3,202206,10.6,84.67,897.5
1502905,3,202207,11.5,83.78,963.47
1502905,3,202208,12.5,79.16,989.5
1502905,3,202209,14.7,89.69,1318.44
1502905,3,202210,15.0,93.81,1407.15
1502905,3,202211,20.1,89.95,1808.0
1502905,3,202212,16.5,94.09,1552.48
1502905,3,202301,12.6,98.41,1239.97
1502905,3,202302,11.9,99.71,1186.55
1502905,3,202303,13.4,104.12,1395.21
1502905,3,202304,16.0,88.26,1412.16
1502905,3,202305,19.5,95.9,1870.05
1502905,3,202306,14.7,90.85,1335.5
1502905,3,202307,18.9,85.63,1618.41
1502905,3,202308,17.2,85.8,1475.76
1502905,3,202309,13.6,97.25,1322.6
1502905,3,202310,13.1,84.96,1112.98
1502905,3,202311,16.1,92.81,1494.24
1502905,3,202312,15.6,104.59,1631.6
1502905,3,202401,11.3,95.96,1084.35
1502905,3,202402,9.4,100.71,946.67
1502905,3,202403,8.6,102.47,881.24
1502905,3,202404,9.1,102.2,930.02
1502905,3,202405,11.3,96.81,1093.95
1502905,3,202406,10.6,90.16,955.7
1502905,3,202407,11.6,94.23,1093.07
1502905,3,202408,17.0,90.91,1545.47
1502905,3,202409,21.8,95.09,2072.96
1502905,3,202410,24.3,98.74,2399.38
1502905,3,202411,13.8,90.24,1245.31
1502905,3,202412,18.1,105.42,1908.1
1502939,1,202201,1341.0,13.1,17567.1
1502939,1,202202,1689.8,12.67,21409.77
1502939,1,202203,1089.2,13.67,14889.36
1502939,1,202204,920.7,13.83,12733.28
1502939,1,202205,850.2,14.41,12251.38
1502939,1,202206,1034.0,12.38,12800.92
1502939,1,202207,1324.7,11.72,15525.48
1502939,1,202208,1526.8,9.64,14718.35
1502939,1,202209,2092.3,9.94,20797.46
1502939,1,202210,1808.4,9.25,16727.7
1502939,1,202211,2054.8,9.11,18719.23
1502939,1,202212,1855.0,11.34,21035.7
1502939,1,202301,1434.7,11.69,16771.64
1502939,1,202302,1087.6,14.35,15607.06
1502939,1,202303,1476.7,14.24,21028.21
1502939,1,202304,1021.3,16.36,16708.47
1502939,1,202305,1080.3,15.31,16539.39
1502939,1,202306,1024.2,13.11,13427.26
1502939,1,202307,1730.1,11.92,20622.79
1502939,1,202308,2165.4,11.51,24923.75
1502939,1,202309,1916.1,10.08,19314.29
1502939,1,202310,2144.7,9.78,20975.17
1502939,1,202311,2036.8,10.88,22160.38
1502939,1,202312,1556.9,10.76,16752.24
1502939,1,202401,1513.6,13.02,19707.07
1502939,1,202402,1300.6,15.02,19535.01
1502939,1,202403,1126.5,15.95,17967.68
1502939,1,202404,1018.4,15.56,15846.3
1502939,1,202405,1126.9,15.1,17016.19
1502939,1,202406,1278.4,13.13,16785.39
1502939,1,202407,1477.6,12.29,18159.7
1502939,1,202408,1526.4,11.79,17996.26
1502939,1,202409,2429.0,10.53,25577.37
1502939,1,202410,1904.0,10.28,19573.12
1502939,1,202411,1994.8,11.17,22281.92
1502939,1,202412,1625.1,10.93,17762.34
1502939,2,202201,175.1,37.32,6534.73
1502939,2,202202,169.5,38.62,6546.09
1502939,2,202203,140.0,37.03,5184.2
1502939,2,202204,115.0,40.78,4689.7
1502939,2,202205,124.6,41.26,5141.0
1502939,2,202206,115.8,47.41,5490.08
1502939,2,202207,102.4,49.41,5059.58
1502939,2,202208,118.2,54.25,6412.35
1502939,2,202209,116.5,50.7,5906.55
1502939,2,202210,109.3,48.67,5319.63
1502939,2,202211,126.9,44.95,5704.16
1502939,2,202212,177.9,37.42,6657.02
1502939,2,202301,159.1,36.85,5862.84
1502939,2,202302,182.2,39.15,7133.13
1502939,2,202303,178.9,41.29,7386.78
1502939,2,202304,145.3,42.78,6215.93
1502939,2,202305,130.3,44.82,5840.05
1502939,2,202306,92.4,49.71,4593.2
1502939,2,202307,100.2,52.02,5212.4
1502939,2,202308,82.6,55.96,4622.3
1502939,2,202309,120.6,54.83,6612.5
1502939,2,202310,131.9,48.94,6455.19
1502939,2,202311,137.3,46.68,6409.16
1502939,2,202312,202.2,43.89,8874.56
1502939,2,202401,175.0,43.19,7558.25
1502939,2,202402,165.7,44.87,7434.96
1502939,2,202403,125.2,42.23,5287.2
1502939,2,202404,173.8,47.66,8283.31
1502939,2,202405,218.6,45.86,10025.0
1502939,2,202406,126.2,50.61,6386.98
1502939,2,202407,104.4,49.35,5152.14
1502939,2,202408,111.8,56.31,6295.46
1502939,2,202409,110.8,56.72,6284.58
1502939,2,202410,129.4,45.98,5949.81
1502939,2,202411,150.2,49.06,7368.81
1502939,2,202412,190.1,46.33,8807.33
1502939,3,202201,19.3,93.54,1805.32
1502939,3,202202,19.7,102.55,2020.24
1502939,3,202203,26.0,90.46,2351.96
1502939,3,202204,22.8,87.45,1993.86
1502939,3,202205,20.1,94.32,1895.83
1502939,3,202206,18.7,78.98,1476.93
1502939,3,202207,16.4,84.59,1387.28
1502939,3,202208,21.0,88.06,1849.26
1502939,3,202209,16.9,76.46,1292.17
1502939,3,202210,20.4,87.58,1786.63
1502939,3,202211,18.5,83.51,1544.94
1502939,3,202212,13.0,84.53,1098.89
1502939,3,202301,18.7,93.35,1745.64
1502939,3,202302,9.8,98.31,963.44
1502939,3,202303,12.4,95.05,1178.62
1502939,3,202304,15.5,101.89,1579.3
1502939,3,202305,11.5,93.99,1080.88
1502939,3,202306,16.2,88.6,1435.32
1502939,3,202307,16.4,83.11,1363.0
1502939,3,202308,17.7,88.98,1574.95
1502939,3,202309,24.2,98.36,2380.31
1502939,3,202310,22.9,87.66,2007.41
1502939,3,202311,19.8,90.9,1799.82
1502939,3,202312,18.3,91.43,1673.17
1502939,3,202401,24.8,108.49,2690.55
1502939,3,202402,23.4,107.92,2525.33
1502939,3,202403,18.4,99.99,1839.82
1502939,3,202404,17.6,97.16,1710.02
1502939,3,202405,15.5,92.72,1437.16
1502939,3,202406,16.9,92.93,1570.52
1502939,3,202407,25.8,96.97,2501.83
1502939,3,202408,24.1,91.56,2206.6
1502939,3,202409,18.4,98.28,1808.35
1502939,3,202410,20.9,90.95,1900.86
1502939,3,202411,18.9,86.59,1636.55
1502939,3,202412,20.8,114.05,2372.24
1502954,1,202201,626.0,11.68,7311.68
1502954,1,202202,458.6,13.39,6140.65
1502954,1,202203,547.0,14.05,7685.35
1502954,1,202204,571.2,12.26,7002.91
1502954,1,202205,566.2,14.09,7977.76
1502954,1,202206,817.5,13.48,11019.9
1502954,1,202207,622.4,12.08,7518.59
1502954,1,202208,742.5,10.52,7811.1
1502954,1,202209,905.1,10.5,9503.55
1502954,1,202210,786.8,9.48,7458.86
1502954,1,202211,836.6,9.88,8265.61
1502954,1,202212,610.6,11.14,6802.08
1502954,1,202301,634.4,12.52,7942.69
1502954,1,202302,647.6,12.98,8405.85
1502954,1,202303,557.2,12.86,7165.59
1502954,1,202304,358.4,14.52,5203.97
1502954,1,202305,348.3,15.09,5255.85
1502954,1,202306,499.4,13.34,6662.0
1502954,1,202307,621.1,12.79,7943.87
1502954,1,202308,466.5,11.08,5168.82
1502954,1,202309,818.1,10.72,8770.03
1502954,1,202310,912.8,9.57,8735.5
1502954,1,202311,762.7,10.29,7848.18
1502954,1,202312,860.3,11.28,9704.18
1502954,1,202401,621.5,13.76,8551.84
1502954,1,202402,476.6,12.95,6171.97
1502954,1,202403,480.3,14.74,7079.62
1502954,1,202404,643.3,16.11,10363.56
1502954,1,202405,804.7,16.3,13116.61
1502954,1,202406,811.5,14.27,11580.1
1502954,1,202407,918.0,12.58,11548.44
1502954,1,202408,1126.7,11.86,13362.66
1502954,1,202409,903.3,10.91,9855.0
1502954,1,202410,1082.8,9.9,10719.72
1502954,1,202411,875.4,10.62,9296.75
1502954,1,202412,844.1,12.12,10230.49
1502954,2,202201,95.0,36.35,3453.25
1502954,2,202202,123.6,34.36,4246.9
1502954,2,202203,119.8,38.71,4637.46
1502954,2,202204,121.7,37.8,4600.26
1502954,2,202205,100.8,44.73,4508.78
1502954,2,202206,94.0,47.91,4503.54
1502954,2,202207,101.3,46.68,4728.68
1502954,2,202208,85.6,48.65,4164.44
1502954,2,202209,89.2,46.62,4158.5
1502954,2,202210,117.1,46.67,5465.06
1502954,2,202211,115.5,41.84,4832.52
1502954,2,202212,100.9,38.27,3861.44
1502954,2,202301,130.6,38.36,5009.82
1502954,2,202302,171.7,34.54,5930.52
1502954,2,202303,187.1,38.12,7132.25
1502954,2,202304,165.7,42.02,6962.71
1502954,2,202305,83.0,44.29,3676.07
1502954,2,202306,71.0,49.58,3520.18
1502954,2,202307,64.3,48.76,3135.27
1502954,2,202308,69.4,49.43,3430.44
1502954,2,202309,103.2,46.99,4849.37
1502954,2,202310,85.6,46.33,3965.85
1502954,2,202311,149.6,48.52,7258.59
1502954,2,202312,137.2,41.25,5659.5
1502954,2,202401,123.4,38.63,4766.94
1502954,2,202402,152.1,36.96,5621.62
1502954,2,202403,166.0,36.73,6097.18
1502954,2,202404,155.3,40.57,6300.52
1502954,2,202405,107.9,47.49,5124.17
1502954,2,202406,103.9,48.11,4998.63
1502954,2,202407,75.9,49.25,3738.08
1502954,2,202408,67.2,50.4,3386.88
1502954,2,202409,74.8,53.37,3992.08
1502954,2,202410,75.4,48.95,3690.83
1502954,2,202411,113.9,44.31,5046.91
1502954,2,202412,114.6,41.65,4773.09
1502954,3,202201,11.3,96.6,1091.58
1502954,3,202202,9.2,98.28,904.18
1502954,3,202203,7.5,98.03,735.22
1502954,3,202204,9.0,97.0,873.0
1502954,3,202205,7.0,83.38,583.66
1502954,3,202206,8.4,85.31,716.6
1502954,3,202207,11.9,78.67,936.17
1502954,3,202208,13.2,86.02,1135.46
1502954,3,202209,13.2,92.57,1221.92
1502954,3,202210,16.9,91.3,1542.97
1502954,3,202211,14.9,87.31,1300.92
1502954,3,202212,9.0,95.07,855.63
1502954,3,202301,9.1,100.2,911.82
1502954,3,202302,13.4,100.38,1345.09
1502954,3,202303,11.6,92.25,1070.1
1502954,3,202304,16.2,102.96,1667.95
1502954,3,202305,17.5,88.25,1544.38
1502954,3,202306,14.5,89.14,1292.53
1502954,3,202307,11.5,93.1,1070.65
1502954,3,202308,12.9,86.36,1114.04
1502954,3,202309,16.0,89.09,1425.44
1502954,3,202310,10.6,91.34,968.2
1502954,3,202311,11.0,93.91,1033.01
1502954,3,202312,7.5,96.96,727.2
1502954,3,202401,8.0,103.35,826.8
1502954,3,202402,6.6,103.42,682.57
1502954,3,202403,9.1,97.77,889.71
1502954,3,202404,9.0,92.65,833.85
1502954,3,202405,12.9,102.17,1317.99
1502954,3,202406,12.0,99.34,1192.08
1502954,3,202407,11.4,93.72,1068.41
1502954,3,202408,9.2,92.88,854.5
1502954,3,202409,11.4,88.03,1003.54
1502954,3,202410,12.8,83.46,1068.29
1502954,3,202411,14.6,96.0,1401.6
1502954,3,202412,14.6,91.05,1329.33
1503002,1,202201,407.9,9.98,4070.84
1503002,1,202202,328.5,12.25,4024.12
1503002,1,202203,277.5,13.48,3740.7
1503002,1,202204,288.9,13.71,3960.82
1503002,1,202205,283.1,14.89,4215.36
1503002,1,202206,327.1,12.51,4092.02
1503002,1,202207,314.9,12.2,3841.78
1503002,1,202208,505.1,10.44,5273.24
1503002,1,202209,443.4,9.53,4225.6
1503002,1,202210,452.8,8.85,4007.28
1503002,1,202211,468.7,9.53,4466.71
1503002,1,202212,609.9,10.06,6135.59
1503002,1,202301,416.8,12.27,5114.14
1503002,1,202302,297.9,13.29,3959.09
1503002,1,202303,243.3,13.72,3338.08
1503002,1,202304,331.1,15.48,5125.43
1503002,1,202305,192.3,14.69,2824.89
1503002,1,202306,212.8,13.15,2798.32
1503002,1,202307,489.4,12.26,6000.04
1503002,1,202308,589.5,10.85,6396.08
1503002,1,202309,497.8,9.53,4744.03
1503002,1,202310,529.6,9.65,5110.64
1503002,1,202311,520.9,9.65,5026.69
1503002,1,202312,537.7,10.39,5586.7
1503002,1,202401,583.0,11.72,6832.76
1503002,1,202402,445.7,13.8,6150.66
1503002,1,202403,314.2,15.46,4857.53
1503002,1,202404,333.8,14.86,4960.27
1503002,1,202405,286.1,17.04,4875.14
1503002,1,202406,271.8,14.68,3990.02
1503002,1,202407,255.5,13.57,3467.14
1503002,1,202408,274.0,11.84,3244.16
1503002,1,202409,330.3,11.41,3768.72
1503002,1,202410,341.4,9.65,3294.51
1503002,1,202411,423.3,9.15,3873.2
1503002,1,202412,332.5,11.13,3700.73
1503002,2,202201,78.9,37.96,2995.04
1503002,2,202202,97.8,36.82,3601.0
1503002,2,202203,59.1,37.29,2203.84
1503002,2,202204,54.4,37.87,2060.13
1503002,2,202205,44.2,41.38,1829.0
1503002,2,202206,46.1,46.94,2163.93
1503002,2,202207,51.0,44.78,2283.78
1503002,2,202208,48.7,45.38,2210.01
1503002,2,202209,40.3,46.09,1857.43
1503002,2,202210,40.2,46.23,1858.45
1503002,2,202211,54.3,39.85,2163.86
1503002,2,202212,69.8,38.06,2656.59
1503002,2,202301,74.0,37.53,2777.22
1503002,2,202302,75.2,35.05,2635.76
1503002,2,202303,71.1,33.4,2374.74
1503002,2,202304,66.7,38.11,2541.94
1503002,2,202305,64.9,43.94,2851.71
1503002,2,202306,60.0,47.77,2866.2
1503002,2,202307,50.5,50.23,2536.61
1503002,2,202308,46.0,51.42,2365.32
1503002,2,202309,45.7,47.49,2170.29
1503002,2,202310,43.2,44.7,1931.04
1503002,2,202311,44.7,44.19,1975.29
1503002,2,202312,61.2,39.69,2429.03
1503002,2,202401,59.8,41.06,2455.39
1503002,2,202402,76.3,39.07,2981.04
1503002,2,202403,71.7,41.84,2999.93
1503002,2,202404,75.4,40.75,3072.55
1503002,2,202405,70.2,47.57,3339.41
1503002,2,202406,66.5,53.67,3569.06
1503002,2,202407,50.0,51.09,2554.5
1503002,2,202408,50.6,53.17,2690.4
1503002,2,202409,57.1,48.64,2777.34
1503002,2,202410,43.8,50.69,2220.22
1503002,2,202411,72.0,47.72,3435.84
1503002,2,202412,113.2,40.7,4607.24
1503002,3,202201,4.6,98.8,454.48
1503002,3,202202,3.7,91.93,340.14
1503002,3,202203,3.3,97.1,320.43
1503002,3,202204,3.0,89.3,267.9
1503002,3,202205,3.5,78.98,276.43
1503002,3,202206,3.9,95.17,371.16
1503002,3,202207,3.5,83.74,293.09
1503002,3,202208,4.6,89.11,409.91
1503002,3,202209,7.3,82.55,602.62
1503002,3,202210,7.2,83.85,603.72
1503002,3,202211,5.5,87.57,481.64
1503002,3,202212,4.5,93.88,422.46
1503002,3,202301,3.8,99.33,377.45
1503002,3,202302,3.4,101.72,345.85
1503002,3,202303,4.3,96.05,413.02
1503002,3,202304,5.1,96.6,492.66
1503002,3,202305,3.9,89.74,349.99
1503002,3,202306,4.6,97.71,449.47
1503002,3,202307,5.7,83.09,473.61
1503002,3,202308,5.0,84.44,422.2
1503002,3,202309,4.7,86.88,408.34
1503002,3,202310,5.1,102.31,521.78
1503002,3,202311,5.3,97.26,515.48
1503002,3,202312,5.0,92.38,461.9
1503002,3,202401,4.7,106.54,500.74
1503002,3,202402,4.7,105.72,496.88
1503002,3,202403,4.2,103.66,435.37
1503002,3,202404,3.5,103.66,362.81
1503002,3,202405,3.0,97.48,292.44
1503002,3,202406,4.1,95.09,389.87
1503002,3,202407,4.6,85.27,392.24
1503002,3,202408,5.2,98.2,510.64
1503002,3,202409,4.3,90.11,387.47
1503002,3,202410,4.5,88.63,398.84
1503002,3,202411,4.4,94.78,417.03
1503002,3,202412,5.4,97.82,528.23
1503044,1,202201,467.0,12.34,5762.78
1503044,1,202202,409.2,13.55,5544.66
1503044,1,202203,446.5,13.79,6157.24
1503044,1,202204,410.2,15.35,6296.57
1503044,1,202205,453.7,13.57,6156.71
1503044,1,202206,390.2,12.88,5025.78
1503044,1,202207,382.9,13.02,4985.36
1503044,1,202208,662.5,11.22,7433.25
1503044,1,202209,718.6,9.64,6927.3
1503044,1,202210,643.8,9.62,6193.36
1503044,1,202211,560.3,9.89,5541.37
1503044,1,202212,464.9,9.36,4351.46
1503044,1,202301,373.4,11.93,4454.66
1503044,1,202302,275.7,13.76,3793.63
1503044,1,202303,216.3,14.49,3134.19
1503044,1,202304,244.2,15.29,3733.82
1503044,1,202305,263.9,15.61,4119.48
1503044,1,202306,415.7,13.57,5641.05
1503044,1,202307,521.0,11.84,6168.64
1503044,1,202308,637.8,11.35,7239.03
1503044,1,202309,615.6,10.04,6180.62
1503044,1,202310,655.2,9.78,6407.86
1503044,1,202311,689.4,10.06,6935.36
1503044,1,202312,686.8,12.49,8578.13
1503044,1,202401,537.7,11.59,6231.94
1503044,1,202402,535.6,14.05,7525.18
1503044,1,202403,431.3,15.31,6603.2
1503044,1,202404,450.2,15.08,6789.02
1503044,1,202405,396.0,16.02,6343.92
1503044,1,202406,319.8,14.92,4771.42
1503044,1,202407,452.2,12.93,5846.95
1503044,1,202408,649.2,11.44,7426.85
1503044,1,202409,804.8,10.54,8482.59
1503044,1,202410,865.7,10.18,8812.83
1503044,1,202411,731.6,10.56,7725.7
1503044,1,202412,552.0,11.49,6342.48
1503044,2,202201,68.2,37.02,2524.76
1503044,2,202202,74.5,37.11,2764.7
1503044,2,202203,80.4,36.33,2920.93
1503044,2,202204,74.5,43.89,3269.8
1503044,2,202205,59.0,41.73,2462.07
1503044,2,202206,58.2,44.26,2575.93
1503044,2,202207,59.9,48.13,2882.99
1503044,2,202208,46.1,47.44,2186.98
1503044,2,202209,46.1,51.54,2375.99
1503044,2,202210,36.0,45.82,1649.52
1503044,2,202211,51.0,41.35,2108.85
1503044,2,202212,74.2,41.54,3082.27
1503044,2,202301,72.6,40.76,2959.18
1503044,2,202302,75.3,36.23,2728.12
1503044,2,202303,68.6,39.29,2695.29
1503044,2,202304,58.7,43.13,2531.73
1503044,2,202305,55.8,45.97,2565.13
1503044,2,202306,42.9,49.49,2123.12
1503044,2,202307,39.9,56.09,2237.99
1503044,2,202308,34.7,59.92,2079.22
1503044,2,202309,44.0,52.06,2290.64
1503044,2,202310,51.3,47.09,2415.72
1503044,2,202311,53.6,46.25,2479.0
1503044,2,202312,63.0,43.71,2753.73
1503044,2,202401,67.5,42.17,2846.48
1503044,2,202402,88.2,42.59,3756.44
1503044,2,202403,73.9,47.23,3490.3
1503044,2,202404,75.3,41.26,3106.88
1503044,2,202405,55.8,47.38,2643.8
1503044,2,202406,58.4,56.43,3295.51
1503044,2,202407,61.6,53.5,3295.6
1503044,2,202408,65.6,58.14,3813.98
1503044,2,202409,77.2,56.67,4374.92
1503044,2,202410,74.1,55.58,4118.48
1503044,2,202411,92.1,53.48,4925.51
1503044,2,202412,118.4,45.71,5412.06
1503044,3,202201,6.3,99.12,624.46
1503044,3,202202,7.0,98.43,689.01
1503044,3,202203,4.5,104.77,471.46
1503044,3,202204,4.6,95.03,437.14
1503044,3,202205,4.9,86.13,422.04
1503044,3,202206,5.5,89.57,492.64
1503044,3,202207,8.2,90.98,746.04
1503044,3,202208,6.6,82.66,545.56
1503044,3,202209,8.8,89.04,783.55
1503044,3,202210,7.4,77.6,574.24
1503044,3,202211,8.9,96.89,862.32
1503044,3,202212,7.0,96.49,675.43
1503044,3,202301,5.8,86.7,502.86
1503044,3,202302,5.7,101.13,576.44
1503044,3,202303,7.3,89.15,650.8
1503044,3,202304,7.1,93.51,663.92
1503044,3,202305,7.3,96.83,706.86
1503044,3,202306,8.2,90.18,739.48
1503044,3,202307,6.7,94.49,633.08
1503044,3,202308,7.4,88.26,653.12
1503044,3,202309,6.4,88.57,566.85
1503044,3,202310,8.4,95.92,805.73
1503044,3,202311,8.0,92.03,736.24
1503044,3,202312,7.9,96.29,760.69
1503044,3,202401,4.8,102.8,493.44
1503044,3,202402,5.9,102.68,605.81
1503044,3,202403,5.9,108.36,639.32
1503044,3,202404,4.8,96.83,464.78
1503044,3,202405,5.7,93.25,531.52
1503044,3,202406,4.9,89.41,438.11
1503044,3,202407,6.6,82.79,546.41
1503044,3,202408,9.1,98.4,895.44
1503044,3,202409,6.0,88.09,528.54
1503044,3,202410,6.3,93.17,586.97
1503044,3,202411,6.1,105.07,640.93
1503044,3,202412,4.3,99.41,427.46
1503077,1,202201,758.4,10.99,8334.82
1503077,1,202202,485.3,12.87,6245.81
1503077,1,202203,375.3,13.6,5104.08
1503077,1,202204,292.8,12.83,3756.62
1503077,1,202205,436.2,12.69,5535.38
1503077,1,202206,548.9,12.68,6960.05
1503077,1,202207,728.8,12.66,9226.61
1503077,1,202208,655.2,10.56,6918.91
1503077,1,202209,1123.8,8.6,9664.68
1503077,1,202210,981.4,7.75,7605.85
1503077,1,202211,967.0,9.73,9408.91
1503077,1,202212,983.0,10.21,10036.43
1503077,1,202301,648.3,12.62,8181.55
1503077,1,202302,510.0,12.6,6426.0
1503077,1,202303,492.6,14.33,7058.96
1503077,1,202304,806.3,15.04,12126.75
1503077,1,202305,738.6,13.77,10170.52
1503077,1,202306,981.1,12.89,12646.38
1503077,1,202307,1196.0,11.93,14268.28
1503077,1,202308,1244.5,10.96,13639.72
1503077,1,202309,1023.3,9.74,9966.94
1503077,1,202310,1279.1,9.88,12637.51
1503077,1,202311,857.4,9.53,8171.02
1503077,1,202312,1068.0,9.98,10658.64
1503077,1,202401,859.7,13.66,11743.5
1503077,1,202402,422.0,13.27,5599.94
1503077,1,202403,408.5,14.22,5808.87
1503077,1,202404,494.5,14.93,7382.88
1503077,1,202405,510.1,14.68,7488.27
1503077,1,202406,682.8,13.41,9156.35
1503077,1,202407,678.0,12.36,8380.08
1503077,1,202408,668.2,11.05,7383.61
1503077,1,202409,848.0,10.21,8658.08
1503077,1,202410,968.8,8.69,8418.87
1503077,1,202411,910.7,11.12,10126.98
1503077,1,202412,1056.2,10.99,11607.64
1503077,2,202201,47.2,39.93,1884.7
1503077,2,202202,76.3,37.04,2826.15
1503077,2,202203,50.6,38.81,1963.79
1503077,2,202204,52.0,38.67,2010.84
1503077,2,202205,28.7,41.25,1183.88
1503077,2,202206,23.6,54.36,1282.9
1503077,2,202207,31.0,51.01,1581.31
1503077,2,202208,32.0,52.28,1672.96
1503077,2,202209,32.0,50.77,1624.64
1503077,2,202210,31.8,46.41,1475.84
1503077,2,202211,27.6,44.31,1222.96
1503077,2,202212,43.2,41.82,1806.62
1503077,2,202301,48.3,40.32,1947.46
1503077,2,202302,40.5,38.31,1551.56
1503077,2,202303,45.8,41.71,1910.32
1503077,2,202304,50.8,43.7,2219.96
1503077,2,202305,43.8,47.73,2090.57
1503077,2,202306,40.4,52.12,2105.65
1503077,2,202307,37.4,52.43,1960.88
1503077,2,202308,32.0,53.37,1707.84
1503077,2,202309,35.3,56.95,2010.34
1503077,2,202310,45.5,47.99,2183.54
1503077,2,202311,60.1,42.61,2560.86
1503077,2,202312,71.6,44.51,3186.92
1503077,2,202401,62.2,40.98,2548.96
1503077,2,202402,71.0,39.14,2778.94
1503077,2,202403,70.7,44.2,3124.94
1503077,2,202404,53.3,44.63,2378.78
1503077,2,202405,43.9,45.62,2002.72
1503077,2,202406,45.7,57.55,2630.04
1503077,2,202407,52.3,50.66,2649.52
1503077,2,202408,32.7,55.65,1819.76
1503077,2,202409,48.5,49.96,2423.06
1503077,2,202410,60.7,52.96,3214.67
1503077,2,202411,62.7,47.07,2951.29
1503077,2,202412,62.3,46.83,2917.51
1503077,3,202201,7.2,88.66,638.35
1503077,3,202202,10.2,93.97,958.49
1503077,3,202203,9.7,96.43,935.37
1503077,3,202204,8.3,92.34,766.42
1503077,3,202205,7.8,81.6,636.48
1503077,3,202206,12.5,84.55,1056.88
1503077,3,202207,11.1,82.36,914.2
1503077,3,202208,9.5,87.0,826.5
1503077,3,202209,9.4,97.16,913.3
1503077,3,202210,9.9,87.89,870.11
1503077,3,202211,10.2,84.77,864.65
1503077,3,202212,10.7,91.96,983.97
1503077,3,202301,10.6,98.52,1044.31
1503077,3,202302,11.4,103.04,1174.66
1503077,3,202303,10.4,104.77,1089.61
1503077,3,202304,15.4,103.35,1591.59
1503077,3,202305,12.7,96.15,1221.1
1503077,3,202306,16.0,90.79,1452.64
1503077,3,202307,13.1,95.57,1251.97
1503077,3,202308,9.9,86.47,856.05
1503077,3,202309,7.9,88.98,702.94
1503077,3,202310,9.6,89.69,861.02
1503077,3,202311,12.2,84.14,1026.51
1503077,3,202312,9.1,102.74,934.93
1503077,3,202401,8.0,105.76,846.08
1503077,3,202402,9.4,91.52,860.29
1503077,3,202403,9.9,107.5,1064.25
1503077,3,202404,9.4,98.61,926.93
1503077,3,202405,8.4,102.13,857.89
1503077,3,202406,10.6,94.64,1003.18
1503077,3,202407,13.0,86.1,1119.3
1503077,3,202408,14.3,91.49,1308.31
1503077,3,202409,13.6,88.1,1198.16
1503077,3,202410,10.6,88.69,940.11
1503077,3,202411,11.3,101.51,1147.06
1503077,3,202412,11.5,102.1,1174.15
1503093,1,202201,618.3,11.96,7394.87
1503093,1,202202,528.8,11.56,6112.93
1503093,1,202203,454.4,12.88,5852.67
1503093,1,202204,629.8,13.26,8351.15
1503093,1,202205,571.2,13.15,7511.28
1503093,1,202206,759.6,11.48,8720.21
1503093,1,202207,772.9,11.59,8957.91
1503093,1,202208,869.4,10.41,9050.45
1503093,1,202209,992.7,9.44,9371.09
1503093,1,202210,1376.1,8.51,11710.61
1503093,1,202211,878.6,9.25,8127.05
1503093,1,202212,674.6,9.63,6496.4
1503093,1,202301,459.2,11.57,5312.94
1503093,1,202302,401.3,14.48,5810.82
1503093,1,202303,380.7,13.97,5318.38
1503093,1,202304,329.5,13.41,4418.6
1503093,1,202305,382.3,14.03,5363.67
1503093,1,202306,367.4,12.15,4463.91
1503093,1,202307,474.2,11.08,5254.14
1503093,1,202308,885.3,10.0,8853.0
1503093,1,202309,1143.4,9.41,10759.39
1503093,1,202310,1246.5,9.74,12140.91
1503093,1,202311,984.6,9.91,9757.39
1503093,1,202312,703.8,10.81,7608.08
1503093,1,202401,561.1,11.56,6486.32
1503093,1,202402,557.2,13.14,7321.61
1503093,1,202403,640.0,14.64,9369.6
1503093,1,202404,722.2,14.33,10349.13
1503093,1,202405,798.4,14.24,11369.22
1503093,1,202406,733.7,13.8,10125.06
1503093,1,202407,884.0,12.01,10616.84
1503093,1,202408,997.9,11.06,11036.77
1503093,1,202409,1124.1,10.82,12162.76
1503093,1,202410,1756.0,9.57,16804.92
1503093,1,202411,1076.2,10.6,11407.72
1503093,1,202412,957.3,11.24,10760.05
1503093,2,202201,109.5,39.11,4282.54
1503093,2,202202,95.5,39.61,3782.76
1503093,2,202203,67.6,41.49,2804.72
1503093,2,202204,71.4,40.91,2920.97
1503093,2,202205,63.1,42.39,2674.81
1503093,2,202206,42.1,51.25,2157.62
1503093,2,202207,37.3,47.27,1763.17
1503093,2,202208,37.6,55.53,2087.93
1503093,2,202209,60.4,53.36,3222.94
1503093,2,202210,74.0,51.14,3784.36
1503093,2,202211,74.4,45.69,3399.34
1503093,2,202212,91.0,36.75,3344.25
1503093,2,202301,61.9,38.66,2393.05
1503093,2,202302,65.6,40.4,2650.24
1503093,2,202303,76.7,39.37,3019.68
1503093,2,202304,75.3,42.61,3208.53
1503093,2,202305,61.3,48.26,2958.34
1503093,2,202306,56.5,49.88,2818.22
1503093,2,202307,56.7,49.75,2820.82
1503093,2,202308,54.6,56.26,3071.8
1503093,2,202309,66.0,54.26,3581.16
1503093,2,202310,72.2,49.69,3587.62
1503093,2,202311,84.7,48.49,4107.1
1503093,2,202312,121.9,43.5,5302.65
1503093,2,202401,131.7,45.2,5952.84
1503093,2,202402,159.4,41.62,6634.23
1503093,2,202403,109.9,45.18,4965.28
1503093,2,202404,69.5,40.93,2844.64
1503093,2,202405,64.0,49.73,3182.72
1503093,2,202406,57.2,51.22,2929.78
1503093,2,202407,71.3,52.6,3750.38
1503093,2,202408,52.3,59.22,3097.21
1503093,2,202409,55.4,57.41,3180.51
1503093,2,202410,67.3,47.26,3180.6
1503093,2,202411,77.0,50.37,3878.49
1503093,2,202412,83.7,46.31,3876.15
1503093,3,202201,11.2,100.87,1129.74
1503093,3,202202,9.6,87.04,835.58
1503093,3,202203,11.9,95.75,1139.42
1503093,3,202204,10.7,90.83,971.88
1503093,3,202205,11.4,93.02,1060.43
1503093,3,202206,14.1,87.57,1234.74
1503093,3,202207,14.3,85.42,1221.51
1503093,3,202208,13.4,84.15,1127.61
1503093,3,202209,10.8,92.26,996.41
1503093,3,202210,14.0,86.54,1211.56
1503093,3,202211,12.6,93.97,1184.02
1503093,3,202212,13.9,95.66,1329.67
1503093,3,202301,14.3,102.94,1472.04
1503093,3,202302,16.4,94.31,1546.68
1503093,3,202303,14.3,102.01,1458.74
1503093,3,202304,13.4,98.05,1313.87
1503093,3,202305,11.5,88.2,1014.3
1503093,3,202306,11.9,89.83,1068.98
1503093,3,202307,14.4,99.52,1433.09
1503093,3,202308,13.0,86.28,1121.64
1503093,3,202309,14.6,87.12,1271.95
1503093,3,202310,18.9,92.86,1755.05
1503093,3,202311,15.2,91.1,1384.72
1503093,3,202312,11.2,97.09,1087.41
1503093,3,202401,10.9,99.98,1089.78
1503093,3,202402,9.0,105.13,946.17
1503093,3,202403,13.6,101.93,1386.25
1503093,3,202404,14.3,110.38,1578.43
1503093,3,202405,13.1,97.42,1276.2
1503093,3,202406,13.1,93.24,1221.44
1503093,3,202407,11.8,97.02,1144.84
1503093,3,202408,16.3,85.23,1389.25
1503093,3,202409,22.6,100.28,2266.33
1503093,3,202410,14.6,89.74,1310.2
1503093,3,202411,17.4,103.17,1795.16
1503093,3,202412,15.0,107.68,1615.2
1503101,1,202201,513.3,12.07,6195.53
1503101,1,202202,403.2,13.04,5257.73
1503101,1,202203,340.1,13.69,4655.97
1503101,1,202204,363.7,12.94,4706.28
1503101,1,202205,464.1,14.43,6696.96
1503101,1,202206,667.4,12.71,8482.65
1503101,1,202207,773.4,10.98,8491.93
1503101,1,202208,792.4,9.69,7678.36
1503101,1,202209,614.0,9.28,5697.92
1503101,1,202210,754.5,8.14,6141.63
1503101,1,202211,787.0,9.49,7468.63
1503101,1,202212,752.6,9.55,7187.33
1503101,1,202301,944.3,11.85,11189.96
1503101,1,202302,862.7,12.52,10801.0
1503101,1,202303,736.8,13.56,9991.01
1503101,1,202304,505.2,13.55,6845.46
1503101,1,202305,471.5,13.63,6426.54
1503101,1,202306,540.0,14.12,7624.8
1503101,1,202307,572.6,12.46,7134.6
1503101,1,202308,801.6,10.59,8488.94
1503101,1,202309,979.9,9.5,9309.05
1503101,1,202310,828.4,9.58,7936.07
1503101,1,202311,1050.2,10.07,10575.51
1503101,1,202312,901.2,9.99,9002.99
1503101,1,202401,537.4,12.03,6464.92
1503101,1,202402,497.5,12.18,6059.55
1503101,1,202403,493.6,15.09,7448.42
1503101,1,202404,574.3,16.2,9303.66
1503101,1,202405,536.4,14.33,7686.61
1503101,1,202406,703.0,12.0,8436.0
1503101,1,202407,814.1,12.45,10135.54
1503101,1,202408,728.8,10.33,7528.5
1503101,1,202409,686.6,9.55,6557.03
1503101,1,202410,1016.8,9.84,10005.31
1503101,1,202411,1211.8,10.0,12118.0
1503101,1,202412,1042.8,10.54,10991.11
1503101,2,202201,82.2,35.7,2934.54
1503101,2,202202,68.1,36.01,2452.28
1503101,2,202203,72.4,42.24,3058.18
1503101,2,202204,72.0,39.18,2820.96
1503101,2,202205,79.9,44.66,3568.33
1503101,2,202206,73.7,47.14,3474.22
1503101,2,202207,54.5,49.49,2697.2
1503101,2,202208,58.7,49.42,2900.95
1503101,2,202209,59.4,45.79,2719.93
1503101,2,202210,57.0,40.41,2303.37
1503101,2,202211,53.0,45.88,2431.64
1503101,2,202212,79.7,38.59,3075.62
1503101,2,202301,100.8,35.42,3570.34
1503101,2,202302,115.7,38.83,4492.63
1503101,2,202303,94.7,39.71,3760.54
1503101,2,202304,92.1,42.96,3956.62
1503101,2,202305,64.0,47.25,3024.0
1503101,2,202306,52.6,45.88,2413.29
1503101,2,202307,55.4,48.33,2677.48
1503101,2,202308,60.9,50.58,3080.32
1503101,2,202309,48.4,52.61,2546.32
1503101,2,202310,50.4,43.25,2179.8
1503101,2,202311,62.7,44.98,2820.25
1503101,2,202312,95.7,43.31,4144.77
1503101,2,202401,91.2,42.22,3850.46
1503101,2,202402,103.2,40.87,4217.78
1503101,2,202403,107.5,42.58,4577.35
1503101,2,202404,94.0,37.42,3517.48
1503101,2,202405,88.9,50.31,4472.56
1503101,2,202406,61.3,50.72,3109.14
1503101,2,202407,54.7,56.06,3066.48
1503101,2,202408,76.1,50.33,3830.11
1503101,2,202409,99.3,48.03,4769.38
1503101,2,202410,111.3,54.55,6071.42
1503101,2,202411,134.1,44.31,5941.97
1503101,2,202412,93.3,42.27,3943.79
1503101,3,202201,8.7,95.25,828.68
1503101,3,202202,8.7,101.67,884.53
1503101,3,202203,10.2,99.51,1015.0
1503101,3,202204,8.6,87.5,752.5
1503101,3,202205,9.4,86.48,812.91
1503101,3,202206,9.8,83.3,816.34
1503101,3,202207,8.7,74.99,652.41
1503101,3,202208,8.2,83.89,687.9
1503101,3,202209,9.5,88.82,843.79
1503101,3,202210,10.2,86.21,879.34
1503101,3,202211,8.8,84.47,743.34
1503101,3,202212,9.2,88.86,817.51
1503101,3,202301,8.2,96.86,794.25
1503101,3,202302,11.1,103.11,1144.52
1503101,3,202303,10.5,97.57,1024.48
1503101,3,202304,13.1,99.52,1303.71
1503101,3,202305,9.3,93.22,866.95
1503101,3,202306,11.1,91.87,1019.76
1503101,3,202307,13.0,84.66,1100.58
1503101,3,202308,12.5,85.02,1062.75
1503101,3,202309,11.2,83.34,933.41
1503101,3,202310,10.9,93.56,1019.8
1503101,3,202311,12.2,92.25,1125.45
1503101,3,202312,9.1,80.54,732.91
1503101,3,202401,10.6,104.74,1110.24
1503101,3,202402,11.0,108.17,1189.87
1503101,3,202403,10.4,98.18,1021.07
1503101,3,202404,10.4,102.55,1066.52
1503101,3,202405,11.3,96.19,1086.95
1503101,3,202406,16.2,84.81,1373.92
1503101,3,202407,16.0,101.6,1625.6
1503101,3,202408,12.5,90.44,1130.5
1503101,3,202409,11.6,93.08,1079.73
1503101,3,202410,9.5,91.39,868.2
1503101,3,202411,7.2,95.77,689.54
1503101,3,202412,6.8,100.93,686.32
1503200,1,202201,768.9,11.32,8703.95
1503200,1,202202,596.7,12.27,7321.51
1503200,1,202203,442.2,13.88,6137.74
1503200,1,202204,438.6,14.07,6171.1
1503200,1,202205,531.8,12.55,6674.09
1503200,1,202206,602.0,11.69,7037.38
1503200,1,202207,573.8,11.74,6736.41
1503200,1,202208,922.8,9.88,9117.26
1503200,1,202209,643.1,9.55,6141.6
1503200,1,202210,760.6,9.44,7180.06
1503200,1,202211,757.5,8.82,6681.15
1503200,1,202212,786.5,9.59,7542.54
1503200,1,202301,790.3,12.98,10258.09
1503200,1,202302,817.4,13.43,10977.68
1503200,1,202303,586.3,13.82,8102.67
1503200,1,202304,626.3,13.79,8636.68
1503200,1,202305,655.8,13.75,9017.25
1503200,1,202306,529.4,12.43,6580.44
1503200,1,202307,985.7,12.48,12301.54
1503200,1,202308,842.9,10.28,8665.01
1503200,1,202309,1099.1,10.32,11342.71
1503200,1,202310,1246.2,9.24,11514.89
1503200,1,202311,1223.2,9.27,11339.06
1503200,1,202312,954.5,10.46,9984.07
1503200,1,202401,952.9,10.85,10338.96
1503200,1,202402,576.5,13.59,7834.64
1503200,1,202403,546.2,14.5,7919.9
1503200,1,202404,499.0,15.6,7784.4
1503200,1,202405,500.0,13.31,6655.0
1503200,1,202406,676.3,14.49,9799.59
1503200,1,202407,1006.7,12.89,12976.36
1503200,1,202408,1063.2,11.79,12535.13
1503200,1,202409,1378.6,10.1,13923.86
1503200,1,202410,1373.1,10.29,14129.2
1503200,1,202411,1074.3,9.41,10109.16
1503200,1,202412,942.2,11.48,10816.46
1503200,2,202201,132.8,35.94,4772.83
1503200,2,202202,158.3,37.9,5999.57
1503200,2,202203,143.2,37.12,5315.58
1503200,2,202204,100.0,42.81,4281.0
1503200,2,202205,103.3,46.67,4821.01
1503200,2,202206,100.6,47.72,4800.63
1503200,2,202207,61.8,49.03,3030.05
1503200,2,202208,84.5,53.32,4505.54
1503200,2,202209,53.4,50.51,2697.23
1503200,2,202210,82.1,51.95,4265.1
1503200,2,202211,84.6,49.17,4159.78
1503200,2,202212,115.5,43.76,5054.28
1503200,2,202301,136.8,41.2,5636.16
1503200,2,202302,134.5,43.58,5861.51
1503200,2,202303,138.1,41.21,5691.1
1503200,2,202304,118.7,42.27,5017.45
1503200,2,202305,117.0,45.25,5294.25
1503200,2,202306,144.0,48.57,6994.08
1503200,2,202307,85.2,52.86,4503.67
1503200,2,202308,45.6,55.08,2511.65
1503200,2,202309,54.6,49.27,2690.14
1503200,2,202310,64.6,49.19,3177.67
1503200,2,202311,78.3,47.3,3703.59
1503200,2,202312,83.8,44.71,3746.7
1503200,2,202401,122.9,42.23,5190.07
1503200,2,202402,101.0,41.82,4223.82
1503200,2,202403,118.6,39.75,4714.35
1503200,2,202404,126.0,42.95,5411.7
1503200,2,202405,115.1,48.45,5576.6
1503200,2,202406,107.2,53.6,5745.92
1503200,2,202407,109.9,55.55,6104.94
1503200,2,202408,97.2,53.57,5207.0
1503200,2,202409,88.8,54.27,4819.18
1503200,2,202410,105.1,56.35,5922.38
1503200,2,202411,127.5,49.94,6367.35
1503200,2,202412,158.9,44.59,7085.35
1503200,3,202201,12.7,93.25,1184.27
1503200,3,202202,12.9,87.54,1129.27
1503200,3,202203,12.6,97.66,1230.52
1503200,3,202204,11.4,95.7,1090.98
1503200,3,202205,9.9,100.73,997.23
1503200,3,202206,12.8,87.38,1118.46
1503200,3,202207,14.0,86.11,1205.54
1503200,3,202208,12.2,86.65,1057.13
1503200,3,202209,9.7,89.79,870.96
1503200,3,202210,7.6,91.58,696.01
1503200,3,202211,8.5,91.45,777.32
1503200,3,202212,8.5,92.55,786.68
1503200,3,202301,10.9,102.7,1119.43
1503200,3,202302,12.4,98.85,1225.74
1503200,3,202303,11.5,92.32,1061.68
1503200,3,202304,11.1,89.44,992.78
1503200,3,202305,9.3,92.24,857.83
1503200,3,202306,12.6,91.34,1150.88
1503200,3,202307,12.6,100.41,1265.17
1503200,3,202308,14.0,87.46,1224.44
1503200,3,202309,16.2,88.94,1440.83
1503200,3,202310,12.6,88.97,1121.02
1503200,3,202311,10.1,96.54,975.05
1503200,3,202312,15.6,97.77,1525.21
1503200,3,202401,14.5,99.04,1436.08
1503200,3,202402,11.9,97.95,1165.6
1503200,3,202403,14.3,100.21,1433.0
1503200,3,202404,12.4,95.98,1190.15
1503200,3,202405,13.2,96.08,1268.26
1503200,3,202406,11.9,94.95,1129.9
1503200,3,202407,12.4,89.87,1114.39
1503200,3,202408,12.1,98.26,1188.95
1503200,3,202409,10.7,97.65,1044.86
1503200,3,202410,11.6,93.21,1081.24
1503200,3,202411,10.1,92.63,935.56
1503200,3,202412,11.4,99.97,1139.66
1503309,1,202201,1099.9,11.42,12560.86
1503309,1,202202,852.9,11.88,10132.45
1503309,1,202203,878.3,12.95,11373.98
1503309,1,202204,794.6,13.03,10353.64
1503309,1,202205,1002.8,13.23,13267.04
1503309,1,202206,861.5,11.46,9872.79
1503309,1,202207,820.5,10.21,8377.3
1503309,1,202208,1607.2,9.3,14946.96
1503309,1,202209,2266.6,8.82,19991.41
1503309,1,202210,1905.5,8.38,15968.09
1503309,1,202211,1926.2,9.1,17528.42
1503309,1,202212,2112.3,10.25,21651.08
1503309,1,202301,1816.2,10.64,19324.37
1503309,1,202302,1477.1,11.9,17577.49
1503309,1,202303,1514.6,12.28,18599.29
1503309,1,202304,1142.4,14.96,17090.3
1503309,1,202305,1194.6,13.4,16007.64
1503309,1,202306,1346.3,12.64,17017.23
1503309,1,202307,1526.6,10.44,15937.7
1503309,1,202308,1731.6,9.99,17298.68
1503309,1,202309,2080.7,9.37,19496.16
1503309,1,202310,2242.7,8.71,19533.92
1503309,1,202311,1793.9,9.64,17293.2
1503309,1,202312,1984.1,11.22,22261.6
1503309,1,202401,1384.0,11.08,15334.72
1503309,1,202402,1196.6,12.2,14598.52
1503309,1,202403,1058.5,13.14,13908.69
1503309,1,202404,1141.7,15.23,17388.09
1503309,1,202405,825.9,14.46,11942.51
1503309,1,202406,1294.2,12.75,16501.05
1503309,1,202407,1411.9,11.64,16434.52
1503309,1,202408,2248.6,9.98,22441.03
1503309,1,202409,2244.9,9.94,22314.31
1503309,1,202410,2355.2,9.0,21196.8
1503309,1,202411,3206.9,9.38,30080.72
1503309,1,202412,2358.0,10.72,25277.76
1503309,2,202201,123.4,37.67,4648.48
1503309,2,202202,135.0,38.93,5255.55
1503309,2,202203,142.0,36.49,5181.58
1503309,2,202204,143.9,43.29,6229.43
1503309,2,202205,131.1,47.42,6216.76
1503309,2,202206,103.1,47.98,4946.74
1503309,2,202207,85.7,48.92,4192.44
1503309,2,202208,124.5,46.1,5739.45
1503309,2,202209,103.0,52.96,5454.88
1503309,2,202210,86.6,53.47,4630.5
1503309,2,202211,78.8,49.23,3879.32
1503309,2,202212,98.8,41.22,4072.54
1503309,2,202301,145.5,38.56,5610.48
1503309,2,202302,136.9,41.48,5678.61
1503309,2,202303,181.4,40.46,7339.44
1503309,2,202304,153.3,44.34,6797.32
1503309,2,202305,158.3,47.51,7520.83
1503309,2,202306,109.8,50.54,5549.29
1503309,2,202307,87.1,55.67,4848.86
1503309,2,202308,90.2,56.77,5120.65
1503309,2,202309,104.4,51.52,5378.69
1503309,2,202310,108.8,48.04,5226.75
1503309,2,202311,130.5,41.3,5389.65
1503309,2,202312,161.7,42.55,6880.33
1503309,2,202401,130.4,40.04,5221.22
1503309,2,202402,136.5,42.18,5757.57
1503309,2,202403,129.0,41.58,5363.82
1503309,2,202404,117.3,44.45,5213.99
1503309,2,202405,121.1,50.61,6128.87
1503309,2,202406,99.9,53.29,5323.67
1503309,2,202407,66.9,54.59,3652.07
1503309,2,202408,74.0,60.81,4499.94
1503309,2,202409,71.6,56.98,4079.77
1503309,2,202410,100.0,51.17,5117.0
1503309,2,202411,138.8,47.71,6622.15
1503309,2,202412,104.1,46.76,4867.72
1503309,3,202201,18.4,88.37,1626.01
1503309,3,202202,17.0,96.53,1641.01
1503309,3,202203,14.8,89.82,1329.34
1503309,3,202204,17.0,87.45,1486.65
1503309,3,202205,17.8,91.32,1625.5
1503309,3,202206,19.0,85.54,1625.26
1503309,3,202207,21.3,86.93,1851.61
1503309,3,202208,21.9,86.23,1888.44
1503309,3,202209,22.4,79.44,1779.46
1503309,3,202210,20.4,90.59,1848.04
1503309,3,202211,21.5,91.29,1962.74
1503309,3,202212,17.9,90.02,1611.36
1503309,3,202301,14.9,97.8,1457.22
1503309,3,202302,14.0,103.11,1443.54
1503309,3,202303,14.4,96.9,1395.36
1503309,3,202304,13.5,107.16,1446.66
1503309,3,202305,12.4,100.84,1250.42
1503309,3,202306,17.9,91.32,1634.63
1503309,3,202307,25.9,87.73,2272.21
1503309,3,202308,28.2,87.18,2458.48
1503309,3,202309,24.1,86.11,2075.25
1503309,3,202310,17.1,91.36,1562.26
1503309,3,202311,19.1,96.87,1850.22
1503309,3,202312,14.5,90.12,1306.74
1503309,3,202401,16.1,105.59,1700.0
1503309,3,202402,15.2,107.96,1640.99
1503309,3,202403,11.5,105.22,1210.03
1503309,3,202404,19.8,99.47,1969.51
1503309,3,202405,17.3,99.81,1726.71
1503309,3,202406,19.1,100.61,1921.65
1503309,3,202407,21.3,91.88,1957.04
1503309,3,202408,21.2,91.48,1939.38
1503309,3,202409,24.6,102.52,2521.99
1503309,3,202410,21.1,95.74,2020.11
1503309,3,202411,22.9,92.43,2116.65
1503309,3,202412,23.3,104.58,2436.71
1503408,1,202201,351.2,10.13,3557.66
1503408,1,202202,301.6,11.62,3504.59
1503408,1,202203,310.4,11.65,3616.16
1503408,1,202204,379.9,13.81,5246.42
1503408,1,202205,382.5,12.38,4735.35
1503408,1,202206,442.2,11.65,5151.63
1503408,1,202207,445.0,11.26,5010.7
1503408,1,202208,437.9,9.73,4260.77
1503408,1,202209,568.1,8.24,4681.14
1503408,1,202210,591.8,8.04,4758.07
1503408,1,202211,423.1,8.82,3731.74
1503408,1,202212,381.8,9.12,3482.02
1503408,1,202301,341.5,9.83,3356.94
1503408,1,202302,275.8,12.04,3320.63
1503408,1,202303,339.9,11.99,4075.4
1503408,1,202304,332.0,14.34,4760.88
1503408,1,202305,415.2,13.03,5410.06
1503408,1,202306,430.4,11.54,4966.82
1503408,1,202307,470.3,10.55,4961.67
1503408,1,202308,443.6,8.9,3948.04
1503408,1,202309,520.8,8.46,4405.97
1503408,1,202310,557.6,9.08,5063.01
1503408,1,202311,421.0,10.0,4210.0
1503408,1,202312,374.2,10.14,3794.39
1503408,1,202401,331.9,11.26,3737.19
1503408,1,202402,327.7,12.23,4007.77
1503408,1,202403,321.1,12.74,4090.81
1503408,1,202404,271.3,15.17,4115.62
1503408,1,202405,319.9,13.24,4235.48
1503408,1,202406,347.7,13.89,4829.55
1503408,1,202407,249.0,12.12,3017.88
1503408,1,202408,336.3,9.28,3120.86
1503408,1,202409,547.1,8.95,4896.54
1503408,1,202410,433.3,8.64,3743.71
1503408,1,202411,483.5,9.21,4453.04
1503408,1,202412,610.1,10.09,6155.91
1503408,2,202201,38.6,35.24,1360.26
1503408,2,202202,51.0,32.33,1648.83
1503408,2,202203,61.1,37.77,2307.75
1503408,2,202204,62.7,40.36,2530.57
1503408,2,202205,63.4,41.69,2643.15
1503408,2,202206,66.9,46.69,3123.56
1503408,2,202207,64.0,46.8,2995.2
1503408,2,202208,49.7,51.12,2540.66
1503408,2,202209,40.9,50.04,2046.64
1503408,2,202210,29.2,41.74,1218.81
1503408,2,202211,35.7,39.31,1403.37
1503408,2,202212,46.5,43.15,2006.48
1503408,2,202301,50.6,40.05,2026.53
1503408,2,202302,37.0,35.06,1297.22
1503408,2,202303,38.8,35.34,1371.19
1503408,2,202304,44.1,41.06,1810.75
1503408,2,202305,32.9,41.5,1365.35
1503408,2,202306,32.6,46.49,1515.57
1503408,2,202307,33.5,49.52,1658.92
1503408,2,202308,39.4,50.3,1981.82
1503408,2,202309,51.1,52.52,2683.77
1503408,2,202310,44.1,51.77,2283.06
1503408,2,202311,48.0,42.9,2059.2
1503408,2,202312,53.5,38.41,2054.94
1503408,2,202401,63.3,40.38,2556.05
1503408,2,202402,67.0,41.98,2812.66
1503408,2,202403,77.2,38.81,2996.13
1503408,2,202404,39.9,43.93,1752.81
1503408,2,202405,41.1,43.65,1794.02
1503408,2,202406,40.4,48.98,1978.79
1503408,2,202407,34.6,48.53,1679.14
1503408,2,202408,22.4,52.37,1173.09
1503408,2,202409,27.0,51.13,1380.51
1503408,2,202410,29.0,50.44,1462.76
1503408,2,202411,50.0,49.75,2487.5
1503408,2,202412,57.7,41.29,2382.43
1503408,3,202201,3.9,88.85,346.52
1503408,3,202202,3.3,95.6,315.48
1503408,3,202203,3.9,92.14,359.35
1503408,3,202204,4.2,92.72,389.42
1503408,3,202205,3.7,92.48,342.18
1503408,3,202206,4.2,94.76,397.99
1503408,3,202207,4.6,85.24,392.1
1503408,3,202208,4.9,92.63,453.89
1503408,3,202209,5.5,87.07,478.88
1503408,3,202210,3.8,90.36,343.37
1503408,3,202211,3.4,94.87,322.56
1503408,3,202212,3.4,96.1,326.74
1503408,3,202301,4.8,94.59,454.03
1503408,3,202302,7.1,104.74,743.65
1503408,3,202303,6.1,96.64,589.5
1503408,3,202304,5.7,97.87,557.86
1503408,3,202305,3.6,94.22,339.19
1503408,3,202306,5.1,96.14,490.31
1503408,3,202307,5.9,90.5,533.95
1503408,3,202308,6.2,82.09,508.96
1503408,3,202309,4.7,98.52,463.04
1503408,3,202310,7.0,94.66,662.62
1503408,3,202311,7.9,91.06,719.37
1503408,3,202312,6.7,91.08,610.24
1503408,3,202401,6.9,107.22,739.82
1503408,3,202402,6.0,97.91,587.46
1503408,3,202403,6.4,106.43,681.15
1503408,3,202404,4.7,105.61,496.37
1503408,3,202405,3.4,94.09,319.91
1503408,3,202406,3.4,90.86,308.92
1503408,3,202407,3.8,90.01,342.04
1503408,3,202408,4.1,86.96,356.54
1503408,3,202409,5.1,93.21,475.37
1503408,3,202410,5.0,96.06,480.3
1503408,3,202411,5.0,100.8,504.0
1503408,3,202412,4.0,96.03,384.12
1503457,1,202201,954.3,12.57,11995.55
1503457,1,202202,905.9,12.01,10879.86
1503457,1,202203,921.5,15.18,13988.37
1503457,1,202204,859.7,14.81,12732.16
1503457,1,202205,908.5,14.92,13554.82
1503457,1,202206,844.4,13.52,11416.29
1503457,1,202207,1098.6,12.03,13216.16
1503457,1,202208,1486.6,10.59,15743.09
1503457,1,202209,1767.7,10.0,17677.0
1503457,1,202210,1991.6,9.33,18581.63
1503457,1,202211,2313.5,10.25,23713.38
1503457,1,202212,2105.9,9.92,20890.53
1503457,1,202301,1546.5,12.15,18789.98
1503457,1,202302,959.6,15.27,14653.09
1503457,1,202303,781.8,14.3,11179.74
1503457,1,202304,764.1,14.92,11400.37
1503457,1,202305,886.0,14.11,12501.46
1503457,1,202306,939.7,14.02,13174.59
1503457,1,202307,990.6,12.03,11916.92
1503457,1,202308,1049.7,11.07,11620.18
1503457,1,202309,1025.0,10.65,10916.25
1503457,1,202310,1267.4,9.52,12065.65
1503457,1,202311,1071.2,10.62,11376.14
1503457,1,202312,955.0,11.64,11116.2
1503457,1,202401,902.9,13.66,12333.61
1503457,1,202402,688.2,14.42,9923.84
1503457,1,202403,779.3,18.01,14035.19
1503457,1,202404,924.8,16.53,15286.94
1503457,1,202405,877.3,15.57,13659.56
1503457,1,202406,960.2,13.71,13164.34
1503457,1,202407,1334.7,12.9,17217.63
1503457,1,202408,1394.8,12.46,17379.21
1503457,1,202409,1450.0,11.55,16747.5
1503457,1,202410,2060.1,11.02,22702.3
1503457,1,202411,2234.3,11.03,24644.33
1503457,1,202412,2020.7,10.89,22005.42
1503457,2,202201,58.4,41.24,2408.42
1503457,2,202202,64.9,36.89,2394.16
1503457,2,202203,64.5,35.84,2311.68
1503457,2,202204,56.2,40.2,2259.24
1503457,2,202205,65.0,41.66,2707.9
1503457,2,202206,53.0,49.2,2607.6
1503457,2,202207,44.2,48.97,2164.47
1503457,2,202208,35.9,54.36,1951.52
1503457,2,202209,28.2,53.36,1504.75
1503457,2,202210,38.1,46.19,1759.84
1503457,2,202211,48.3,43.22,2087.53
1503457,2,202212,46.3,42.75,1979.32
1503457,2,202301,55.3,42.77,2365.18
1503457,2,202302,59.2,35.97,2129.42
1503457,2,202303,53.7,41.3,2217.81
1503457,2,202304,45.8,38.79,1776.58
1503457,2,202305,48.2,45.53,2194.55
1503457,2,202306,42.3,53.14,2247.82
1503457,2,202307,36.1,61.47,2219.07
1503457,2,202308,32.0,53.18,1701.76
1503457,2,202309,35.9,49.68,1783.51
1503457,2,202310,50.0,49.03,2451.5
1503457,2,202311,57.6,46.95,2704.32
1503457,2,202312,60.9,41.86,2549.27
1503457,2,202401,70.8,40.38,2858.9
1503457,2,202402,91.9,40.44,3716.44
1503457,2,202403,87.1,43.13,3756.62
1503457,2,202404,75.5,44.58,3365.79
1503457,2,202405,69.3,46.5,3222.45
1503457,2,202406,54.3,50.52,2743.24
1503457,2,202407,49.2,53.79,2646.47
1503457,2,202408,42.0,53.17,2233.14
1503457,2,202409,33.4,53.01,1770.53
1503457,2,202410,44.0,53.95,2373.8
1503457,2,202411,55.8,48.04,2680.63
1503457,2,202412,60.4,41.18,2487.27
1503457,3,202201,9.9,103.84,1028.02
1503457,3,202202,12.3,108.43,1333.69
1503457,3,202203,9.4,86.74,815.36
1503457,3,202204,14.3,92.92,1328.76
1503457,3,202205,13.0,96.39,1253.07
1503457,3,202206,15.3,91.4,1398.42
1503457,3,202207,17.3,92.78,1605.09
1503457,3,202208,13.0,86.19,1120.47
1503457,3,202209,15.7,77.08,1210.16
1503457,3,202210,13.4,93.18,1248.61
1503457,3,202211,12.3,92.91,1142.79
1503457,3,202212,10.8,99.75,1077.3
1503457,3,202301,15.0,91.19,1367.85
1503457,3,202302,11.2,93.36,1045.63
1503457,3,202303,12.8,98.54,1261.31
1503457,3,202304,11.8,103.05,1215.99
1503457,3,202305,15.8,101.45,1602.91
1503457,3,202306,24.0,87.56,2101.44
1503457,3,202307,18.3,86.95,1591.19
1503457,3,202308,17.7,101.57,1797.79
1503457,3,202309,15.5,86.32,1337.96
1503457,3,202310,18.0,93.91,1690.38
1503457,3,202311,15.2,91.51,1390.95
1503457,3,202312,16.6,98.72,1638.75
1503457,3,202401,13.8,97.92,1351.3
1503457,3,202402,20.0,98.8,1976.0
1503457,3,202403,11.5,100.37,1154.26
1503457,3,202404,13.6,97.42,1324.91
1503457,3,202405,14.4,95.73,1378.51
1503457,3,202406,15.1,96.8,1461.68
1503457,3,202407,16.6,101.28,1681.25
1503457,3,202408,16.8,88.71,1490.33
1503457,3,202409,17.1,87.71,1499.84
1503457,3,202410,17.4,94.33,1641.34
1503457,3,202411,21.8,93.15,2030.67
1503457,3,202412,10.8,92.26,996.41
1503507,1,202201,772.9,12.35,9545.31
1503507,1,202202,545.1,12.15,6622.96
1503507,1,202203,590.4,13.91,8212.46
1503507,1,202204,672.8,12.75,8578.2
1503507,1,202205,841.3,12.9,10852.77
1503507,1,202206,989.9,12.47,12344.05
1503507,1,202207,1213.4,11.16,13541.54
1503507,1,202208,1121.2,9.42,10561.7
1503507,1,202209,1284.0,8.59,11029.56
1503507,1,202210,1052.0,9.08,9552.16
1503507,1,202211,793.3,9.5,7536.35
1503507,1,202212,994.7,10.56,10504.03
1503507,1,202301,787.8,12.47,9823.87
1503507,1,202302,859.1,12.67,10884.8
1503507,1,202303,924.0,13.25,12243.0
1503507,1,202304,730.1,14.74,10761.67
1503507,1,202305,850.9,13.95,11870.05
1503507,1,202306,824.2,11.98,9873.92
1503507,1,202307,721.9,10.82,7810.96
1503507,1,202308,1021.0,10.45,10669.45
1503507,1,202309,1157.9,9.24,10699.0
1503507,1,202310,1220.6,8.99,10973.19
1503507,1,202311,1808.2,9.83,17774.61
1503507,1,202312,1104.8,10.59,11699.83
1503507,1,202401,1056.2,12.62,13329.24
1503507,1,202402,747.7,11.85,8860.25
1503507,1,202403,837.9,14.14,11847.91
1503507,1,202404,829.7,14.8,12279.56
1503507,1,202405,903.6,12.93,11683.55
1503507,1,202406,829.6,12.63,10477.85
1503507,1,202407,899.4,11.33,10190.2
1503507,1,202408,1375.5,10.58,14552.79
1503507,1,202409,2117.7,10.48,22193.5
1503507,1,202410,2114.1,10.32,21817.51
1503507,1,202411,1531.5,9.28,14212.32
1503507,1,202412,1429.2,10.85,15506.82
1503507,2,202201,121.6,41.98,5104.77
1503507,2,202202,95.5,38.89,3714.0
1503507,2,202203,94.2,44.98,4237.12
1503507,2,202204,80.7,41.11,3317.58
1503507,2,202205,89.5,47.54,4254.83
1503507,2,202206,75.1,47.43,3561.99
1503507,2,202207,70.3,53.19,3739.26
1503507,2,202208,67.7,51.11,3460.15
1503507,2,202209,55.5,52.03,2887.66
1503507,2,202210,89.0,54.52,4852.28
1503507,2,202211,111.0,47.19,5238.09
1503507,2,202212,103.6,42.63,4416.47
1503507,2,202301,119.9,39.17,4696.48
1503507,2,202302,147.7,40.16,5931.63
1503507,2,202303,134.7,38.72,5215.58
1503507,2,202304,155.7,45.25,7045.42
1503507,2,202305,202.7,48.86,9903.92
1503507,2,202306,130.8,49.86,6521.69
1503507,2,202307,91.3,57.47,5247.01
1503507,2,202308,70.0,58.08,4065.6
1503507,2,202309,50.6,53.28,2695.97
1503507,2,202310,83.5,51.75,4321.12
1503507,2,202311,90.8,45.44,4125.95
1503507,2,202312,125.5,42.7,5358.85
1503507,2,202401,160.9,40.07,6447.26
1503507,2,202402,124.2,40.33,5008.99
1503507,2,202403,103.7,42.07,4362.66
1503507,2,202404,140.5,41.37,5812.48
1503507,2,202405,113.5,50.02,5677.27
1503507,2,202406,85.6,54.98,4706.29
1503507,2,202407,66.4,54.89,3644.7
1503507,2,202408,68.7,48.84,3355.31
1503507,2,202409,99.7,54.22,5405.73
1503507,2,202410,115.7,48.73,5638.06
1503507,2,202411,124.1,47.14,5850.07
1503507,2,202412,175.5,48.34,8483.67
1503507,3,202201,12.8,96.88,1240.06
1503507,3,202202,13.0,92.69,1204.97
1503507,3,202203,9.2,94.8,872.16
1503507,3,202204,9.8,95.25,933.45
1503507,3,202205,9.0,87.07,783.63
1503507,3,202206,11.3,93.85,1060.51
1503507,3,202207,13.4,85.24,1142.22
1503507,3,202208,14.8,91.64,1356.27
1503507,3,202209,13.3,79.59,1058.55
1503507,3,202210,11.7,90.2,1055.34
1503507,3,202211,11.9,86.08,1024.35
1503507,3,202212,13.1,89.81,1176.51
1503507,3,202301,11.6,103.02,1195.03
1503507,3,202302,10.2,98.09,1000.52
1503507,3,202303,9.8,112.12,1098.78
1503507,3,202304,10.3,98.94,1019.08
1503507,3,202305,11.3,90.4,1021.52
1503507,3,202306,10.9,93.18,1015.66
1503507,3,202307,12.0,87.69,1052.28
1503507,3,202308,17.2,91.72,1577.58
1503507,3,202309,15.9,87.43,1390.14
1503507,3,202310,12.4,92.66,1148.98
1503507,3,202311,8.7,94.53,822.41
1503507,3,202312,14.4,96.79,1393.78
1503507,3,202401,17.1,107.72,1842.01
1503507,3,202402,16.4,94.15,1544.06
1503507,3,202403,19.2,102.75,1972.8
1503507,3,202404,19.4,96.67,1875.4
1503507,3,202405,18.0,90.86,1635.48
1503507,3,202406,14.3,90.42,1293.01
1503507,3,202407,22.1,89.34,1974.41
1503507,3,202408,18.7,90.3,1688.61
1503507,3,202409,16.8,93.72,1574.5
1503507,3,202410,16.5,96.88,1598.52
1503507,3,202411,15.9,95.23,1514.16
1503507,3,202412,16.8,108.37,1820.62
1503606,1,202201,2833.8,11.3,32021.94
1503606,1,202202,2496.0,14.06,35093.76
1503606,1,202203,2225.4,13.73,30554.74
1503606,1,202204,2750.6,15.37,42276.72
1503606,1,202205,3035.4,14.26,43284.8
1503606,1,202206,2415.3,13.04,31495.51
1503606,1,202207,3249.7,11.58,37631.53
1503606,1,202208,4244.6,10.08,42785.57
1503606,1,202209,4603.3,9.54,43915.48
1503606,1,202210,5441.7,9.6,52240.32
1503606,1,202211,4717.7,9.5,44818.15
1503606,1,202212,3933.7,10.23,40241.75
1503606,1,202301,3333.0,11.74,39129.42
1503606,1,202302,1856.3,13.8,25616.94
1503606,1,202303,1812.6,14.94,27080.24
1503606,1,202304,1659.1,13.91,23078.08
1503606,1,202305,1547.5,13.59,21030.52
1503606,1,202306,2633.1,13.39,35257.21
1503606,1,202307,3385.5,12.83,43435.96
1503606,1,202308,3841.5,11.27,43293.7
1503606,1,202309,3858.0,9.14,35262.12
1503606,1,202310,4390.3,9.27,40698.08
1503606,1,202311,4996.5,9.28,46367.52
1503606,1,202312,3527.9,10.5,37042.95
1503606,1,202401,3014.4,13.38,40332.67
1503606,1,202402,2997.6,12.7,38069.52
1503606,1,202403,1765.3,13.45,23743.28
1503606,1,202404,1859.6,14.33,26648.07
1503606,1,202405,1937.4,14.8,28673.52
1503606,1,202406,2318.2,14.07,32617.07
1503606,1,202407,2669.9,12.62,33694.14
1503606,1,202408,3502.6,11.72,41050.47
1503606,1,202409,5827.9,9.25,53908.08
1503606,1,202410,5130.9,10.35,53104.81
1503606,1,202411,4934.8,9.94,49051.91
1503606,1,202412,5936.8,11.46,68035.73
1503606,2,202201,172.8,36.74,6348.67
1503606,2,202202,220.9,40.3,8902.27
1503606,2,202203,184.5,39.2,7232.4
1503606,2,202204,152.3,39.26,5979.3
1503606,2,202205,210.3,46.18,9711.65
1503606,2,202206,180.6,46.31,8363.59
1503606,2,202207,179.4,48.2,8647.08
1503606,2,202208,169.0,52.84,8929.96
1503606,2,202209,162.3,43.91,7126.59
1503606,2,202210,207.8,49.0,10182.2
1503606,2,202211,290.6,42.4,12321.44
1503606,2,202212,196.2,39.21,7693.0
1503606,2,202301,212.3,43.85,9309.36
1503606,2,202302,218.0,37.82,8244.76
1503606,2,202303,196.1,41.7,8177.37
1503606,2,202304,221.3,42.86,9484.92
1503606,2,202305,195.0,46.57,9081.15
1503606,2,202306,232.6,48.51,11283.43
1503606,2,202307,219.5,50.85,11161.58
1503606,2,202308,227.6,56.72,12909.47
1503606,2,202309,154.9,54.09,8378.54
1503606,2,202310,142.0,47.91,6803.22
1503606,2,202311,147.0,43.36,6373.92
1503606,2,202312,228.4,41.05,9375.82
1503606,2,202401,200.7,43.36,8702.35
1503606,2,202402,183.0,42.78,7828.74
1503606,2,202403,159.0,42.45,6749.55
1503606,2,202404,273.9,40.48,11087.47
1503606,2,202405,210.4,49.27,10366.41
1503606,2,202406,193.2,54.44,10517.81
1503606,2,202407,133.9,54.08,7241.31
1503606,2,202408,160.4,60.24,9662.5
1503606,2,202409,115.6,50.19,5801.96
1503606,2,202410,117.8,52.78,6217.48
1503606,2,202411,133.9,45.09,6037.55
1503606,2,202412,180.6,46.28,8358.17
1503606,3,202201,21.6,93.83,2026.73
1503606,3,202202,23.1,95.76,2212.06
1503606,3,202203,26.4,87.97,2322.41
1503606,3,202204,16.2,101.3,1641.06
1503606,3,202205,28.0,88.32,2472.96
1503606,3,202206,31.4,90.81,2851.43
1503606,3,202207,28.0,91.53,2562.84
1503606,3,202208,26.9,79.85,2147.96
1503606,3,202209,35.1,85.87,3014.04
1503606,3,202210,40.9,88.52,3620.47
1503606,3,202211,33.2,88.85,2949.82
1503606,3,202212,25.3,97.1,2456.63
1503606,3,202301,28.0,95.23,2666.44
1503606,3,202302,31.0,99.49,3084.19
1503606,3,202303,35.3,96.65,3411.74
1503606,3,202304,32.1,108.3,3476.43
1503606,3,202305,33.9,90.55,3069.64
1503606,3,202306,36.6,94.24,3449.18
1503606,3,202307,45.9,97.08,4455.97
1503606,3,202308,55.7,84.04,4681.03
1503606,3,202309,64.4,89.16,5741.9
1503606,3,202310,64.9,86.42,5608.66
1503606,3,202311,69.5,84.64,5882.48
1503606,3,202312,61.6,92.7,5710.32
1503606,3,202401,42.8,99.38,4253.46
1503606,3,202402,50.8,100.43,5101.84
1503606,3,202403,34.2,100.73,3444.97
1503606,3,202404,54.4,100.15,5448.16
1503606,3,202405,40.6,91.55,3716.93
1503606,3,202406,48.7,95.96,4673.25
1503606,3,202407,60.6,97.91,5933.35
1503606,3,202408,57.4,97.65,5605.11
1503606,3,202409,34.7,90.96,3156.31
1503606,3,202410,30.4,98.59,2997.14
1503606,3,202411,34.7,93.95,3260.07
1503606,3,202412,38.7,98.41,3808.47
1503705,1,202201,913.8,11.59,10590.94
1503705,1,202202,803.5,12.5,10043.75
1503705,1,202203,859.0,12.52,10754.68
1503705,1,202204,563.5,14.2,8001.7
1503705,1,202205,631.9,13.34,8429.55
1503705,1,202206,613.0,13.25,8122.25
1503705,1,202207,885.5,10.92,9669.66
1503705,1,202208,1245.7,9.35,11647.3
1503705,1,202209,1717.8,9.24,15872.47
1503705,1,202210,1458.7,9.54,13916.0
1503705,1,202211,1598.8,9.33,14916.8
1503705,1,202212,1655.5,10.03,16604.66
1503705,1,202301,897.0,11.26,10100.22
1503705,1,202302,868.6,14.18,12316.75
1503705,1,202303,887.6,13.2,11716.32
1503705,1,202304,745.5,13.72,10228.26
1503705,1,202305,610.7,14.3,8733.01
1503705,1,202306,883.9,11.84,10465.38
1503705,1,202307,829.0,12.53,10387.37
1503705,1,202308,1030.0,10.86,11185.8
1503705,1,202309,1233.0,10.06,12403.98
1503705,1,202310,1529.8,9.55,14609.59
1503705,1,202311,1270.7,9.54,12122.48
1503705,1,202312,1019.7,9.98,10176.61
1503705,1,202401,937.3,12.11,11350.7
1503705,1,202402,978.0,12.83,12547.74
1503705,1,202403,1236.7,14.77,18266.06
1503705,1,202404,742.2,15.36,11400.19
1503705,1,202405,818.9,15.52,12709.33
1503705,1,202406,747.2,13.73,10259.06
1503705,1,202407,1141.5,12.77,14576.96
1503705,1,202408,1111.8,10.75,11951.85
1503705,1,202409,1176.3,9.74,11457.16
1503705,1,202410,1201.2,9.87,11855.84
1503705,1,202411,1239.7,9.79,12136.66
1503705,1,202412,1230.4,11.06,13608.22
1503705,2,202201,274.9,37.35,10267.52
1503705,2,202202,274.3,34.4,9435.92
1503705,2,202203,221.1,36.32,8030.35
1503705,2,202204,178.3,37.55,6695.16
1503705,2,202205,152.9,45.5,6956.95
1503705,2,202206,126.7,47.06,5962.5
1503705,2,202207,155.9,46.08,7183.87
1503705,2,202208,178.3,45.41,8096.6
1503705,2,202209,124.0,47.97,5948.28
1503705,2,202210,141.4,43.91,6208.87
1503705,2,202211,165.1,41.0,6769.1
1503705,2,202212,163.9,36.59,5997.1
1503705,2,202301,207.2,36.0,7459.2
1503705,2,202302,280.9,37.3,10477.57
1503705,2,202303,289.0,37.37,10799.93
1503705,2,202304,297.5,45.61,13568.98
1503705,2,202305,195.0,44.84,8743.8
1503705,2,202306,165.1,44.17,7292.47
1503705,2,202307,127.5,45.55,5807.62
1503705,2,202308,133.8,51.06,6831.83
1503705,2,202309,148.0,48.21,7135.08
1503705,2,202310,189.4,50.01,9471.89
1503705,2,202311,251.6,44.14,11105.62
1503705,2,202312,280.7,36.46,10234.32
1503705,2,202401,229.9,37.43,8605.16
1503705,2,202402,183.5,37.2,6826.2
1503705,2,202403,213.1,40.27,8581.54
1503705,2,202404,259.5,39.73,10309.94
1503705,2,202405,207.2,45.62,9452.46
1503705,2,202406,131.6,45.52,5990.43
1503705,2,202407,189.2,51.17,9681.36
1503705,2,202408,180.7,53.04,9584.33
1503705,2,202409,175.4,55.03,9652.26
1503705,2,202410,145.6,49.27,7173.71
1503705,2,202411,173.2,43.46,7527.27
1503705,2,202412,228.4,45.12,10305.41
1503705,3,202201,15.5,99.63,1544.26
1503705,3,202202,12.6,98.93,1246.52
1503705,3,202203,16.5,99.72,1645.38
1503705,3,202204,14.9,89.89,1339.36
1503705,3,202205,15.2,92.97,1413.14
1503705,3,202206,20.9,85.82,1793.64
1503705,3,202207,23.2,89.64,2079.65
1503705,3,202208,23.0,85.09,1957.07
1503705,3,202209,16.7,88.01,1469.77
1503705,3,202210,14.2,88.58,1257.84
1503705,3,202211,16.6,93.49,1551.93
1503705,3,202212,18.6,89.03,1655.96
1503705,3,202301,18.6,91.02,1692.97
1503705,3,202302,16.4,104.25,1709.7
1503705,3,202303,15.6,105.31,1642.84
1503705,3,202304,17.7,95.85,1696.54
1503705,3,202305,15.1,97.47,1471.8
1503705,3,202306,17.8,83.69,1489.68
1503705,3,202307,15.2,86.02,1307.5
1503705,3,202308,14.6,88.35,1289.91
1503705,3,202309,17.5,81.36,1423.8
1503705,3,202310,20.3,84.11,1707.43
1503705,3,202311,20.8,94.34,1962.27
1503705,3,202312,15.9,93.53,1487.13
1503705,3,202401,11.8,100.49,1185.78
1503705,3,202402,13.9,100.96,1403.34
1503705,3,202403,11.1,95.89,1064.38
1503705,3,202404,16.8,99.03,1663.7
1503705,3,202405,15.4,97.13,1495.8
1503705,3,202406,27.1,91.58,2481.82
1503705,3,202407,21.6,89.87,1941.19
1503705,3,202408,24.2,90.44,2188.65
1503705,3,202409,20.4,96.0,1958.4
1503705,3,202410,19.9,93.84,1867.42
1503705,3,202411,20.3,88.27,1791.88
1503705,3,202412,22.9,94.31,2159.7
1503754,1,202201,416.9,10.67,4448.32
1503754,1,202202,419.9,12.35,5185.76
1503754,1,202203,431.8,13.35,5764.53
1503754,1,202204,323.6,13.67,4423.61
1503754,1,202205,395.8,13.68,5414.54
1503754,1,202206,398.2,13.68,5447.38
1503754,1,202207,487.5,12.01,5854.88
1503754,1,202208,760.9,9.82,7472.04
1503754,1,202209,912.9,9.76,8909.9
1503754,1,202210,987.8,9.4,9285.32
1503754,1,202211,1175.9,9.06,10653.65
1503754,1,202212,739.4,10.77,7963.34
1503754,1,202301,484.4,11.89,5759.52
1503754,1,202302,367.5,12.34,4534.95
1503754,1,202303,331.5,14.49,4803.44
1503754,1,202304,220.4,14.65,3228.86
1503754,1,202305,274.2,14.0,3838.8
1503754,1,202306,325.6,13.21,4301.18
1503754,1,202307,506.6,11.56,5856.3
1503754,1,202308,656.5,11.06,7260.89
1503754,1,202309,662.3,9.78,6477.29
1503754,1,202310,801.9,9.54,7650.13
1503754,1,202311,856.1,9.98,8543.88
1503754,1,202312,617.0,10.12,6244.04
1503754,1,202401,487.2,11.87,5783.06
1503754,1,202402,287.9,12.28,3535.41
1503754,1,202403,252.0,15.09,3802.68
1503754,1,202404,255.7,14.14,3615.6
1503754,1,202405,322.6,14.77,4764.8
1503754,1,202406,341.8,13.97,4774.95
1503754,1,202407,422.5,12.79,5403.78
1503754,1,202408,453.5,10.46,4743.61
1503754,1,202409,623.7,10.12,6311.84
1503754,1,202410,768.4,10.66,8191.14
1503754,1,202411,805.9,11.07,8921.31
1503754,1,202412,700.7,11.67,8177.17
1503754,2,202201,88.3,38.72,3418.98
1503754,2,202202,77.7,38.07,2958.04
1503754,2,202203,77.5,37.13,2877.58
1503754,2,202204,61.5,42.28,2600.22
1503754,2,202205,61.1,48.34,2953.57
1503754,2,202206,63.3,46.64,2952.31
1503754,2,202207,50.4,48.26,2432.3
1503754,2,202208,44.6,49.07,2188.52
1503754,2,202209,51.5,50.1,2580.15
1503754,2,202210,48.9,46.24,2261.14
1503754,2,202211,44.9,40.5,1818.45
1503754,2,202212,62.9,37.97,2388.31
1503754,2,202301,72.2,42.05,3036.01
1503754,2,202302,76.6,41.62,3188.09
1503754,2,202303,84.7,43.28,3665.82
1503754,2,202304,86.1,42.96,3698.86
1503754,2,202305,70.0,43.7,3059.0
1503754,2,202306,49.5,48.3,2390.85
1503754,2,202307,43.3,48.16,2085.33
1503754,2,202308,50.9,48.92,2490.03
1503754,2,202309,54.7,52.55,2874.48
1503754,2,202310,54.3,50.71,2753.55
1503754,2,202311,55.7,50.65,2821.2
1503754,2,202312,76.6,42.3,3240.18
1503754,2,202401,82.7,38.58,3190.57
1503754,2,202402,100.1,40.09,4013.01
1503754,2,202403,109.0,40.71,4437.39
1503754,2,202404,86.4,42.83,3700.51
1503754,2,202405,88.0,48.27,4247.76
1503754,2,202406,73.3,48.0,3518.4
1503754,2,202407,66.2,53.96,3572.15
1503754,2,202408,41.0,56.37,2311.17
1503754,2,202409,40.4,57.56,2325.42
1503754,2,202410,43.6,51.81,2258.92
1503754,2,202411,54.5,49.99,2724.46
1503754,2,202412,71.0,42.93,3048.03
1503754,3,202201,8.7,87.5,761.25
1503754,3,202202,9.0,98.48,886.32
1503754,3,202203,13.4,93.37,1251.16
1503754,3,202204,13.9,95.99,1334.26
1503754,3,202205,8.9,85.13,757.66
1503754,3,202206,13.2,85.19,1124.51
1503754,3,202207,13.4,89.18,1195.01
1503754,3,202208,14.0,93.16,1304.24
1503754,3,202209,13.9,82.56,1147.58
1503754,3,202210,15.0,83.04,1245.6
1503754,3,202211,12.8,94.72,1212.42
1503754,3,202212,8.9,87.04,774.66
1503754,3,202301,9.9,92.79,918.62
1503754,3,202302,7.8,100.54,784.21
1503754,3,202303,12.3,109.29,1344.27
1503754,3,202304,11.3,92.4,1044.12
1503754,3,202305,11.6,91.89,1065.92
1503754,3,202306,10.8,91.3,986.04
1503754,3,202307,12.6,86.66,1091.92
1503754,3,202308,13.9,80.54,1119.51
1503754,3,202309,11.8,92.37,1089.97
1503754,3,202310,12.8,91.64,1172.99
1503754,3,202311,12.2,95.33,1163.03
1503754,3,202312,11.3,95.73,1081.75
1503754,3,202401,9.6,110.29,1058.78
1503754,3,202402,15.2,100.47,1527.14
1503754,3,202403,16.7,96.89,1618.06
1503754,3,202404,16.8,108.8,1827.84
1503754,3,202405,18.6,87.08,1619.69
1503754,3,202406,17.5,93.56,1637.3
1503754,3,202407,15.1,91.8,1386.18
1503754,3,202408,9.1,90.85,826.73
1503754,3,202409,8.5,85.27,724.8
1503754,3,202410,14.6,88.86,1297.36
1503754,3,202411,16.4,101.97,1672.31
1503754,3,202412,14.5,107.3,1555.85
1503804,1,202201,860.0,11.31,9726.6
1503804,1,202202,887.0,12.06,10697.22
1503804,1,202203,755.3,13.8,10423.14
1503804,1,202204,805.7,13.46,10844.72
1503804,1,202205,729.4,12.62,9205.03
1503804,1,202206,826.4,12.45,10288.68
1503804,1,202207,1045.7,11.32,11837.32
1503804,1,202208,1313.0,10.53,13825.89
1503804,1,202209,1613.3,9.37,15116.62
1503804,1,202210,1462.8,9.08,13282.22
1503804,1,202211,1117.1,9.33,10422.54
1503804,1,202212,1469.5,9.95,14621.52
1503804,1,202301,1829.7,11.28,20639.02
1503804,1,202302,1353.2,13.11,17740.45
1503804,1,202303,803.5,13.59,10919.56
1503804,1,202304,669.8,15.39,10308.22
1503804,1,202305,816.7,14.78,12070.83
1503804,1,202306,1182.8,13.33,15766.72
1503804,1,202307,1030.7,11.92,12285.94
1503804,1,202308,1240.1,10.42,12921.84
1503804,1,202309,1504.7,8.98,13512.21
1503804,1,202310,1852.8,9.14,16934.59
1503804,1,202311,1569.5,9.61,15082.89
1503804,1,202312,1033.8,10.58,10937.6
1503804,1,202401,1082.8,12.43,13459.2
1503804,1,202402,1138.4,14.05,15994.52
1503804,1,202403,924.0,13.86,12806.64
1503804,1,202404,918.7,14.2,13045.54
1503804,1,202405,843.7,15.43,13018.29
1503804,1,202406,830.1,13.94,11571.59
1503804,1,202407,1272.3,11.91,15153.09
1503804,1,202408,1574.1,10.81,17016.02
1503804,1,202409,1867.7,9.88,18452.88
1503804,1,202410,2413.6,9.61,23194.7
1503804,1,202411,1651.0,10.17,16790.67
1503804,1,202412,1304.4,12.33,16083.25
1503804,2,202201,147.6,41.03,6056.03
1503804,2,202202,108.7,38.94,4232.78
1503804,2,202203,102.2,36.99,3780.38
1503804,2,202204,121.1,35.78,4332.96
1503804,2,202205,98.3,40.91,4021.45
1503804,2,202206,81.6,48.28,3939.65
1503804,2,202207,72.1,48.91,3526.41
1503804,2,202208,73.4,48.99,3595.87
1503804,2,202209,93.4,43.39,4052.63
1503804,2,202210,112.8,46.74,5272.27
1503804,2,202211,115.1,41.21,4743.27
1503804,2,202212,149.0,38.81,5782.69
1503804,2,202301,154.8,41.08,6359.18
1503804,2,202302,170.5,36.53,6228.36
1503804,2,202303,122.1,37.57,4587.3
1503804,2,202304,153.3,42.24,6475.39
1503804,2,202305,124.9,47.26,5902.77
1503804,2,202306,61.7,47.67,2941.24
1503804,2,202307,88.0,55.01,4840.88
1503804,2,202308,82.7,48.81,4036.59
1503804,2,202309,78.4,47.54,3727.14
1503804,2,202310,78.6,45.03,3539.36
1503804,2,202311,102.1,41.66,4253.49
1503804,2,202312,99.1,42.56,4217.7
1503804,2,202401,104.8,38.93,4079.86
1503804,2,202402,106.7,37.22,3971.37
1503804,2,202403,107.4,41.66,4474.28
1503804,2,202404,96.5,45.29,4370.48
1503804,2,202405,108.2,49.52,5358.06
1503804,2,202406,99.4,52.77,5245.34
1503804,2,202407,95.2,50.71,4827.59
1503804,2,202408,98.6,54.78,5401.31
1503804,2,202409,93.9,54.42,5110.04
1503804,2,202410,82.9,49.32,4088.63
1503804,2,202411,137.6,47.37,6518.11
1503804,2,202412,167.6,40.82,6841.43
1503804,3,202201,9.4,104.8,985.12
1503804,3,202202,7.2,97.69,703.37
1503804,3,202203,10.3,92.66,954.4
1503804,3,202204,13.2,89.98,1187.74
1503804,3,202205,8.0,89.15,713.2
1503804,3,202206,6.5,83.58,543.27
1503804,3,202207,9.1,85.92,781.87
1503804,3,202208,11.4,74.99,854.89
1503804,3,202209,11.2,84.43,945.62
1503804,3,202210,11.6,86.73,1006.07
1503804,3,202211,11.2,84.93,951.22
1503804,3,202212,11.2,90.95,1018.64
1503804,3,202301,9.5,104.13,989.23
1503804,3,202302,10.2,105.31,1074.16
1503804,3,202303,9.7,95.87,929.94
1503804,3,202304,9.5,98.96,940.12
1503804,3,202305,7.9,86.84,686.04
1503804,3,202306,9.8,89.46,876.71
1503804,3,202307,13.5,89.77,1211.9
1503804,3,202308,13.2,94.96,1253.47
1503804,3,202309,12.7,94.19,1196.21
1503804,3,202310,16.2,91.75,1486.35
1503804,3,202311,17.5,89.43,1565.02
1503804,3,202312,20.4,103.18,2104.87
1503804,3,202401,24.5,100.53,2462.98
1503804,3,202402,18.6,105.37,1959.88
1503804,3,202403,12.9,101.63,1311.03
1503804,3,202404,12.0,110.6,1327.2
1503804,3,202405,14.5,94.28,1367.06
1503804,3,202406,19.3,98.7,1904.91
1503804,3,202407,14.8,91.75,1357.9
1503804,3,202408,15.8,94.01,1485.36
1503804,3,202409,13.4,99.92,1338.93
1503804,3,202410,13.2,85.29,1125.83
1503804,3,202411,12.7,96.88,1230.38
1503804,3,202412,13.5,95.74,1292.49
1503903,1,202201,1385.2,11.41,15805.13
1503903,1,202202,821.8,12.71,10445.08
1503903,1,202203,730.0,13.74,10030.2
1503903,1,202204,955.4,13.97,13346.94
1503903,1,202205,1044.7,13.3,13894.51
1503903,1,202206,515.1,12.78,6582.98
1503903,1,202207,926.2,11.99,11105.14
1503903,1,202208,1770.2,10.16,17985.23
1503903,1,202209,1323.1,9.48,12542.99
1503903,1,202210,2033.4,8.93,18158.26
1503903,1,202211,1129.5,9.03,10199.38
1503903,1,202212,1402.8,10.48,14701.34
1503903,1,202301,1220.2,11.55,14093.31
1503903,1,202302,688.8,13.37,9209.26
1503903,1,202303,791.3,14.05,11117.76
1503903,1,202304,1007.6,14.15,14257.54
1503903,1,202305,1091.7,13.8,15065.46
1503903,1,202306,1319.4,12.79,16875.13
1503903,1,202307,1365.1,10.93,14920.54
1503903,1,202308,1153.1,10.83,12488.07
1503903,1,202309,1691.3,9.83,16625.48
1503903,1,202310,2502.9,9.79,24503.39
1503903,1,202311,2631.7,9.46,24895.88
1503903,1,202312,1402.6,11.68,16382.37
1503903,1,202401,942.1,12.13,11427.67
1503903,1,202402,785.9,13.08,10279.57
1503903,1,202403,603.1,13.9,8383.09
1503903,1,202404,713.1,13.72,9783.73
1503903,1,202405,906.6,15.77,14297.08
1503903,1,202406,834.8,14.63,12213.12
1503903,1,202407,1306.0,12.74,16638.44
1503903,1,202408,1778.0,10.58,18811.24
1503903,1,202409,1783.4,11.07,19742.24
1503903,1,202410,1858.3,9.6,17839.68
1503903,1,202411,1285.4,9.98,12828.29
1503903,1,202412,1249.5,11.89,14856.56
1503903,2,202201,159.7,35.01,5591.1
1503903,2,202202,211.8,37.18,7874.72
1503903,2,202203,223.4,35.32,7890.49
1503903,2,202204,196.9,38.18,7517.64
1503903,2,202205,153.6,39.84,6119.42
1503903,2,202206,122.6,45.5,5578.3
1503903,2,202207,82.4,50.84,4189.22
1503903,2,202208,74.2,49.62,3681.8
1503903,2,202209,74.0,47.15,3489.1
1503903,2,202210,102.0,46.11,4703.22
1503903,2,202211,141.9,42.88,6084.67
1503903,2,202212,175.4,39.59,6944.09
1503903,2,202301,218.0,39.05,8512.9
1503903,2,202302,200.4,35.9,7194.36
1503903,2,202303,149.6,38.92,5822.43
1503903,2,202304,138.5,37.69,5220.06
1503903,2,202305,109.4,45.79,5009.43
1503903,2,202306,116.0,45.26,5250.16
1503903,2,202307,98.6,53.32,5257.35
1503903,2,202308,95.9,45.27,4341.39
1503903,2,202309,115.0,54.66,6285.9
1503903,2,202310,106.5,44.06,4692.39
1503903,2,202311,148.6,41.9,6226.34
1503903,2,202312,126.0,41.77,5263.02
1503903,2,202401,155.5,41.55,6461.02
1503903,2,202402,161.7,38.8,6273.96
1503903,2,202403,185.4,42.12,7809.05
1503903,2,202404,126.3,41.15,5197.24
1503903,2,202405,91.0,45.38,4129.58
1503903,2,202406,107.5,49.02,5269.65
1503903,2,202407,95.3,50.92,4852.68
1503903,2,202408,95.7,48.33,4625.18
1503903,2,202409,91.6,52.25,4786.1
1503903,2,202410,127.3,49.48,6298.8
1503903,2,202411,149.3,48.86,7294.8
1503903,2,202412,171.1,40.16,6871.38
1503903,3,202201,19.2,89.7,1722.24
1503903,3,202202,16.7,88.77,1482.46
1503903,3,202203,15.5,100.56,1558.68
1503903,3,202204,17.4,87.18,1516.93
1503903,3,202205,14.8,86.75,1283.9
1503903,3,202206,18.2,83.66,1522.61
1503903,3,202207,17.0,90.33,1535.61
1503903,3,202208,21.3,89.02,1896.13
1503903,3,202209,16.6,90.92,1509.27
1503903,3,202210,15.9,83.93,1334.49
1503903,3,202211,14.6,96.28,1405.69
1503903,3,202212,14.8,89.09,1318.53
1503903,3,202301,20.0,94.82,1896.4
1503903,3,202302,22.1,95.81,2117.4
1503903,3,202303,18.9,95.26,1800.41
1503903,3,202304,17.7,95.97,1698.67
1503903,3,202305,22.4,89.76,2010.62
1503903,3,202306,18.3,91.85,1680.86
1503903,3,202307,20.1,77.88,1565.39
1503903,3,202308,19.0,88.99,1690.81
1503903,3,202309,19.4,84.03,1630.18
1503903,3,202310,22.8,87.8,2001.84
1503903,3,202311,18.8,90.63,1703.84
1503903,3,202312,22.0,101.06,2223.32
1503903,3,202401,30.1,104.86,3156.29
1503903,3,202402,27.5,102.18,2809.95
1503903,3,202403,23.6,98.66,2328.38
1503903,3,202404,27.7,104.11,2883.85
1503903,3,202405,20.9,106.33,2222.3
1503903,3,202406,29.0,94.15,2730.35
1503903,3,202407,23.6,85.07,2007.65
1503903,3,202408,35.0,88.21,3087.35
1503903,3,202409,25.9,94.76,2454.28
1503903,3,202410,27.0,92.22,2489.94
1503903,3,202411,18.0,93.12,1676.16
1503903,3,202412,17.7,95.7,1693.89
1504000,1,202201,1680.6,10.24,17209.34
1504000,1,202202,1264.4,12.1,15299.24
1504000,1,202203,928.9,12.11,11248.98
1504000,1,202204,766.6,12.17,9329.52
1504000,1,202205,590.5,11.01,6501.4
1504000,1,202206,741.3,11.56,8569.43
1504000,1,202207,1213.1,10.57,12822.47
1504000,1,202208,1587.3,8.37,13285.7
1504000,1,202209,1722.9,8.85,15247.66
1504000,1,202210,1465.4,8.39,12294.71
1504000,1,202211,1539.7,8.85,13626.34
1504000,1,202212,1656.0,9.42,15599.52
1504000,1,202301,1420.9,10.96,15573.06
1504000,1,202302,1151.3,12.03,13850.14
1504000,1,202303,835.1,13.1,10939.81
1504000,1,202304,959.2,11.72,11241.82
1504000,1,202305,547.9,11.63,6372.08
1504000,1,202306,815.9,11.3,9219.67
1504000,1,202307,1697.3,10.54,17889.54
1504000,1,202308,1358.0,9.68,13145.44
1504000,1,202309,1529.7,8.82,13491.95
1504000,1,202310,1665.7,8.86,14758.1
1504000,1,202311,1501.0,9.19,13794.19
1504000,1,202312,1673.9,9.09,15215.75
1504000,1,202401,1467.1,11.15,16358.16
1504000,1,202402,1194.6,11.67,13940.98
1504000,1,202403,1160.8,12.9,14974.32
1504000,1,202404,1023.4,13.55,13867.07
1504000,1,202405,1810.4,10.98,19878.19
1504000,1,202406,1636.1,13.73,22463.65
1504000,1,202407,1714.8,11.33,19428.68
1504000,1,202408,1344.6,9.57,12867.82
1504000,1,202409,1469.6,9.92,14578.43
1504000,1,202410,2043.0,8.55,17467.65
1504000,1,202411,1479.6,9.07,13419.97
1504000,1,202412,953.0,9.62,9167.86
1504000,2,202201,96.6,40.23,3886.22
1504000,2,202202,96.9,38.09,3690.92
1504000,2,202203,96.6,39.0,3767.4
1504000,2,202204,88.4,40.9,3615.56
1504000,2,202205,78.3,46.01,3602.58
1504000,2,202206,88.6,47.96,4249.26
1504000,2,202207,68.9,52.46,3614.49
1504000,2,202208,49.7,49.2,2445.24
1504000,2,202209,58.2,51.22,2981.0
1504000,2,202210,55.3,52.28,2891.08
1504000,2,202211,62.6,44.5,2785.7
1504000,2,202212,77.4,45.64,3532.54
1504000,2,202301,72.3,41.06,2968.64
1504000,2,202302,71.9,39.67,2852.27
1504000,2,202303,81.3,40.96,3330.05
1504000,2,202304,67.9,42.62,2893.9
1504000,2,202305,74.8,42.39,3170.77
1504000,2,202306,53.1,52.57,2791.47
1504000,2,202307,42.6,59.01,2513.83
1504000,2,202308,64.2,55.13,3539.35
1504000,2,202309,46.8,54.33,2542.64
1504000,2,202310,54.6,49.85,2721.81
1504000,2,202311,90.2,49.59,4473.02
1504000,2,202312,91.6,43.21,3958.04
1504000,2,202401,120.5,42.86,5164.63
1504000,2,202402,122.9,38.2,4694.78
1504000,2,202403,104.9,41.18,4319.78
1504000,2,202404,87.0,45.79,3983.73
1504000,2,202405,50.7,50.86,2578.6
1504000,2,202406,48.4,54.75,2649.9
1504000,2,202407,51.2,50.74,2597.89
1504000,2,202408,54.2,51.91,2813.52
1504000,2,202409,88.5,56.54,5003.79
1504000,2,202410,86.3,50.33,4343.48
1504000,2,202411,97.2,50.82,4939.7
1504000,2,202412,121.1,41.44,5018.38
1504000,3,202201,7.6,104.06,790.86
1504000,3,202202,8.3,89.78,745.17
1504000,3,202203,9.2,87.64,806.29
1504000,3,202204,9.2,89.33,821.84
1504000,3,202205,8.5,92.52,786.42
1504000,3,202206,11.9,85.45,1016.86
1504000,3,202207,9.7,90.92,881.92
1504000,3,202208,11.1,82.95,920.74
1504000,3,202209,13.1,90.07,1179.92
1504000,3,202210,12.7,83.75,1063.62
1504000,3,202211,14.8,95.48,1413.1
1504000,3,202212,10.3,99.27,1022.48
1504000,3,202301,8.8,95.72,842.34
1504000,3,202302,8.6,101.67,874.36
1504000,3,202303,17.1,99.79,1706.41
1504000,3,202304,16.1,98.93,1592.77
1504000,3,202305,16.5,99.81,1646.86
1504000,3,202306,17.1,95.32,1629.97
1504000,3,202307,15.8,91.05,1438.59
1504000,3,202308,17.8,90.95,1618.91
1504000,3,202309,11.1,83.28,924.41
1504000,3,202310,12.0,90.61,1087.32
1504000,3,202311,12.6,88.58,1116.11
1504000,3,202312,14.1,96.32,1358.11
1504000,3,202401,10.2,108.12,1102.82
1504000,3,202402,8.6,103.0,885.8
1504000,3,202403,8.0,90.21,721.68
1504000,3,202404,10.4,95.01,988.1
1504000,3,202405,12.6,100.07,1260.88
1504000,3,202406,11.1,91.78,1018.76
1504000,3,202407,17.3,95.83,1657.86
1504000,3,202408,16.8,86.02,1445.14
1504000,3,202409,15.7,93.92,1474.54
1504000,3,202410,13.8,96.34,1329.49
1504000,3,202411,15.3,101.12,1547.14
1504000,3,202412,14.4,96.89,1395.22
1504059,1,202201,965.9,11.81,11407.28
1504059,1,202202,842.7,13.01,10963.53
1504059,1,202203,918.9,13.52,12423.53
1504059,1,202204,893.7,14.41,12878.22
1504059,1,202205,845.8,13.79,11663.58
1504059,1,202206,1117.1,12.61,14086.63
1504059,1,202207,1886.2,13.19,24878.98
1504059,1,202208,1860.2,10.99,20443.6
1504059,1,202209,1824.0,10.1,18422.4
1504059,1,202210,1769.4,9.91,17534.75
1504059,1,202211,1982.2,10.2,20218.44
1504059,1,202212,1363.8,10.52,14347.18
1504059,1,202301,1048.4,12.65,13262.26
1504059,1,202302,666.6,13.61,9072.43
1504059,1,202303,529.9,15.08,7990.89
1504059,1,202304,537.3,15.36,8252.93
1504059,1,202305,635.7,14.47,9198.58
1504059,1,202306,1081.1,12.9,13946.19
1504059,1,202307,1315.8,12.57,16539.61
1504059,1,202308,1225.5,11.06,13554.03
1504059,1,202309,1244.3,9.29,11559.55
1504059,1,202310,1782.3,10.11,18019.05
1504059,1,202311,1965.0,10.72,21064.8
1504059,1,202312,1549.6,12.67,19633.43
1504059,1,202401,1121.1,12.71,14249.18
1504059,1,202402,1143.3,13.94,15937.6
1504059,1,202403,773.3,14.49,11205.12
1504059,1,202404,810.1,15.85,12840.08
1504059,1,202405,1261.7,15.47,19518.5
1504059,1,202406,1255.8,13.75,17267.25
1504059,1,202407,1159.8,12.85,14903.43
1504059,1,202408,1470.6,10.51,15456.01
1504059,1,202409,1483.5,11.11,16481.68
1504059,1,202410,1227.5,9.85,12090.88
1504059,1,202411,1484.6,10.58,15707.07
1504059,1,202412,1625.7,10.8,17557.56
1504059,2,202201,97.8,38.14,3730.09
1504059,2,202202,111.0,34.84,3867.24
1504059,2,202203,86.6,38.47,3331.5
1504059,2,202204,58.8,40.84,2401.39
1504059,2,202205,64.0,47.96,3069.44
1504059,2,202206,68.4,47.09,3220.96
1504059,2,202207,76.4,52.57,4016.35
1504059,2,202208,65.4,55.45,3626.43
1504059,2,202209,77.2,49.27,3803.64
1504059,2,202210,87.1,48.26,4203.45
1504059,2,202211,116.9,49.06,5735.11
1504059,2,202212,114.6,42.1,4824.66
1504059,2,202301,85.4,41.49,3543.25
1504059,2,202302,94.6,38.98,3687.51
1504059,2,202303,98.2,42.14,4138.15
1504059,2,202304,101.2,43.2,4371.84
1504059,2,202305,66.5,42.7,2839.55
1504059,2,202306,61.4,49.42,3034.39
1504059,2,202307,71.3,49.84,3553.59
1504059,2,202308,67.0,54.12,3626.04
1504059,2,202309,65.8,50.51,3323.56
1504059,2,202310,104.2,51.53,5369.43
1504059,2,202311,86.4,46.9,4052.16
1504059,2,202312,123.0,40.67,5002.41
1504059,2,202401,149.0,41.26,6147.74
1504059,2,202402,131.0,42.61,5581.91
1504059,2,202403,119.2,44.78,5337.78
1504059,2,202404,105.0,42.97,4511.85
1504059,2,202405,94.5,46.01,4347.94
1504059,2,202406,73.5,57.6,4233.6
1504059,2,202407,64.1,54.89,3518.45
1504059,2,202408,61.3,56.15,3442.0
1504059,2,202409,63.4,52.92,3355.13
1504059,2,202410,69.8,52.81,3686.14
1504059,2,202411,56.1,52.95,2970.5
1504059,2,202412,79.0,45.53,3596.87
1504059,3,202201,17.0,99.96,1699.32
1504059,3,202202,10.1,89.04,899.3
1504059,3,202203,11.4,88.34,1007.08
1504059,3,202204,9.1,86.26,784.97
1504059,3,202205,9.7,82.31,798.41
1504059,3,202206,10.4,82.83,861.43
1504059,3,202207,12.5,83.11,1038.88
1504059,3,202208,14.9,91.25,1359.62
1504059,3,202209,18.0,83.48,1502.64
1504059,3,202210,17.4,80.93,1408.18
1504059,3,202211,17.9,90.75,1624.42
1504059,3,202212,13.0,91.83,1193.79
1504059,3,202301,15.8,94.69,1496.1
1504059,3,202302,8.1,96.34,780.35
1504059,3,202303,13.4,103.86,1391.72
1504059,3,202304,18.0,89.85,1617.3
1504059,3,202305,19.8,86.12,1705.18
1504059,3,202306,28.1,92.94,2611.61
1504059,3,202307,16.9,86.05,1454.24
1504059,3,202308,19.7,95.08,1873.08
1504059,3,202309,18.8,88.05,1655.34
1504059,3,202310,18.2,90.34,1644.19
1504059,3,202311,13.5,97.35,1314.22
1504059,3,202312,14.6,88.68,1294.73
1504059,3,202401,15.2,103.99,1580.65
1504059,3,202402,13.0,101.17,1315.21
1504059,3,202403,13.5,107.64,1453.14
1504059,3,202404,11.4,96.93,1105.0
1504059,3,202405,12.6,98.06,1235.56
1504059,3,202406,17.3,92.61,1602.15
1504059,3,202407,21.3,94.07,2003.69
1504059,3,202408,23.0,90.23,2075.29
1504059,3,202409,24.5,93.37,2287.56
1504059,3,202410,24.8,102.92,2552.42
1504059,3,202411,18.2,95.82,1743.92
1504059,3,202412,17.7,102.15,1808.06
1504109,1,202201,254.9,10.31,2628.02
1504109,1,202202,218.8,12.54,2743.75
1504109,1,202203,213.5,13.33,2845.96
1504109,1,202204,258.0,13.63,3516.54
1504109,1,202205,274.9,12.35,3395.01
1504109,1,202206,329.4,11.73,3863.86
1504109,1,202207,442.6,10.61,4695.99
1504109,1,202208,484.8,9.91,4804.37
1504109,1,202209,470.7,9.41,4429.29
1504109,1,202210,542.5,8.57,4649.23
1504109,1,202211,555.4,9.61,5337.39
1504109,1,202212,473.0,9.96,4711.08
1504109,1,202301,265.5,10.97,2912.54
1504109,1,202302,196.5,12.78,2511.27
1504109,1,202303,177.8,14.28,2538.98
1504109,1,202304,209.0,14.84,3101.56
1504109,1,202305,215.3,13.92,2996.98
1504109,1,202306,298.7,12.28,3668.04
1504109,1,202307,414.9,10.98,4555.6
1504109,1,202308,531.7,10.22,5433.97
1504109,1,202309,633.2,9.87,6249.68
1504109,1,202310,456.5,8.96,4090.24
1504109,1,202311,458.3,9.29,4257.61
1504109,1,202312,342.1,9.96,3407.32
1504109,1,202401,217.4,11.31,2458.79
1504109,1,202402,197.0,12.6,2482.2
1504109,1,202403,242.9,13.68,3322.87
1504109,1,202404,243.3,15.16,3688.43
1504109,1,202405,348.1,13.43,4674.98
1504109,1,202406,342.9,12.74,4368.55
1504109,1,202407,565.2,11.01,6222.85
1504109,1,202408,544.5,10.66,5804.37
1504109,1,202409,530.8,10.07,5345.16
1504109,1,202410,402.0,9.85,3959.7
1504109,1,202411,486.2,9.5,4618.9
1504109,1,202412,369.5,10.59,3913.0
1504109,2,202201,36.6,41.63,1523.66
1504109,2,202202,31.6,39.92,1261.47
1504109,2,202203,29.1,41.13,1196.88
1504109,2,202204,24.0,41.21,989.04
1504109,2,202205,25.3,48.76,1233.63
1504109,2,202206,29.8,50.47,1504.01
1504109,2,202207,26.8,50.95,1365.46
1504109,2,202208,23.7,52.44,1242.83
1504109,2,202209,21.3,50.5,1075.65
1504109,2,202210,26.4,48.5,1280.4
1504109,2,202211,24.2,44.9,1086.58
1504109,2,202212,24.7,42.43,1048.02
1504109,2,202301,36.6,44.42,1625.77
1504109,2,202302,36.8,37.45,1378.16
1504109,2,202303,35.0,43.11,1508.85
1504109,2,202304,32.3,42.5,1372.75
1504109,2,202305,33.9,49.87,1690.59
1504109,2,202306,30.0,49.48,1484.4
1504109,2,202307,23.3,53.98,1257.73
1504109,2,202308,20.7,53.39,1105.17
1504109,2,202309,22.3,48.5,1081.55
1504109,2,202310,27.4,54.88,1503.71
1504109,2,202311,31.4,44.65,1402.01
1504109,2,202312,35.2,43.47,1530.14
1504109,2,202401,39.7,40.12,1592.76
1504109,2,202402,41.2,38.64,1591.97
1504109,2,202403,35.0,41.86,1465.1
1504109,2,202404,41.5,43.64,1811.06
1504109,2,202405,32.3,45.84,1480.63
1504109,2,202406,29.5,52.15,1538.42
1504109,2,202407,18.6,50.99,948.41
1504109,2,202408,20.1,56.24,1130.42
1504109,2,202409,19.0,54.56,1036.64
1504109,2,202410,20.2,46.15,932.23
1504109,2,202411,41.4,47.35,1960.29
1504109,2,202412,45.5,46.02,2093.91
1504109,3,202201,5.5,100.29,551.6
1504109,3,202202,3.4,95.62,325.11
1504109,3,202203,3.6,94.91,341.68
1504109,3,202204,3.5,97.28,340.48
1504109,3,202205,5.2,88.38,459.58
1504109,3,202206,5.6,84.59,473.7
1504109,3,202207,7.3,83.82,611.89
1504109,3,202208,7.8,86.69,676.18
1504109,3,202209,8.0,89.16,713.28
1504109,3,202210,5.6,94.73,530.49
1504109,3,202211,6.1,91.83,560.16
1504109,3,202212,7.3,92.03,671.82
1504109,3,202301,4.9,102.92,504.31
1504109,3,202302,4.8,94.51,453.65
1504109,3,202303,5.4,105.71,570.83
1504109,3,202304,5.8,97.43,565.09
1504109,3,202305,7.8,92.54,721.81
1504109,3,202306,8.5,86.5,735.25
1504109,3,202307,8.5,91.56,778.26
1504109,3,202308,9.0,86.76,780.84
1504109,3,202309,9.1,88.32,803.71
1504109,3,202310,7.8,83.51,651.38
1504109,3,202311,6.5,91.59,595.34
1504109,3,202312,7.3,93.71,684.08
1504109,3,202401,5.7,104.41,595.14
1504109,3,202402,5.5,101.66,559.13
1504109,3,202403,4.6,89.57,412.02
1504109,3,202404,6.0,98.06,588.36
1504109,3,202405,7.9,90.38,714.0
1504109,3,202406,6.4,89.49,572.74
1504109,3,202407,6.6,96.89,639.47
1504109,3,202408,6.3,83.97,529.01
1504109,3,202409,7.9,93.52,738.81
1504109,3,202410,9.4,91.92,864.05
1504109,3,202411,7.2,93.86,675.79
1504109,3,202412,3.8,95.33,362.25
1504208,1,202201,5354.1,10.06,53862.25
1504208,1,202202,4597.6,12.89,59263.06
1504208,1,202203,3922.2,12.17,47733.17
1504208,1,202204,3733.3,13.93,52004.87
1504208,1,202205,4140.9,13.18,54577.06
1504208,1,202206,4264.9,12.53,53439.2
1504208,1,202207,4841.6,10.77,52144.03
1504208,1,202208,7972.2,10.49,83628.38
1504208,1,202209,13204.4,8.57,113161.71
1504208,1,202210,8587.5,9.47,81323.62
1504208,1,202211,6103.6,9.03,55115.51
1504208,1,202212,4759.5,9.4,44739.3
1504208,1,202301,4356.9,12.68,55245.49
1504208,1,202302,4609.2,12.89,59412.59
1504208,1,202303,4417.5,15.22,67234.35
1504208,1,202304,4121.7,15.05,62031.58
1504208,1,202305,4552.2,13.29,60498.74
1504208,1,202306,4293.4,12.88,55298.99
1504208,1,202307,4964.9,11.78,58486.52
1504208,1,202308,6059.1,11.31,68528.42
1504208,1,202309,5282.0,9.79,51710.78
1504208,1,202310,5102.7,9.33,47608.19
1504208,1,202311,4677.9,9.48,44346.49
1504208,1,202312,5650.8,10.45,59050.86
1504208,1,202401,5252.4,12.96,68071.1
1504208,1,202402,5004.3,13.42,67157.71
1504208,1,202403,3060.8,14.07,43065.46
1504208,1,202404,2507.9,14.28,35812.81
1504208,1,202405,3536.2,13.96,49365.35
1504208,1,202406,2589.0,12.51,32388.39
1504208,1,202407,4877.5,11.69,57017.98
1504208,1,202408,4426.8,11.71,51837.83
1504208,1,202409,6919.0,9.83,68013.77
1504208,1,202410,6437.8,9.94,63991.73
1504208,1,202411,8119.9,8.78,71292.72
1504208,1,202412,12477.8,11.18,139501.8
1504208,2,202201,623.3,35.88,22364.0
1504208,2,202202,674.3,37.77,25468.31
1504208,2,202203,517.0,39.13,20230.21
1504208,2,202204,492.6,40.46,19930.6
1504208,2,202205,519.6,40.99,21298.4
1504208,2,202206,376.3,44.85,16877.06
1504208,2,202207,344.7,41.94,14456.72
1504208,2,202208,427.2,48.52,20727.74
1504208,2,202209,357.8,49.91,17857.8
1504208,2,202210,438.6,45.08,19772.09
1504208,2,202211,403.7,41.2,16632.44
1504208,2,202212,477.1,38.68,18454.23
1504208,2,202301,598.0,40.84,24422.32
1504208,2,202302,402.4,37.44,15065.86
1504208,2,202303,421.7,42.17,17783.09
1504208,2,202304,481.2,39.7,19103.64
1504208,2,202305,468.9,44.65,20936.38
1504208,2,202306,384.4,46.46,17859.22
1504208,2,202307,302.8,55.36,16763.01
1504208,2,202308,366.8,51.25,18798.5
1504208,2,202309,366.5,55.5,20340.75
1504208,2,202310,460.7,46.49,21417.94
1504208,2,202311,551.1,47.67,26270.94
1504208,2,202312,556.8,41.09,22878.91
1504208,2,202401,746.8,41.67,31119.16
1504208,2,202402,648.6,36.73,23823.08
1504208,2,202403,780.2,40.66,31722.93
1504208,2,202404,832.3,40.27,33516.72
1504208,2,202405,769.5,46.52,35797.14
1504208,2,202406,560.5,45.76,25648.48
1504208,2,202407,746.1,51.65,38536.06
1504208,2,202408,588.9,55.79,32854.73
1504208,2,202409,548.8,53.33,29267.5
1504208,2,202410,539.8,46.42,25057.52
1504208,2,202411,470.4,41.77,19648.61
1504208,2,202412,705.6,43.55,30728.88
1504208,3,202201,73.1,91.22,6668.18
1504208,3,202202,51.5,93.12,4795.68
1504208,3,202203,71.6,92.79,6643.76
1504208,3,202204,59.1,96.3,5691.33
1504208,3,202205,72.0,91.84,6612.48
1504208,3,202206,62.5,93.72,5857.5
1504208,3,202207,65.9,92.48,6094.43
1504208,3,202208,58.3,81.1,4728.13
1504208,3,202209,60.7,87.38,5303.97
1504208,3,202210,64.3,89.34,5744.56
1504208,3,202211,54.6,89.57,4890.52
1504208,3,202212,63.3,97.17,6150.86
1504208,3,202301,70.5,100.91,7114.16
1504208,3,202302,114.1,96.41,11000.38
1504208,3,202303,113.1,97.77,11057.79
1504208,3,202304,121.4,94.74,11501.44
1504208,3,202305,76.7,90.26,6922.94
1504208,3,202306,57.6,90.41,5207.62
1504208,3,202307,65.9,83.16,5480.24
1504208,3,202308,103.2,90.09,9297.29
1504208,3,202309,149.9,95.19,14268.98
1504208,3,202310,103.4,91.02,9411.47
1504208,3,202311,82.0,98.14,8047.48
1504208,3,202312,85.9,97.16,8346.04
1504208,3,202401,76.9,97.16,7471.6
1504208,3,202402,73.0,113.91,8315.43
1504208,3,202403,83.8,90.59,7591.44
1504208,3,202404,136.4,100.17,13663.19
1504208,3,202405,146.0,93.54,13656.84
1504208,3,202406,172.0,102.04,17550.88
1504208,3,202407,98.1,93.15,9138.02
1504208,3,202408,117.6,103.82,12209.23
1504208,3,202409,89.3,92.32,8244.18
1504208,3,202410,118.3,90.76,10736.91
1504208,3,202411,128.7,89.23,11483.9
1504208,3,202412,116.1,105.81,12284.54
1504307,1,202201,565.4,11.93,6745.22
1504307,1,202202,509.8,11.96,6097.21
1504307,1,202203,415.1,14.02,5819.7
1504307,1,202204,282.6,14.07,3976.18
1504307,1,202205,419.1,13.25,5553.08
1504307,1,202206,520.1,13.35,6943.34
1504307,1,202207,591.8,10.37,6136.97
1504307,1,202208,610.8,10.54,6437.83
1504307,1,202209,582.9,10.27,5986.38
1504307,1,202210,747.3,9.83,7345.96
1504307,1,202211,1035.1,9.66,9999.07
1504307,1,202212,885.0,10.2,9027.0
1504307,1,202301,553.7,11.64,6445.07
1504307,1,202302,519.1,13.07,6784.64
1504307,1,202303,464.9,14.59,6782.89
1504307,1,202304,529.8,13.96,7396.01
1504307,1,202305,590.7,14.74,8706.92
1504307,1,202306,365.6,14.77,5399.91
1504307,1,202307,571.9,11.98,6851.36
1504307,1,202308,608.1,10.05,6111.41
1504307,1,202309,599.9,9.19,5513.08
1504307,1,202310,722.2,9.87,7128.11
1504307,1,202311,835.5,9.8,8187.9
1504307,1,202312,571.3,11.23,6415.7
1504307,1,202401,631.9,12.13,7664.95
1504307,1,202402,632.4,14.36,9081.26
1504307,1,202403,544.3,14.61,7952.22
1504307,1,202404,435.6,14.54,6333.62
1504307,1,202405,403.2,14.44,5822.21
1504307,1,202406,611.4,12.97,7929.86
1504307,1,202407,549.3,13.77,7563.86
1504307,1,202408,879.8,11.1,9765.78
1504307,1,202409,958.8,10.53,10096.16
1504307,1,202410,993.8,9.58,9520.6
1504307,1,202411,705.9,9.67,6826.05
1504307,1,202412,690.2,11.02,7606.0
1504307,2,202201,91.3,38.07,3475.79
1504307,2,202202,148.2,40.61,6018.4
1504307,2,202203,128.9,37.52,4836.33
1504307,2,202204,77.8,43.04,3348.51
1504307,2,202205,57.6,49.1,2828.16
1504307,2,202206,69.8,48.46,3382.51
1504307,2,202207,68.7,50.27,3453.55
1504307,2,202208,88.9,51.48,4576.57
1504307,2,202209,67.6,55.16,3728.82
1504307,2,202210,78.3,49.36,3864.89
1504307,2,202211,90.0,50.09,4508.1
1504307,2,202212,100.3,42.21,4233.66
1504307,2,202301,104.4,39.41,4114.4
1504307,2,202302,105.3,38.64,4068.79
1504307,2,202303,110.6,40.85,4518.01
1504307,2,202304,108.8,39.09,4252.99
1504307,2,202305,99.6,45.7,4551.72
1504307,2,202306,106.9,49.18,5257.34
1504307,2,202307,71.3,53.52,3815.98
1504307,2,202308,51.2,59.31,3036.67
1504307,2,202309,73.9,53.02,3918.18
1504307,2,202310,69.6,45.7,3180.72
1504307,2,202311,79.8,44.71,3567.86
1504307,2,202312,87.5,43.86,3837.75
1504307,2,202401,93.8,42.48,3984.62
1504307,2,202402,82.7,44.81,3705.79
1504307,2,202403,85.4,44.37,3789.2
1504307,2,202404,101.1,47.1,4761.81
1504307,2,202405,92.9,48.08,4466.63
1504307,2,202406,92.2,55.2,5089.44
1504307,2,202407,75.5,52.51,3964.5
1504307,2,202408,88.2,58.66,5173.81
1504307,2,202409,79.4,54.14,4298.72
1504307,2,202410,60.1,48.6,2920.86
1504307,2,202411,84.5,50.06,4230.07
1504307,2,202412,118.5,48.21,5712.88
1504307,3,202201,6.9,100.52,693.59
1504307,3,202202,8.8,90.2,793.76
1504307,3,202203,10.0,94.31,943.1
1504307,3,202204,8.3,87.0,722.1
1504307,3,202205,7.9,89.73,708.87
1504307,3,202206,6.2,85.79,531.9
1504307,3,202207,5.1,80.85,412.33
1504307,3,202208,7.5,86.76,650.7
1504307,3,202209,9.4,84.23,791.76
1504307,3,202210,9.6,95.15,913.44
1504307,3,202211,9.2,90.39,831.59
1504307,3,202212,7.5,81.61,612.08
1504307,3,202301,9.7,89.93,872.32
1504307,3,202302,6.4,110.18,705.15
1504307,3,202303,6.4,96.71,618.94
1504307,3,202304,7.5,97.57,731.78
1504307,3,202305,8.2,93.65,767.93
1504307,3,202306,8.8,97.45,857.56
1504307,3,202307,8.5,80.67,685.7
1504307,3,202308,10.0,94.03,940.3
1504307,3,202309,7.8,94.51,737.18
1504307,3,202310,8.0,90.82,726.56
1504307,3,202311,8.8,95.55,840.84
1504307,3,202312,7.9,94.64,747.66
1504307,3,202401,7.9,93.99,742.52
1504307,3,202402,8.3,106.07,880.38
1504307,3,202403,6.1,103.52,631.47
1504307,3,202404,5.3,101.46,537.74
1504307,3,202405,7.0,99.57,696.99
1504307,3,202406,7.3,91.48,667.8
1504307,3,202407,7.7,99.29,764.53
1504307,3,202408,9.6,91.41,877.54
1504307,3,202409,8.2,94.68,776.38
1504307,3,202410,5.6,93.01,520.86
1504307,3,202411,9.0,102.44,921.96
1504307,3,202412,10.8,100.64,1086.91
1504406,1,202201,913.1,11.3,10318.03
1504406,1,202202,683.2,11.39,7781.65
1504406,1,202203,675.9,13.36,9030.02
1504406,1,202204,737.3,12.99,9577.53
1504406,1,202205,1030.5,12.51,12891.56
1504406,1,202206,1105.8,11.47,12683.53
1504406,1,202207,1343.0,10.46,14047.78
1504406,1,202208,1643.3,10.5,17254.65
1504406,1,202209,1357.4,8.94,12135.16
1504406,1,202210,1217.4,8.57,10433.12
1504406,1,202211,1037.0,8.68,9001.16
1504406,1,202212,816.4,10.88,8882.43
1504406,1,202301,945.7,11.92,11272.74
1504406,1,202302,878.7,11.9,10456.53
1504406,1,202303,792.3,13.02,10315.75
1504406,1,202304,475.1,13.37,6352.09
1504406,1,202305,871.3,13.29,11579.58
1504406,1,202306,816.2,11.91,9720.94
1504406,1,202307,1473.6,11.41,16813.78
1504406,1,202308,1201.7,10.75,12918.28
1504406,1,202309,1222.3,8.56,10462.89
1504406,1,202310,934.6,8.34,7794.56
1504406,1,202311,1173.1,8.92,10464.05
1504406,1,202312,936.4,9.78,9157.99
1504406,1,202401,750.6,12.79,9600.17
1504406,1,202402,579.8,13.44,7792.51
1504406,1,202403,715.7,14.34,10263.14
1504406,1,202404,828.4,13.82,11448.49
1504406,1,202405,1190.3,13.48,16045.24
1504406,1,202406,1044.7,11.89,12421.48
1504406,1,202407,1256.2,12.03,15112.09
1504406,1,202408,1149.0,10.61,12190.89
1504406,1,202409,1325.7,10.1,13389.57
1504406,1,202410,1358.4,9.05,12293.52
1504406,1,202411,1529.0,9.4,14372.6
1504406,1,202412,1643.4,10.45,17173.53
1504406,2,202201,98.6,39.09,3854.27
1504406,2,202202,67.9,36.76,2496.0
1504406,2,202203,56.0,41.23,2308.88
1504406,2,202204,56.2,43.07,2420.53
1504406,2,202205,50.5,46.56,2351.28
1504406,2,202206,42.8,52.7,2255.56
1504406,2,202207,44.1,50.01,2205.44
1504406,2,202208,40.8,50.35,2054.28
1504406,2,202209,42.4,49.95,2117.88
1504406,2,202210,52.3,44.65,2335.19
1504406,2,202211,53.8,41.7,2243.46
1504406,2,202212,63.8,42.94,2739.57
1504406,2,202301,65.2,37.98,2476.3
1504406,2,202302,58.6,37.7,2209.22
1504406,2,202303,74.4,40.51,3013.94
1504406,2,202304,94.9,42.41,4024.71
1504406,2,202305,91.4,48.92,4471.29
1504406,2,202306,74.6,50.46,3764.32
1504406,2,202307,54.6,50.81,2774.23
1504406,2,202308,49.4,56.5,2791.1
1504406,2,202309,62.6,54.84,3432.98
1504406,2,202310,42.6,46.88,1997.09
1504406,2,202311,51.2,47.39,2426.37
1504406,2,202312,73.5,41.77,3070.1
1504406,2,202401,66.3,40.75,2701.72
1504406,2,202402,81.0,45.36,3674.16
1504406,2,202403,86.0,42.55,3659.3
1504406,2,202404,59.8,44.47,2659.31
1504406,2,202405,59.2,48.81,2889.55
1504406,2,202406,49.4,54.58,2696.25
1504406,2,202407,52.6,53.02,2788.85
1504406,2,202408,58.5,54.43,3184.16
1504406,2,202409,62.8,56.75,3563.9
1504406,2,202410,66.5,48.43,3220.6
1504406,2,202411,76.8,51.07,3922.18
1504406,2,202412,67.8,41.49,2813.02
1504406,3,202201,10.9,87.0,948.3
1504406,3,202202,7.3,94.35,688.76
1504406,3,202203,7.6,95.36,724.74
1504406,3,202204,7.5,89.44,670.8
1504406,3,202205,9.2,87.88,808.5
1504406,3,202206,10.5,93.85,985.42
1504406,3,202207,10.8,89.57,967.36
1504406,3,202208,9.7,83.51,810.05
1504406,3,202209,10.0,87.18,871.8
1504406,3,202210,10.6,80.44,852.66
1504406,3,202211,9.7,91.22,884.83
1504406,3,202212,11.5,92.41,1062.71
1504406,3,202301,11.5,96.64,1111.36
1504406,3,202302,10.5,99.38,1043.49
1504406,3,202303,6.6,97.83,645.68
1504406,3,202304,7.6,90.28,686.13
1504406,3,202305,9.9,101.8,1007.82
1504406,3,202306,10.1,95.21,961.62
1504406,3,202307,11.4,87.03,992.14
1504406,3,202308,11.1,80.57,894.33
1504406,3,202309,11.6,78.48,910.37
1504406,3,202310,14.3,100.36,1435.15
1504406,3,202311,14.2,92.79,1317.62
1504406,3,202312,9.5,100.16,951.52
1504406,3,202401,7.0,97.51,682.57
1504406,3,202402,8.5,101.46,862.41
1504406,3,202403,11.3,100.95,1140.74
1504406,3,202404,8.2,101.33,830.91
1504406,3,202405,9.1,97.64,888.52
1504406,3,202406,15.8,90.03,1422.47
1504406,3,202407,13.7,87.95,1204.92
1504406,3,202408,20.8,91.0,1892.8
1504406,3,202409,14.3,84.41,1207.06
1504406,3,202410,11.4,90.48,1031.47
1504406,3,202411,9.7,96.45,935.56
1504406,3,202412,7.7,102.13,786.4
1504422,1,202201,2088.0,12.72,26559.36
1504422,1,202202,2233.9,13.53,30224.67
1504422,1,202203,1987.0,12.35,24539.45
1504422,1,202204,1585.9,13.65,21647.54
1504422,1,202205,1243.4,12.75,15853.35
1504422,1,202206,1689.1,13.79,23292.69
1504422,1,202207,2983.1,11.6,34603.96
1504422,1,202208,4696.1,9.87,46350.51
1504422,1,202209,4984.3,9.39,46802.58
1504422,1,202210,6705.4,7.95,53307.93
1504422,1,202211,5189.5,8.88,46082.76
1504422,1,202212,4825.4,10.27,49556.86
1504422,1,202301,3257.5,12.43,40490.72
1504422,1,202302,2376.1,11.95,28394.39
1504422,1,202303,1869.0,13.82,25829.58
1504422,1,202304,1302.2,15.17,19754.37
1504422,1,202305,2067.9,13.1,27089.49
1504422,1,202306,2135.0,13.32,28438.2
1504422,1,202307,2336.5,11.96,27944.54
1504422,1,202308,2475.2,11.62,28761.82
1504422,1,202309,3130.8,9.64,30180.91
1504422,1,202310,4993.8,9.33,46592.15
1504422,1,202311,6517.0,10.18,66343.06
1504422,1,202312,3525.5,9.98,35184.49
1504422,1,202401,2844.0,12.18,34639.92
1504422,1,202402,2047.3,13.3,27229.09
1504422,1,202403,2367.7,14.46,34236.94
1504422,1,202404,2350.2,15.55,36545.61
1504422,1,202405,2139.5,14.97,32028.32
1504422,1,202406,2543.5,13.11,33345.28
1504422,1,202407,2823.8,12.4,35015.12
1504422,1,202408,4706.7,11.88,55915.6
1504422,1,202409,5409.7,9.67,52311.8
1504422,1,202410,5844.6,9.8,57277.08
1504422,1,202411,3120.4,9.98,31141.59
1504422,1,202412,3099.1,10.99,34059.11
1504422,2,202201,195.4,36.48,7128.19
1504422,2,202202,188.2,40.12,7550.58
1504422,2,202203,266.9,40.03,10684.01
1504422,2,202204,293.3,40.38,11843.45
1504422,2,202205,295.5,47.73,14104.21
1504422,2,202206,177.1,48.97,8672.59
1504422,2,202207,137.9,51.52,7104.61
1504422,2,202208,155.9,54.09,8432.63
1504422,2,202209,189.9,52.57,9983.04
1504422,2,202210,175.0,49.09,8590.75
1504422,2,202211,186.3,44.58,8305.25
1504422,2,202212,184.4,45.97,8476.87
1504422,2,202301,308.3,39.25,12100.78
1504422,2,202302,280.3,41.29,11573.59
1504422,2,202303,275.4,40.55,11167.47
1504422,2,202304,256.5,44.29,11360.38
1504422,2,202305,275.9,49.78,13734.3
1504422,2,202306,189.6,49.53,9390.89
1504422,2,202307,218.5,54.49,11906.06
1504422,2,202308,156.7,54.54,8546.42
1504422,2,202309,210.7,51.21,10789.95
1504422,2,202310,161.1,53.58,8631.74
1504422,2,202311,197.0,48.49,9552.53
1504422,2,202312,319.5,42.36,13534.02
1504422,2,202401,368.0,44.69,16445.92
1504422,2,202402,373.7,39.63,14809.73
1504422,2,202403,274.8,42.23,11604.8
1504422,2,202404,225.5,44.0,9922.0
1504422,2,202405,272.0,50.46,13725.12
1504422,2,202406,247.8,51.01,12640.28
1504422,2,202407,249.0,57.04,14202.96
1504422,2,202408,220.6,57.58,12702.15
1504422,2,202409,203.3,53.89,10955.84
1504422,2,202410,251.6,57.25,14404.1
1504422,2,202411,280.4,46.82,13128.33
1504422,2,202412,291.6,41.9,12218.04
1504422,3,202201,37.6,102.63,3858.89
1504422,3,202202,38.8,90.01,3492.39
1504422,3,202203,28.7,92.74,2661.64
1504422,3,202204,36.7,99.92,3667.06
1504422,3,202205,35.1,86.59,3039.31
1504422,3,202206,38.8,89.01,3453.59
1504422,3,202207,47.9,105.93,5074.05
1504422,3,202208,54.4,87.32,4750.21
1504422,3,202209,40.4,85.62,3459.05
1504422,3,202210,49.3,91.23,4497.64
1504422,3,202211,46.6,93.56,4359.9
1504422,3,202212,55.9,89.68,5013.11
1504422,3,202301,64.2,90.28,5795.98
1504422,3,202302,72.4,102.21,7400.0
1504422,3,202303,46.1,102.19,4710.96
1504422,3,202304,50.4,94.98,4786.99
1504422,3,202305,38.4,101.63,3902.59
1504422,3,202306,55.9,97.59,5455.28
1504422,3,202307,72.4,92.24,6678.18
1504422,3,202308,77.3,86.77,6707.32
1504422,3,202309,61.2,79.93,4891.72
1504422,3,202310,61.6,90.0,5544.0
1504422,3,202311,49.5,85.39,4226.8
1504422,3,202312,47.2,85.69,4044.57
1504422,3,202401,44.8,105.61,4731.33
1504422,3,202402,31.1,109.25,3397.68
1504422,3,202403,31.7,92.75,2940.18
1504422,3,202404,57.5,98.84,5683.3
1504422,3,202405,55.4,97.12,5380.45
1504422,3,202406,57.8,92.92,5370.78
1504422,3,202407,58.1,86.01,4997.18
1504422,3,202408,53.8,97.66,5254.11
1504422,3,202409,54.6,86.13,4702.7
1504422,3,202410,49.5,85.53,4233.73
1504422,3,202411,32.4,90.74,2939.98
1504422,3,202412,42.9,102.55,4399.39
1504455,1,202201,629.9,11.21,7061.18
1504455,1,202202,417.3,13.5,5633.55
1504455,1,202203,441.1,14.67,6470.94
1504455,1,202204,349.9,14.8,5178.52
1504455,1,202205,328.6,13.01,4275.09
1504455,1,202206,487.6,12.38,6036.49
1504455,1,202207,656.4,12.58,8257.51
1504455,1,202208,731.7,10.41,7617.0
1504455,1,202209,884.3,9.27,8197.46
1504455,1,202210,797.3,9.41,7502.59
1504455,1,202211,732.3,9.88,7235.12
1504455,1,202212,560.7,9.99,5601.39
1504455,1,202301,578.5,12.06,6976.71
1504455,1,202302,411.4,13.8,5677.32
1504455,1,202303,485.8,13.3,6461.14
1504455,1,202304,400.6,14.44,5784.66
1504455,1,202305,409.4,13.33,5457.3
1504455,1,202306,524.3,12.54,6574.72
1504455,1,202307,588.8,11.59,6824.19
1504455,1,202308,640.0,10.93,6995.2
1504455,1,202309,723.7,9.6,6947.52
1504455,1,202310,894.5,9.12,8157.84
1504455,1,202311,713.2,9.78,6975.1
1504455,1,202312,621.5,10.08,6264.72
1504455,1,202401,528.2,12.68,6697.58
1504455,1,202402,524.4,14.52,7614.29
1504455,1,202403,429.6,14.61,6276.46
1504455,1,202404,554.6,14.87,8246.9
1504455,1,202405,490.1,14.95,7327.0
1504455,1,202406,496.4,12.39,6150.4
1504455,1,202407,559.4,12.75,7132.35
1504455,1,202408,525.4,12.97,6814.44
1504455,1,202409,545.4,10.09,5503.09
1504455,1,202410,593.9,9.75,5790.52
1504455,1,202411,784.1,10.54,8264.41
1504455,1,202412,680.3,12.06,8204.42
1504455,2,202201,74.2,39.51,2931.64
1504455,2,202202,117.7,36.58,4305.47
1504455,2,202203,114.7,35.17,4034.0
1504455,2,202204,80.0,39.96,3196.8
1504455,2,202205,65.6,44.04,2889.02
1504455,2,202206,49.1,45.01,2209.99
1504455,2,202207,58.4,49.0,2861.6
1504455,2,202208,48.7,49.99,2434.51
1504455,2,202209,64.2,49.15,3155.43
1504455,2,202210,70.5,49.88,3516.54
1504455,2,202211,77.7,40.85,3174.04
1504455,2,202212,103.6,44.67,4627.81
1504455,2,202301,130.2,39.21,5105.14
1504455,2,202302,159.1,39.5,6284.45
1504455,2,202303,123.7,39.53,4889.86
1504455,2,202304,110.6,38.3,4235.98
1504455,2,202305,86.6,42.81,3707.35
1504455,2,202306,82.3,47.27,3890.32
1504455,2,202307,66.3,53.6,3553.68
1504455,2,202308,63.6,48.44,3080.78
1504455,2,202309,65.6,48.86,3205.22
1504455,2,202310,81.7,48.92,3996.76
1504455,2,202311,95.1,46.22,4395.52
1504455,2,202312,120.0,42.69,5122.8
1504455,2,202401,137.2,37.79,5184.79
1504455,2,202402,127.1,35.8,4550.18
1504455,2,202403,132.5,40.78,5403.35
1504455,2,202404,103.7,45.34,4701.76
1504455,2,202405,109.3,44.84,4901.01
1504455,2,202406,92.1,46.32,4266.07
1504455,2,202407,89.5,50.46,4516.17
1504455,2,202408,90.2,53.51,4826.6
1504455,2,202409,122.9,50.95,6261.76
1504455,2,202410,127.8,52.62,6724.84
1504455,2,202411,133.0,47.78,6354.74
1504455,2,202412,124.9,42.59,5319.49
1504455,3,202201,7.5,98.97,742.28
1504455,3,202202,8.6,97.14,835.4
1504455,3,202203,9.3,101.03,939.58
1504455,3,202204,6.2,90.42,560.6
1504455,3,202205,8.4,91.47,768.35
1504455,3,202206,11.5,88.9,1022.35
1504455,3,202207,11.1,90.38,1003.22
1504455,3,202208,10.6,81.57,864.64
1504455,3,202209,14.8,88.76,1313.65
1504455,3,202210,11.0,83.64,920.04
1504455,3,202211,9.9,87.47,865.95
1504455,3,202212,10.0,91.05,910.5
1504455,3,202301,9.5,100.72,956.84
1504455,3,202302,8.8,93.97,826.94
1504455,3,202303,9.2,93.91,863.97
1504455,3,202304,12.7,93.35,1185.54
1504455,3,202305,13.8,93.83,1294.85
1504455,3,202306,12.6,86.64,1091.66
1504455,3,202307,10.5,89.92,944.16
1504455,3,202308,9.6,86.42,829.63
1504455,3,202309,12.0,91.7,1100.4
1504455,3,202310,8.5,91.08,774.18
1504455,3,202311,13.7,102.17,1399.73
1504455,3,202312,11.6,96.99,1125.08
1504455,3,202401,8.2,96.21,788.92
1504455,3,202402,8.9,101.94,907.27
1504455,3,202403,8.0,102.36,818.88
1504455,3,202404,8.3,95.67,794.06
1504455,3,202405,7.2,104.86,754.99
1504455,3,202406,8.5,92.83,789.06
1504455,3,202407,6.7,89.23,597.84
1504455,3,202408,7.6,92.2,700.72
1504455,3,202409,7.8,88.07,686.95
1504455,3,202410,8.1,98.95,801.5
1504455,3,202411,7.7,100.99,777.62
1504455,3,202412,8.5,100.77,856.54
1504505,1,202201,604.4,12.44,7518.74
1504505,1,202202,658.5,12.43,8185.16
1504505,1,202203,974.1,12.99,12653.56
1504505,1,202204,895.3,13.04,11674.71
1504505,1,202205,667.4,14.01,9350.27
1504505,1,202206,802.2,11.65,9345.63
1504505,1,202207,747.1,11.15,8330.17
1504505,1,202208,1209.2,10.15,12273.38
1504505,1,202209,1115.9,9.01,10054.26
1504505,1,202210,1244.3,9.04,11248.47
1504505,1,202211,1043.7,10.5,10958.85
1504505,1,202212,900.4,10.04,9040.02
1504505,1,202301,1086.1,11.46,12446.71
1504505,1,202302,881.5,13.62,12006.03
1504505,1,202303,675.6,14.01,9465.16
1504505,1,202304,534.9,15.23,8146.53
1504505,1,202305,440.6,13.96,6150.78
1504505,1,202306,485.4,12.78,6203.41
1504505,1,202307,726.4,10.71,7779.74
1504505,1,202308,1162.2,9.67,11238.47
1504505,1,202309,1196.9,8.74,10460.91
1504505,1,202310,1737.9,9.43,16388.4
1504505,1,202311,1338.0,8.95,11975.1
1504505,1,202312,1130.1,11.16,12611.92
1504505,1,202401,803.1,12.15,9757.67
1504505,1,202402,882.9,13.24,11689.6
1504505,1,202403,1116.4,13.75,15350.5
1504505,1,202404,662.2,15.14,10025.71
1504505,1,202405,674.3,13.77,9285.11
1504505,1,202406,1008.5,12.76,12868.46
1504505,1,202407,870.8,12.88,11215.9
1504505,1,202408,1230.9,11.05,13601.45
1504505,1,202409,1747.1,9.81,17139.05
1504505,1,202410,1705.8,9.9,16887.42
1504505,1,202411,1701.1,9.93,16891.92
1504505,1,202412,1914.1,11.07,21189.09
1504505,2,202201,56.9,40.06,2279.41
1504505,2,202202,56.2,36.56,2054.67
1504505,2,202203,51.2,34.99,1791.49
1504505,2,202204,53.4,39.79,2124.79
1504505,2,202205,51.3,44.66,2291.06
1504505,2,202206,34.0,46.91,1594.94
1504505,2,202207,40.9,50.74,2075.27
1504505,2,202208,40.6,52.24,2120.94
1504505,2,202209,45.4,50.48,2291.79
1504505,2,202210,56.0,46.13,2583.28
1504505,2,202211,52.0,44.65,2321.8
1504505,2,202212,75.4,45.0,3393.0
1504505,2,202301,74.6,36.54,2725.88
1504505,2,202302,97.8,39.41,3854.3
1504505,2,202303,70.9,43.14,3058.63
1504505,2,202304,82.9,39.46,3271.23
1504505,2,202305,55.8,47.57,2654.41
1504505,2,202306,78.0,51.48,4015.44
1504505,2,202307,50.1,47.48,2378.75
1504505,2,202308,56.4,53.92,3041.09
1504505,2,202309,49.5,50.43,2496.28
1504505,2,202310,59.9,48.49,2904.55
1504505,2,202311,62.9,44.51,2799.68
1504505,2,202312,56.5,44.69,2524.98
1504505,2,202401,39.3,40.76,1601.87
1504505,2,202402,81.0,39.13,3169.53
1504505,2,202403,76.6,40.09,3070.89
1504505,2,202404,40.1,42.84,1717.88
1504505,2,202405,45.6,44.64,2035.58
1504505,2,202406,50.3,49.46,2487.84
1504505,2,202407,40.8,53.55,2184.84
1504505,2,202408,36.9,55.29,2040.2
1504505,2,202409,41.5,56.54,2346.41
1504505,2,202410,59.8,51.26,3065.35
1504505,2,202411,65.5,46.01,3013.66
1504505,2,202412,93.2,41.43,3861.28
1504505,3,202201,9.6,91.63,879.65
1504505,3,202202,7.5,95.99,719.92
1504505,3,202203,8.2,91.39,749.4
1504505,3,202204,8.6,83.94,721.88
1504505,3,202205,7.0,90.52,633.64
1504505,3,202206,7.5,85.78,643.35
1504505,3,202207,7.6,81.41,618.72
1504505,3,202208,7.9,83.31,658.15
1504505,3,202209,12.1,83.85,1014.58
1504505,3,202210,13.2,87.49,1154.87
1504505,3,202211,14.7,88.89,1306.68
1504505,3,202212,14.1,93.47,1317.93
1504505,3,202301,15.2,98.22,1492.94
1504505,3,202302,13.3,103.37,1374.82
1504505,3,202303,16.5,106.58,1758.57
1504505,3,202304,11.7,96.34,1127.18
1504505,3,202305,12.2,90.74,1107.03
1504505,3,202306,10.7,84.5,904.15
1504505,3,202307,15.0,91.65,1374.75
1504505,3,202308,15.8,84.1,1328.78
1504505,3,202309,18.3,99.79,1826.16
1504505,3,202310,12.2,104.33,1272.83
1504505,3,202311,10.8,92.61,1000.19
1504505,3,202312,7.9,88.71,700.81
1504505,3,202401,9.7,105.65,1024.8
1504505,3,202402,9.5,114.43,1087.08
1504505,3,202403,12.0,95.76,1149.12
1504505,3,202404,12.4,110.08,1364.99
1504505,3,202405,8.9,88.62,788.72
1504505,3,202406,8.0,87.67,701.36
1504505,3,202407,10.5,93.58,982.59
1504505,3,202408,13.1,96.13,1259.3
1504505,3,202409,9.0,91.84,826.56
1504505,3,202410,10.3,96.43,993.23
1504505,3,202411,9.2,102.72,945.02
1504505,3,202412,8.3,106.41,883.2
1504604,1,202201,1072.2,10.22,10957.88
1504604,1,202202,701.5,11.85,8312.78
1504604,1,202203,781.8,12.37,9670.87
1504604,1,202204,629.1,11.85,7454.84
1504604,1,202205,713.2,12.65,9021.98
1504604,1,202206,840.2,11.6,9746.32
1504604,1,202207,1103.3,11.56,12754.15
1504604,1,202208,975.9,9.28,9056.35
1504604,1,202209,1312.3,9.11,11955.05
1504604,1,202210,1750.4,7.79,13635.62
1504604,1,202211,1323.7,8.16,10801.39
1504604,1,202212,1069.6,9.74,10417.9
1504604,1,202301,773.3,11.53,8916.15
1504604,1,202302,613.6,11.5,7056.4
1504604,1,202303,757.1,12.92,9781.73
1504604,1,202304,543.7,12.33,6703.82
1504604,1,202305,486.7,12.79,6224.89
1504604,1,202306,798.2,12.58,10041.36
1504604,1,202307,993.7,10.68,10612.72
1504604,1,202308,1593.6,9.65,15378.24
1504604,1,202309,1365.4,8.44,11523.98
1504604,1,202310,1342.1,8.35,11206.53
1504604,1,202311,1071.3,9.75,10445.17
1504604,1,202312,980.3,9.81,9616.74
1504604,1,202401,597.9,10.78,6445.36
1504604,1,202402,646.0,12.33,7965.18
1504604,1,202403,620.6,12.37,7676.82
1504604,1,202404,583.9,13.04,7614.06
1504604,1,202405,572.4,14.34,8208.22
1504604,1,202406,571.8,12.44,7113.19
1504604,1,202407,845.6,12.46,10536.18
1504604,1,202408,816.2,10.1,8243.62
1504604,1,202409,1108.9,9.26,10268.41
1504604,1,202410,1716.4,9.25,15876.7
1504604,1,202411,1864.5,8.12,15139.74
1504604,1,202412,1036.7,10.25,10626.18
1504604,2,202201,85.5,38.55,3296.02
1504604,2,202202,88.2,38.28,3376.3
1504604,2,202203,90.8,40.59,3685.57
1504604,2,202204,90.2,41.0,3698.2
1504604,2,202205,80.3,46.84,3761.25
1504604,2,202206,65.9,41.75,2751.32
1504604,2,202207,51.4,50.66,2603.92
1504604,2,202208,47.0,51.48,2419.56
1504604,2,202209,61.1,50.49,3084.94
1504604,2,202210,61.2,46.3,2833.56
1504604,2,202211,55.8,47.09,2627.62
1504604,2,202212,87.3,40.59,3543.51
1504604,2,202301,79.6,41.13,3273.95
1504604,2,202302,88.0,39.71,3494.48
1504604,2,202303,96.4,41.75,4024.7
1504604,2,202304,87.0,46.5,4045.5
1504604,2,202305,48.8,47.26,2306.29
1504604,2,202306,55.2,52.47,2896.34
1504604,2,202307,69.2,53.26,3685.59
1504604,2,202308,73.6,52.48,3862.53
1504604,2,202309,47.8,52.51,2509.98
1504604,2,202310,85.4,49.6,4235.84
1504604,2,202311,69.7,48.15,3356.06
1504604,2,202312,68.0,43.52,2959.36
1504604,2,202401,95.4,40.64,3877.06
1504604,2,202402,107.9,40.85,4407.72
1504604,2,202403,103.2,39.18,4043.38
1504604,2,202404,83.4,44.54,3714.64
1504604,2,202405,96.4,48.6,4685.04
1504604,2,202406,78.4,57.19,4483.7
1504604,2,202407,51.8,58.74,3042.73
1504604,2,202408,68.4,53.07,3629.99
1504604,2,202409,71.2,55.47,3949.46
1504604,2,202410,92.1,52.82,4864.72
1504604,2,202411,104.8,48.04,5034.59
1504604,2,202412,165.5,44.58,7377.99
1504604,3,202201,6.9,84.83,585.33
1504604,3,202202,8.8,94.02,827.38
1504604,3,202203,9.3,92.4,859.32
1504604,3,202204,10.2,98.22,1001.84
1504604,3,202205,8.9,97.83,870.69
1504604,3,202206,10.5,95.0,997.5
1504604,3,202207,8.6,90.41,777.53
1504604,3,202208,9.7,84.95,824.02
1504604,3,202209,9.9,87.0,861.3
1504604,3,202210,9.8,88.99,872.1
1504604,3,202211,10.7,84.84,907.79
1504604,3,202212,8.0,98.17,785.36
1504604,3,202301,9.0,101.92,917.28
1504604,3,202302,8.8,102.94,905.87
1504604,3,202303,7.6,87.85,667.66
1504604,3,202304,6.5,98.62,641.03
1504604,3,202305,11.0,98.43,1082.73
1504604,3,202306,10.7,90.72,970.7
1504604,3,202307,10.2,86.54,882.71
1504604,3,202308,8.5,82.19,698.62
1504604,3,202309,11.1,82.6,916.86
1504604,3,202310,12.6,91.5,1152.9
1504604,3,202311,12.7,92.51,1174.88
1504604,3,202312,10.8,95.22,1028.38
1504604,3,202401,11.2,110.37,1236.14
1504604,3,202402,8.7,96.76,841.81
1504604,3,202403,9.3,100.5,934.65
1504604,3,202404,9.4,108.97,1024.32
1504604,3,202405,10.4,95.7,995.28
1504604,3,202406,7.8,94.6,737.88
1504604,3,202407,12.7,91.35,1160.14
1504604,3,202408,16.3,94.65,1542.8
1504604,3,202409,11.2,83.15,931.28
1504604,3,202410,11.9,93.33,1110.63
1504604,3,202411,8.3,97.46,808.92
1504604,3,202412,8.7,95.24,828.59
1504703,1,202201,2465.7,11.78,29045.95
1504703,1,202202,2221.7,12.23,27171.39
1504703,1,202203,1400.2,13.78,19294.76
1504703,1,202204,1680.2,13.63,22901.13
1504703,1,202205,1543.7,12.47,19249.94
1504703,1,202206,1446.9,12.83,18563.73
1504703,1,202207,1875.0,11.31,21206.25
1504703,1,202208,2189.8,11.44,25051.31
1504703,1,202209,3370.8,9.88,33303.5
1504703,1,202210,3421.3,9.19,31441.75
1504703,1,202211,3130.9,9.3,29117.37
1504703,1,202212,3049.1,10.13,30887.38
1504703,1,202301,2819.9,11.1,31300.89
1504703,1,202302,2377.6,11.83,28127.01
1504703,1,202303,2355.4,13.21,31114.83
1504703,1,202304,2089.2,14.09,29436.83
1504703,1,202305,1938.9,12.42,24081.14
1504703,1,202306,2488.9,12.55,31235.7
1504703,1,202307,2514.5,11.53,28992.18
1504703,1,202308,2779.4,10.34,28739.0
1504703,1,202309,4100.0,9.24,37884.0
1504703,1,202310,4943.1,9.07,44833.92
1504703,1,202311,3832.2,10.41,39893.2
1504703,1,202312,2751.7,10.8,29718.36
1504703,1,202401,2886.1,11.8,34055.98
1504703,1,202402,2464.9,13.36,32931.06
1504703,1,202403,2011.3,14.32,28801.82
1504703,1,202404,1638.3,14.13,23149.18
1504703,1,202405,1759.4,13.8,24279.72
1504703,1,202406,1907.4,14.1,26894.34
1504703,1,202407,1970.6,11.88,23410.73
1504703,1,202408,2490.2,10.28,25599.26
1504703,1,202409,3010.5,9.9,29803.95
1504703,1,202410,2922.1,9.64,28169.04
1504703,1,202411,3357.9,8.99,30187.52
1504703,1,202412,3545.7,10.84,38435.39
1504703,2,202201,349.6,35.43,12386.33
1504703,2,202202,294.3,36.86,10847.9
1504703,2,202203,288.8,36.4,10512.32
1504703,2,202204,158.9,41.81,6643.61
1504703,2,202205,189.5,41.95,7949.52
1504703,2,202206,214.2,39.12,8379.5
1504703,2,202207,151.9,49.89,7578.29
1504703,2,202208,139.4,47.46,6615.92
1504703,2,202209,166.4,47.06,7830.78
1504703,2,202210,184.1,46.16,8498.06
1504703,2,202211,227.9,39.32,8961.03
1504703,2,202212,238.1,39.2,9333.52
1504703,2,202301,366.6,39.24,14385.38
1504703,2,202302,295.2,38.01,11220.55
1504703,2,202303,450.6,37.08,16708.25
1504703,2,202304,417.3,42.68,17810.36
1504703,2,202305,345.7,41.78,14443.35
1504703,2,202306,210.0,45.75,9607.5
1504703,2,202307,218.0,49.28,10743.04
1504703,2,202308,215.9,51.25,11064.88
1504703,2,202309,138.9,48.82,6781.1
1504703,2,202310,130.5,50.2,6551.1
1504703,2,202311,185.4,44.57,8263.28
1504703,2,202312,220.7,40.77,8997.94
1504703,2,202401,233.2,40.18,9369.98
1504703,2,202402,314.6,40.19,12643.77
1504703,2,202403,251.1,40.14,10079.15
1504703,2,202404,221.0,38.51,8510.71
1504703,2,202405,184.6,48.13,8884.8
1504703,2,202406,194.5,49.29,9586.91
1504703,2,202407,132.4,53.29,7055.6
1504703,2,202408,134.0,51.36,6882.24
1504703,2,202409,114.4,47.01,5377.94
1504703,2,202410,144.3,43.72,6308.8
1504703,2,202411,214.7,43.48,9335.16
1504703,2,202412,287.9,43.27,12457.43
1504703,3,202201,29.4,93.34,2744.2
1504703,3,202202,29.8,100.92,3007.42
1504703,3,202203,39.1,88.41,3456.83
1504703,3,202204,31.9,91.57,2921.08
1504703,3,202205,34.3,93.39,3203.28
1504703,3,202206,36.5,84.61,3088.26
1504703,3,202207,33.6,89.3,3000.48
1504703,3,202208,40.7,85.89,3495.72
1504703,3,202209,38.4,86.22,3310.85
1504703,3,202210,27.6,84.21,2324.2
1504703,3,202211,31.3,91.84,2874.59
1504703,3,202212,26.5,102.1,2705.65
1504703,3,202301,24.6,99.33,2443.52
1504703,3,202302,24.1,102.01,2458.44
1504703,3,202303,29.1,101.99,2967.91
1504703,3,202304,35.8,91.05,3259.59
1504703,3,202305,33.3,92.98,3096.23
1504703,3,202306,32.3,90.05,2908.62
1504703,3,202307,23.0,79.79,1835.17
1504703,3,202308,23.7,91.52,2169.02
1504703,3,202309,22.7,84.7,1922.69
1504703,3,202310,27.0,93.93,2536.11
1504703,3,202311,27.0,90.12,2433.24
1504703,3,202312,23.0,106.77,2455.71
1504703,3,202401,25.1,100.84,2531.08
1504703,3,202402,25.8,113.42,2926.24
1504703,3,202403,17.1,101.37,1733.43
1504703,3,202404,26.7,99.85,2666.0
1504703,3,202405,35.2,105.12,3700.22
1504703,3,202406,33.9,90.06,3053.03
1504703,3,202407,37.2,92.38,3436.54
1504703,3,202408,34.6,93.87,3247.9
1504703,3,202409,25.8,94.03,2425.97
1504703,3,202410,41.5,94.49,3921.33
1504703,3,202411,41.6,96.74,4024.38
1504703,3,202412,42.4,104.44,4428.26
1504752,1,202201,719.8,10.91,7853.02
1504752,1,202202,877.5,13.91,12206.02
1504752,1,202203,811.0,13.08,10607.88
1504752,1,202204,827.4,13.41,11095.43
1504752,1,202205,1153.0,13.71,15807.63
1504752,1,202206,1078.5,12.76,13761.66
1504752,1,202207,1028.6,10.85,11160.31
1504752,1,202208,1242.8,10.85,13484.38
1504752,1,202209,1083.0,9.93,10754.19
1504752,1,202210,1092.9,9.77,10677.63
1504752,1,202211,891.4,9.39,8370.25
1504752,1,202212,863.0,10.48,9044.24
1504752,1,202301,636.2,12.18,7748.92
1504752,1,202302,491.7,14.67,7213.24
1504752,1,202303,502.7,12.52,6293.8
1504752,1,202304,476.1,14.07,6698.73
1504752,1,202305,360.5,14.43,5202.02
1504752,1,202306,367.7,12.77,4695.53
1504752,1,202307,434.6,12.05,5236.93
1504752,1,202308,541.3,10.85,5873.1
1504752,1,202309,799.6,9.66,7724.14
1504752,1,202310,948.2,9.67,9169.09
1504752,1,202311,1136.7,10.3,11708.01
1504752,1,202312,1085.8,10.79,11715.78
1504752,1,202401,1016.0,12.39,12588.24
1504752,1,202402,838.8,13.89,11650.93
1504752,1,202403,681.1,14.97,10196.07
1504752,1,202404,728.2,14.05,10231.21
1504752,1,202405,792.4,15.33,12147.49
1504752,1,202406,836.7,13.69,11454.42
1504752,1,202407,1122.3,13.5,15151.05
1504752,1,202408,749.9,11.68,8758.83
1504752,1,202409,873.7,10.99,9601.96
1504752,1,202410,928.3,9.52,8837.42
1504752,1,202411,1163.1,10.18,11840.36
1504752,1,202412,1301.5,10.66,13873.99
1504752,2,202201,115.8,35.17,4072.69
1504752,2,202202,97.4,34.83,3392.44
1504752,2,202203,87.4,35.2,3076.48
1504752,2,202204,112.4,38.89,4371.24
1504752,2,202205,75.5,44.22,3338.61
1504752,2,202206,104.7,44.77,4687.42
1504752,2,202207,120.5,51.2,6169.6
1504752,2,202208,140.6,49.33,6935.8
1504752,2,202209,118.8,48.06,5709.53
1504752,2,202210,101.5,46.43,4712.64
1504752,2,202211,112.5,46.27,5205.38
1504752,2,202212,139.1,37.27,5184.26
1504752,2,202301,120.9,42.5,5138.25
1504752,2,202302,100.8,40.09,4041.07
1504752,2,202303,99.4,39.08,3884.55
1504752,2,202304,84.2,44.12,3714.9
1504752,2,202305,102.3,44.24,4525.75
1504752,2,202306,78.4,49.03,3843.95
1504752,2,202307,74.8,49.44,3698.11
1504752,2,202308,87.4,54.26,4742.32
1504752,2,202309,106.9,49.03,5241.31
1504752,2,202310,107.1,48.21,5163.29
1504752,2,202311,118.8,46.51,5525.39
1504752,2,202312,103.5,43.82,4535.37
1504752,2,202401,140.8,38.92,5479.94
1504752,2,202402,172.9,41.14,7113.11
1504752,2,202403,105.6,38.61,4077.22
1504752,2,202404,140.9,38.72,5455.65
1504752,2,202405,100.4,44.9,4507.96
1504752,2,202406,98.6,52.24,5150.86
1504752,2,202407,87.5,52.63,4605.12
1504752,2,202408,81.4,52.19,4248.27
1504752,2,202409,80.1,52.81,4230.08
1504752,2,202410,74.2,50.16,3721.87
1504752,2,202411,100.0,48.08,4808.0
1504752,2,202412,108.8,39.78,4328.06
1504752,3,202201,9.9,88.37,874.86
1504752,3,202202,9.8,91.98,901.4
1504752,3,202203,10.5,91.42,959.91
1504752,3,202204,12.3,89.21,1097.28
1504752,3,202205,10.7,89.21,954.55
1504752,3,202206,13.0,82.57,1073.41
1504752,3,202207,11.7,92.4,1081.08
1504752,3,202208,8.8,83.96,738.85
1504752,3,202209,8.8,86.93,764.98
1504752,3,202210,7.9,91.14,720.01
1504752,3,202211,8.9,99.59,886.35
1504752,3,202212,8.3,97.01,805.18
1504752,3,202301,8.5,97.25,826.62
1504752,3,202302,10.2,94.03,959.11
1504752,3,202303,12.7,100.14,1271.78
1504752,3,202304,12.1,101.67,1230.21
1504752,3,202305,13.9,94.27,1310.35
1504752,3,202306,12.3,91.09,1120.41
1504752,3,202307,9.0,89.69,807.21
1504752,3,202308,7.9,80.13,633.03
1504752,3,202309,8.6,89.39,768.75
1504752,3,202310,10.5,94.18,988.89
1504752,3,202311,9.7,93.39,905.88
1504752,3,202312,11.6,101.98,1182.97
1504752,3,202401,14.4,108.34,1560.1
1504752,3,202402,10.2,100.47,1024.79
1504752,3,202403,14.5,104.53,1515.68
1504752,3,202404,9.4,100.33,943.1
1504752,3,202405,14.0,87.82,1229.48
1504752,3,202406,13.0,93.41,1214.33
1504752,3,202407,12.0,87.52,1050.24
1504752,3,202408,11.9,91.98,1094.56
1504752,3,202409,10.1,95.35,963.03
1504752,3,202410,13.4,93.26,1249.68
1504752,3,202411,10.4,92.92,966.37
1504752,3,202412,9.0,101.29,911.61
1504802,1,202201,1495.5,11.34,16958.97
1504802,1,202202,1505.7,12.96,19513.87
1504802,1,202203,920.8,13.02,11988.82
1504802,1,202204,801.1,12.14,9725.35
1504802,1,202205,852.2,12.73,10848.51
1504802,1,202206,1103.0,12.53,13820.59
1504802,1,202207,932.7,11.41,10642.11
1504802,1,202208,932.1,11.07,10318.35
1504802,1,202209,1392.0,9.58,13335.36
1504802,1,202210,1109.7,9.02,10009.49
1504802,1,202211,1179.6,9.29,10958.48
1504802,1,202212,1237.5,10.76,13315.5
1504802,1,202301,1210.5,11.48,13896.54
1504802,1,202302,1009.1,12.98,13098.12
1504802,1,202303,850.6,13.24,11261.94
1504802,1,202304,985.2,15.36,15132.67
1504802,1,202305,1050.6,14.25,14971.05
1504802,1,202306,1021.9,12.61,12886.16
1504802,1,202307,1256.2,11.76,14772.91
1504802,1,202308,1625.6,10.86,17654.02
1504802,1,202309,2473.3,9.56,23644.75
1504802,1,202310,2615.2,9.1,23798.32
1504802,1,202311,2714.3,9.36,25405.85
1504802,1,202312,1811.3,10.77,19507.7
1504802,1,202401,1298.5,12.1,15711.85
1504802,1,202402,1052.0,13.31,14002.12
1504802,1,202403,922.6,13.62,12565.81
1504802,1,202404,753.3,14.96,11269.37
1504802,1,202405,1084.5,14.43,15649.34
1504802,1,202406,1394.5,13.39,18672.36
1504802,1,202407,1446.5,12.44,17994.46
1504802,1,202408,1883.8,11.44,21550.67
1504802,1,202409,2098.4,10.44,21907.3
1504802,1,202410,2379.9,10.0,23799.0
1504802,1,202411,1644.9,9.96,16383.2
1504802,1,202412,1482.2,10.72,15889.18
1504802,2,202201,161.6,37.93,6129.49
1504802,2,202202,130.1,36.97,4809.8
1504802,2,202203,108.1,40.07,4331.57
1504802,2,202204,108.4,44.64,4838.98
1504802,2,202205,108.4,46.44,5034.1
1504802,2,202206,103.3,53.06,5481.1
1504802,2,202207,89.3,52.28,4668.6
1504802,2,202208,83.1,53.11,4413.44
1504802,2,202209,87.3,52.6,4591.98
1504802,2,202210,109.5,52.11,5706.04
1504802,2,202211,159.8,47.87,7649.63
1504802,2,202212,113.2,39.43,4463.48
1504802,2,202301,156.4,42.38,6628.23
1504802,2,202302,163.0,40.31,6570.53
1504802,2,202303,178.0,40.33,7178.74
1504802,2,202304,197.1,39.62,7809.1
1504802,2,202305,137.9,43.33,5975.21
1504802,2,202306,144.1,49.4,7118.54
1504802,2,202307,98.1,49.15,4821.62
1504802,2,202308,102.2,52.9,5406.38
1504802,2,202309,103.6,54.8,5677.28
1504802,2,202310,118.3,48.87,5781.32
1504802,2,202311,114.3,47.0,5372.1
1504802,2,202312,152.3,41.03,6248.87
1504802,2,202401,226.7,42.92,9729.96
1504802,2,202402,178.0,42.37,7541.86
1504802,2,202403,180.2,39.38,7096.28
1504802,2,202404,190.9,43.3,8265.97
1504802,2,202405,149.9,45.62,6838.44
1504802,2,202406,166.6,53.59,8928.09
1504802,2,202407,126.6,55.37,7009.84
1504802,2,202408,116.3,55.75,6483.72
1504802,2,202409,99.8,54.56,5445.09
1504802,2,202410,119.7,53.1,6356.07
1504802,2,202411,140.4,49.44,6941.38
1504802,2,202412,182.3,43.85,7993.86
1504802,3,202201,19.7,102.17,2012.75
1504802,3,202202,23.8,92.38,2198.64
1504802,3,202203,23.7,98.58,2336.35
1504802,3,202204,24.9,87.82,2186.72
1504802,3,202205,28.0,89.93,2518.04
1504802,3,202206,29.4,85.4,2510.76
1504802,3,202207,36.2,84.11,3044.78
1504802,3,202208,35.0,83.17,2910.95
1504802,3,202209,23.8,91.71,2182.7
1504802,3,202210,34.2,96.13,3287.65
1504802,3,202211,40.2,91.08,3661.42
1504802,3,202212,31.9,90.81,2896.84
1504802,3,202301,31.0,92.13,2856.03
1504802,3,202302,38.1,92.52,3525.01
1504802,3,202303,42.6,105.86,4509.64
1504802,3,202304,49.8,89.58,4461.08
1504802,3,202305,47.2,91.56,4321.63
1504802,3,202306,50.2,91.5,4593.3
1504802,3,202307,58.9,77.91,4588.9
1504802,3,202308,46.9,82.65,3876.29
1504802,3,202309,46.3,82.99,3842.44
1504802,3,202310,28.0,87.82,2458.96
1504802,3,202311,22.4,94.82,2123.97
1504802,3,202312,27.9,101.49,2831.57
1504802,3,202401,32.6,98.91,3224.47
1504802,3,202402,30.0,100.68,3020.4
1504802,3,202403,28.0,101.64,2845.92
1504802,3,202404,29.0,96.16,2788.64
1504802,3,202405,33.7,99.25,3344.73
1504802,3,202406,24.0,96.42,2314.08
1504802,3,202407,32.6,80.43,2622.02
1504802,3,202408,35.9,94.34,3386.81
1504802,3,202409,38.8,92.74,3598.31
1504802,3,202410,37.0,95.51,3533.87
1504802,3,202411,28.0,103.11,2887.08
1504802,3,202412,24.4,91.56,2234.06
1504901,1,202201,970.0,10.86,10534.2
1504901,1,202202,856.4,10.8,9249.12
1504901,1,202203,672.8,11.63,7824.66
1504901,1,202204,704.3,12.51,8810.79
1504901,1,202205,645.6,12.3,7940.88
1504901,1,202206,598.5,10.69,6397.96
1504901,1,202207,987.6,10.99,10853.72
1504901,1,202208,1135.2,8.94,10148.69
1504901,1,202209,1185.2,9.3,11022.36
1504901,1,202210,1128.8,9.13,10305.94
1504901,1,202211,1338.7,8.52,11405.72
1504901,1,202212,1595.2,9.65,15393.68
1504901,1,202301,1166.3,10.32,12036.22
1504901,1,202302,934.7,12.51,11693.1
1504901,1,202303,1009.9,12.65,12775.24
1504901,1,202304,650.0,12.58,8177.0
1504901,1,202305,1063.3,12.79,13599.61
1504901,1,202306,1723.4,11.85,20422.29
1504901,1,202307,1006.7,10.8,10872.36
1504901,1,202308,1252.9,10.3,12904.87
1504901,1,202309,1309.4,8.64,11313.22
1504901,1,202310,1418.4,9.46,13418.06
1504901,1,202311,1345.1,8.41,11312.29
1504901,1,202312,1473.7,10.65,15694.9
1504901,1,202401,1188.7,10.87,12921.17
1504901,1,202402,848.7,12.63,10719.08
1504901,1,202403,775.2,13.18,10217.14
1504901,1,202404,857.5,13.6,11662.0
1504901,1,202405,724.6,14.06,10187.88
1504901,1,202406,667.1,13.62,9085.9
1504901,1,202407,1350.3,12.13,16379.14
1504901,1,202408,1378.2,10.03,13823.35
1504901,1,202409,1566.4,9.44,14786.82
1504901,1,202410,1568.9,8.69,13633.74
1504901,1,202411,1730.1,8.9,15397.89
1504901,1,202412,2073.1,9.66,20026.15
1504901,2,202201,110.8,39.26,4350.01
1504901,2,202202,111.7,36.13,4035.72
1504901,2,202203,159.7,37.57,5999.93
1504901,2,202204,118.9,41.09,4885.6
1504901,2,202205,105.0,42.5,4462.5
1504901,2,202206,95.8,50.13,4802.45
1504901,2,202207,105.8,50.07,5297.41
1504901,2,202208,77.1,48.13,3710.82
1504901,2,202209,99.3,49.44,4909.39
1504901,2,202210,95.2,48.62,4628.62
1504901,2,202211,160.5,44.01,7063.6
1504901,2,202212,157.4,42.47,6684.78
1504901,2,202301,119.0,41.91,4987.29
1504901,2,202302,118.7,44.86,5324.88
1504901,2,202303,148.4,43.13,6400.49
1504901,2,202304,126.2,39.89,5034.12
1504901,2,202305,104.3,45.96,4793.63
1504901,2,202306,101.9,49.64,5058.32
1504901,2,202307,81.8,54.42,4451.56
1504901,2,202308,75.1,51.37,3857.89
1504901,2,202309,66.1,51.49,3403.49
1504901,2,202310,106.6,47.28,5040.05
1504901,2,202311,89.7,45.41,4073.28
1504901,2,202312,109.4,42.08,4603.55
1504901,2,202401,132.7,41.63,5524.3
1504901,2,202402,133.7,38.93,5204.94
1504901,2,202403,102.0,44.41,4529.82
1504901,2,202404,84.6,46.03,3894.14
1504901,2,202405,92.9,45.2,4199.08
1504901,2,202406,74.1,52.31,3876.17
1504901,2,202407,50.5,50.78,2564.39
1504901,2,202408,63.9,59.77,3819.3
1504901,2,202409,62.0,59.53,3690.86
1504901,2,202410,85.9,52.1,4475.39
1504901,2,202411,96.6,46.57,4498.66
1504901,2,202412,108.2,43.49,4705.62
1504901,3,202201,10.8,91.66,989.93
1504901,3,202202,7.1,93.04,660.58
1504901,3,202203,8.2,92.84,761.29
1504901,3,202204,11.2,91.33,1022.9
1504901,3,202205,12.9,100.29,1293.74
1504901,3,202206,13.5,88.68,1197.18
1504901,3,202207,13.2,85.49,1128.47
1504901,3,202208,12.5,79.44,993.0
1504901,3,202209,11.7,80.21,938.46
1504901,3,202210,12.5,86.37,1079.62
1504901,3,202211,9.2,95.23,876.12
1504901,3,202212,12.9,91.78,1183.96
1504901,3,202301,10.6,97.7,1035.62
1504901,3,202302,12.0,95.59,1147.08
1504901,3,202303,12.1,90.25,1092.02
1504901,3,202304,10.1,98.54,995.25
1504901,3,202305,14.5,92.42,1340.09
1504901,3,202306,17.6,92.84,1633.98
1504901,3,202307,12.4,89.43,1108.93
1504901,3,202308,13.1,83.84,1098.3
1504901,3,202309,14.0,89.74,1256.36
1504901,3,202310,9.4,85.12,800.13
1504901,3,202311,7.1,94.62,671.8
1504901,3,202312,7.5,96.11,720.82
1504901,3,202401,7.0,110.44,773.08
1504901,3,202402,7.2,98.66,710.35
1504901,3,202403,7.1,95.69,679.4
1504901,3,202404,9.0,98.07,882.63
1504901,3,202405,9.3,100.21,931.95
1504901,3,202406,13.9,81.98,1139.52
1504901,3,202407,15.1,96.27,1453.68
1504901,3,202408,17.5,90.42,1582.35
1504901,3,202409,12.1,87.04,1053.18
1504901,3,202410,11.3,92.57,1046.04
1504901,3,202411,12.2,93.66,1142.65
1504901,3,202412,13.3,94.17,1252.46
1504950,1,202201,525.2,11.74,6165.85
1504950,1,202202,308.3,12.55,3869.17
1504950,1,202203,306.6,13.8,4231.08
1504950,1,202204,417.8,13.47,5627.77
1504950,1,202205,506.1,12.67,6412.29
1504950,1,202206,462.2,13.73,6346.01
1504950,1,202207,417.9,12.31,5144.35
1504950,1,202208,590.3,10.66,6292.6
1504950,1,202209,451.6,9.14,4127.62
1504950,1,202210,692.8,8.87,6145.14
1504950,1,202211,655.8,9.99,6551.44
1504950,1,202212,831.0,10.02,8326.62
1504950,1,202301,459.5,11.47,5270.46
1504950,1,202302,483.5,14.37,6947.9
1504950,1,202303,406.1,13.96,5669.16
1504950,1,202304,362.2,15.65,5668.43
1504950,1,202305,302.9,13.05,3952.84
1504950,1,202306,429.0,13.43,5761.47
1504950,1,202307,592.6,13.13,7780.84
1504950,1,202308,943.6,10.61,10011.6
1504950,1,202309,1111.8,9.56,10628.81
1504950,1,202310,893.8,8.82,7883.32
1504950,1,202311,676.8,10.22,6916.9
1504950,1,202312,486.2,10.2,4959.24
1504950,1,202401,606.3,12.22,7408.99
1504950,1,202402,430.0,12.75,5482.5
1504950,1,202403,514.2,15.68,8062.66
1504950,1,202404,497.5,15.74,7830.65
1504950,1,202405,508.5,14.49,7368.16
1504950,1,202406,508.5,12.81,6513.88
1504950,1,202407,668.8,13.26,8868.29
1504950,1,202408,749.9,10.79,8091.42
1504950,1,202409,772.5,9.5,7338.75
1504950,1,202410,926.0,8.88,8222.88
1504950,1,202411,824.8,9.73,8025.3
1504950,1,202412,619.9,10.22,6335.38
1504950,2,202201,57.9,39.04,2260.42
1504950,2,202202,77.6,36.69,2847.14
1504950,2,202203,81.4,37.97,3090.76
1504950,2,202204,78.4,43.06,3375.9
1504950,2,202205,62.0,43.05,2669.1
1504950,2,202206,40.4,48.38,1954.55
1504950,2,202207,33.0,54.64,1803.12
1504950,2,202208,34.7,52.14,1809.26
1504950,2,202209,30.2,48.17,1454.73
1504950,2,202210,39.1,53.94,2109.05
1504950,2,202211,53.7,49.15,2639.36
1504950,2,202212,65.3,42.68,2787.0
1504950,2,202301,74.2,43.4,3220.28
1504950,2,202302,51.3,39.25,2013.52
1504950,2,202303,69.4,42.22,2930.07
1504950,2,202304,46.0,42.38,1949.48
1504950,2,202305,43.3,43.73,1893.51
1504950,2,202306,45.8,57.27,2622.97
1504950,2,202307,44.4,49.29,2188.48
1504950,2,202308,33.3,54.63,1819.18
1504950,2,202309,30.6,53.64,1641.38
1504950,2,202310,40.1,51.62,2069.96
1504950,2,202311,52.7,46.59,2455.29
1504950,2,202312,48.9,43.12,2108.57
1504950,2,202401,62.4,42.58,2656.99
1504950,2,202402,50.2,42.31,2123.96
1504950,2,202403,61.5,42.28,2600.22
1504950,2,202404,49.4,44.8,2213.12
1504950,2,202405,48.1,45.49,2188.07
1504950,2,202406,43.8,57.78,2530.76
1504950,2,202407,51.0,56.4,2876.4
1504950,2,202408,48.5,56.48,2739.28
1504950,2,202409,42.7,53.23,2272.92
1504950,2,202410,50.7,49.69,2519.28
1504950,2,202411,83.1,50.74,4216.49
1504950,2,202412,91.4,44.6,4076.44
1504950,3,202201,5.5,89.62,492.91
1504950,3,202202,4.7,101.46,476.86
1504950,3,202203,4.5,96.74,435.33
1504950,3,202204,5.7,93.67,533.92
1504950,3,202205,5.8,96.44,559.35
1504950,3,202206,4.5,84.57,380.56
1504950,3,202207,5.8,90.95,527.51
1504950,3,202208,7.8,83.72,653.02
1504950,3,202209,7.6,82.63,627.99
1504950,3,202210,5.7,81.7,465.69
1504950,3,202211,4.2,97.42,409.16
1504950,3,202212,3.8,98.14,372.93
1504950,3,202301,4.3,96.14,413.4
1504950,3,202302,5.9,101.96,601.56
1504950,3,202303,4.9,99.09,485.54
1504950,3,202304,4.6,94.72,435.71
1504950,3,202305,6.2,98.23,609.03
1504950,3,202306,5.9,88.0,519.2
1504950,3,202307,8.4,79.53,668.05
1504950,3,202308,7.4,89.13,659.56
1504950,3,202309,8.5,89.03,756.76
1504950,3,202310,7.8,88.14,687.49
1504950,3,202311,7.7,89.52,689.3
1504950,3,202312,6.3,89.18,561.83
1504950,3,202401,5.7,100.41,572.34
1504950,3,202402,6.0,98.62,591.72
1504950,3,202403,6.7,107.3,718.91
1504950,3,202404,7.0,102.74,719.18
1504950,3,202405,4.9,94.87,464.86
1504950,3,202406,5.9,96.78,571.0
1504950,3,202407,5.6,91.66,513.3
1504950,3,202408,5.5,90.15,495.83
1504950,3,202409,6.4,91.9,588.16
1504950,3,202410,8.5,103.02,875.67
1504950,3,202411,7.0,100.38,702.66
1504950,3,202412,9.0,98.63,887.67
1504976,1,202201,454.3,9.87,4483.94
1504976,1,202202,339.3,10.59,3593.19
1504976,1,202203,317.9,12.62,4011.9
1504976,1,202204,259.9,12.3,3196.77
1504976,1,202205,286.5,12.73,3647.14
1504976,1,202206,469.7,12.16,5711.55
1504976,1,202207,464.0,11.41,5294.24
1504976,1,202208,564.7,9.21,5200.89
1504976,1,202209,458.4,9.09,4166.86
1504976,1,202210,685.3,8.61,5900.43
1504976,1,202211,565.8,9.07,5131.81
1504976,1,202212,601.8,9.5,5717.1
1504976,1,202301,459.0,12.14,5572.26
1504976,1,202302,415.9,12.46,5182.11
1504976,1,202303,387.8,14.64,5677.39
1504976,1,202304,313.6,13.18,4133.25
1504976,1,202305,393.6,13.9,5471.04
1504976,1,202306,357.8,12.48,4465.34
1504976,1,202307,492.5,11.15,5491.38
1504976,1,202308,519.3,10.47,5437.07
1504976,1,202309,627.7,9.13,5730.9
1504976,1,202310,590.9,7.84,4632.66
1504976,1,202311,580.6,7.95,4615.77
1504976,1,202312,425.3,10.81,4597.49
1504976,1,202401,407.5,12.5,5093.75
1504976,1,202402,357.1,14.28,5099.39
1504976,1,202403,290.7,13.88,4034.92
1504976,1,202404,289.3,13.34,3859.26
1504976,1,202405,322.3,13.61,4386.5
1504976,1,202406,332.6,13.0,4323.8
1504976,1,202407,408.8,11.18,4570.38
1504976,1,202408,424.5,11.43,4852.04
1504976,1,202409,813.7,10.76,8755.41
1504976,1,202410,927.1,9.51,8816.72
1504976,1,202411,808.8,9.61,7772.57
1504976,1,202412,794.0,9.86,7828.84
1504976,2,202201,41.4,39.1,1618.74
1504976,2,202202,62.6,36.57,2289.28
1504976,2,202203,67.9,41.01,2784.58
1504976,2,202204,55.6,39.65,2204.54
1504976,2,202205,50.9,41.63,2118.97
1504976,2,202206,48.3,49.6,2395.68
1504976,2,202207,31.7,54.04,1713.07
1504976,2,202208,43.4,50.71,2200.81
1504976,2,202209,44.7,51.88,2319.04
1504976,2,202210,39.5,47.38,1871.51
1504976,2,202211,36.7,46.65,1712.06
1504976,2,202212,53.8,43.97,2365.59
1504976,2,202301,60.0,40.19,2411.4
1504976,2,202302,65.9,37.79,2490.36
1504976,2,202303,61.0,37.86,2309.46
1504976,2,202304,45.1,45.34,2044.83
1504976,2,202305,46.1,44.21,2038.08
1504976,2,202306,39.2,51.25,2009.0
1504976,2,202307,36.2,54.98,1990.28
1504976,2,202308,54.4,52.49,2855.46
1504976,2,202309,55.9,52.44,2931.4
1504976,2,202310,61.8,52.89,3268.6
1504976,2,202311,97.4,44.95,4378.13
1504976,2,202312,88.5,41.37,3661.24
1504976,2,202401,81.1,41.79,3389.17
1504976,2,202402,65.3,44.04,2875.81
1504976,2,202403,56.8,45.83,2603.14
1504976,2,202404,36.5,44.73,1632.64
1504976,2,202405,43.6,46.9,2044.84
1504976,2,202406,31.9,55.1,1757.69
1504976,2,202407,38.6,50.52,1950.07
1504976,2,202408,37.3,56.59,2110.81
1504976,2,202409,39.8,54.79,2180.64
1504976,2,202410,43.2,55.74,2407.97
1504976,2,202411,63.0,52.11,3282.93
1504976,2,202412,80.6,42.89,3456.93
1504976,3,202201,7.2,91.88,661.54
1504976,3,202202,7.0,93.69,655.83
1504976,3,202203,6.4,92.51,592.06
1504976,3,202204,6.1,92.75,565.78
1504976,3,202205,5.5,81.88,450.34
1504976,3,202206,6.5,91.91,597.42
1504976,3,202207,6.3,94.05,592.52
1504976,3,202208,6.4,82.79,529.86
1504976,3,202209,7.6,90.49,687.72
1504976,3,202210,10.0,86.72,867.2
1504976,3,202211,9.0,87.33,785.97
1504976,3,202212,7.7,90.95,700.32
1504976,3,202301,7.0,98.89,692.23
1504976,3,202302,8.3,95.7,794.31
1504976,3,202303,8.2,101.49,832.22
1504976,3,202304,8.1,93.94,760.91
1504976,3,202305,8.4,88.71,745.16
1504976,3,202306,6.4,90.7,580.48
1504976,3,202307,7.7,85.71,659.97
1504976,3,202308,6.8,86.56,588.61
1504976,3,202309,7.7,88.5,681.45
1504976,3,202310,6.6,84.91,560.41
1504976,3,202311,7.5,100.68,755.1
1504976,3,202312,6.9,100.41,692.83
1504976,3,202401,5.5,99.08,544.94
1504976,3,202402,5.6,102.93,576.41
1504976,3,202403,9.2,105.55,971.06
1504976,3,202404,5.7,101.17,576.67
1504976,3,202405,6.8,106.78,726.1
1504976,3,202406,6.2,93.17,577.65
1504976,3,202407,9.2,97.79,899.67
1504976,3,202408,10.4,85.47,888.89
1504976,3,202409,9.8,86.87,851.33
1504976,3,202410,10.5,102.57,1076.98
1504976,3,202411,9.5,95.12,903.64
1504976,3,202412,8.4,94.44,793.3
1505007,1,202201,460.0,10.91,5018.6
1505007,1,202202,366.0,12.29,4498.14
1505007,1,202203,358.9,14.84,5326.08
1505007,1,202204,302.1,13.69,4135.75
1505007,1,202205,335.6,14.19,4762.16
1505007,1,202206,297.2,12.43,3694.2
1505007,1,202207,481.5,12.19,5869.48
1505007,1,202208,557.5,9.98,5563.85
1505007,1,202209,783.3,9.62,7535.35
1505007,1,202210,731.1,9.29,6791.92
1505007,1,202211,659.5,10.78,7109.41
1505007,1,202212,462.9,10.84,5017.84
1505007,1,202301,484.8,11.85,5744.88
1505007,1,202302,346.8,13.95,4837.86
1505007,1,202303,297.8,16.05,4779.69
1505007,1,202304,306.2,13.61,4167.38
1505007,1,202305,343.6,13.83,4751.99
1505007,1,202306,293.3,13.32,3906.76
1505007,1,202307,384.4,11.95,4593.58
1505007,1,202308,584.2,10.74,6274.31
1505007,1,202309,623.3,9.35,5827.86
1505007,1,202310,647.5,10.34,6695.15
1505007,1,202311,660.1,9.3,6138.93
1505007,1,202312,574.6,10.81,6211.43
1505007,1,202401,408.0,13.35,5446.8
1505007,1,202402,371.0,13.98,5186.58
1505007,1,202403,413.0,14.26,5889.38
1505007,1,202404,314.6,14.33,4508.22
1505007,1,202405,325.8,14.8,4821.84
1505007,1,202406,307.3,13.48,4142.4
1505007,1,202407,498.0,12.8,6374.4
1505007,1,202408,593.4,10.57,6272.24
1505007,1,202409,589.6,10.8,6367.68
1505007,1,202410,676.4,10.07,6811.35
1505007,1,202411,540.6,10.47,5660.08
1505007,1,202412,441.6,12.19,5383.1
1505007,2,202201,40.5,43.02,1742.31
1505007,2,202202,41.6,39.96,1662.34
1505007,2,202203,47.2,40.51,1912.07
1505007,2,202204,40.0,42.4,1696.0
1505007,2,202205,37.3,44.58,1662.83
1505007,2,202206,39.0,49.63,1935.57
1505007,2,202207,43.7,49.46,2161.4
1505007,2,202208,38.4,49.06,1883.9
1505007,2,202209,36.4,50.01,1820.36
1505007,2,202210,30.4,51.6,1568.64
1505007,2,202211,47.6,42.31,2013.96
1505007,2,202212,53.9,39.17,2111.26
1505007,2,202301,55.5,41.94,2327.67
1505007,2,202302,54.8,38.96,2135.01
1505007,2,202303,54.3,41.72,2265.4
1505007,2,202304,54.2,45.49,2465.56
1505007,2,202305,51.7,47.89,2475.91
1505007,2,202306,54.5,48.74,2656.33
1505007,2,202307,43.3,56.38,2441.25
1505007,2,202308,50.7,55.85,2831.6
1505007,2,202309,51.9,52.95,2748.1
1505007,2,202310,46.4,50.26,2332.06
1505007,2,202311,34.8,47.68,1659.26
1505007,2,202312,42.4,42.62,1807.09
1505007,2,202401,63.3,38.97,2466.8
1505007,2,202402,51.8,42.89,2221.7
1505007,2,202403,51.0,43.77,2232.27
1505007,2,202404,47.7,40.07,1911.34
1505007,2,202405,49.3,49.86,2458.1
1505007,2,202406,37.7,57.04,2150.41
1505007,2,202407,29.0,51.9,1505.1
1505007,2,202408,32.8,55.69,1826.63
1505007,2,202409,29.5,54.42,1605.39
1505007,2,202410,24.5,56.77,1390.86
1505007,2,202411,45.6,51.4,2343.84
1505007,2,202412,59.1,43.02,2542.48
1505007,3,202201,6.0,100.23,601.38
1505007,3,202202,4.7,98.51,463.0
1505007,3,202203,4.8,93.85,450.48
1505007,3,202204,3.6,92.23,332.03
1505007,3,202205,4.0,79.18,316.72
1505007,3,202206,5.6,83.79,469.22
1505007,3,202207,5.1,86.04,438.8
1505007,3,202208,4.3,81.43,350.15
1505007,3,202209,4.2,79.85,335.37
1505007,3,202210,4.2,89.42,375.56
1505007,3,202211,5.2,96.08,499.62
1505007,3,202212,5.4,89.42,482.87
1505007,3,202301,5.7,102.87,586.36
1505007,3,202302,5.4,102.88,555.55
1505007,3,202303,4.7,93.77,440.72
1505007,3,202304,4.4,92.96,409.02
1505007,3,202305,5.4,102.43,553.12
1505007,3,202306,7.7,85.86,661.12
1505007,3,202307,6.1,86.08,525.09
1505007,3,202308,5.1,97.07,495.06
1505007,3,202309,4.5,86.25,388.12
1505007,3,202310,5.7,97.15,553.76
1505007,3,202311,5.5,88.94,489.17
1505007,3,202312,5.9,97.08,572.77
1505007,3,202401,5.0,107.96,539.8
1505007,3,202402,5.7,100.65,573.71
1505007,3,202403,5.3,102.76,544.63
1505007,3,202404,4.2,103.91,436.42
1505007,3,202405,5.8,92.91,538.88
1505007,3,202406,6.1,105.46,643.31
1505007,3,202407,6.0,97.06,582.36
1505007,3,202408,6.6,89.75,592.35
1505007,3,202409,5.0,91.07,455.35
1505007,3,202410,5.8,103.74,601.69
1505007,3,202411,5.1,95.49,487.0
1505007,3,202412,5.1,97.78,498.68
1505031,1,202201,642.3,10.89,6994.65
1505031,1,202202,517.0,12.58,6503.86
1505031,1,202203,473.5,14.67,6946.24
1505031,1,202204,472.2,12.73,6011.11
1505031,1,202205,445.5,14.04,6254.82
1505031,1,202206,384.3,13.11,5038.17
1505031,1,202207,505.6,12.75,6446.4
1505031,1,202208,755.7,9.55,7216.94
1505031,1,202209,947.1,10.24,9698.3
1505031,1,202210,1276.5,8.87,11322.55
1505031,1,202211,1625.7,9.24,15021.47
1505031,1,202212,1373.6,9.72,13351.39
1505031,1,202301,1265.1,11.37,14384.19
1505031,1,202302,1004.7,13.53,13593.59
1505031,1,202303,1014.9,13.42,13619.96
1505031,1,202304,1080.9,15.07,16289.16
1505031,1,202305,1030.9,13.72,14143.95
1505031,1,202306,1061.3,12.48,13245.02
1505031,1,202307,1012.8,11.69,11839.63
1505031,1,202308,1089.6,10.92,11898.43
1505031,1,202309,1106.3,9.68,10708.98
1505031,1,202310,1289.9,9.5,12254.05
1505031,1,202311,1032.3,10.17,10498.49
1505031,1,202312,900.4,11.34,10210.54
1505031,1,202401,510.2,12.27,6260.15
1505031,1,202402,706.1,13.07,9228.73
1505031,1,202403,592.0,14.79,8755.68
1505031,1,202404,620.8,15.44,9585.15
1505031,1,202405,826.0,13.69,11307.94
1505031,1,202406,881.2,13.17,11605.4
1505031,1,202407,1243.6,12.02,14948.07
1505031,1,202408,1013.0,11.04,11183.52
1505031,1,202409,1767.7,9.82,17358.81
1505031,1,202410,1895.7,10.2,19336.14
1505031,1,202411,1568.5,9.41,14759.58
1505031,1,202412,1579.3,10.31,16282.58
1505031,2,202201,185.0,37.06,6856.1
1505031,2,202202,145.4,35.85,5212.59
1505031,2,202203,133.5,35.93,4796.66
1505031,2,202204,129.9,38.89,5051.81
1505031,2,202205,97.5,40.52,3950.7
1505031,2,202206,119.9,49.74,5963.83
1505031,2,202207,89.5,53.54,4791.83
1505031,2,202208,65.1,45.13,2937.96
1505031,2,202209,66.4,49.56,3290.78
1505031,2,202210,89.4,47.11,4211.63
1505031,2,202211,88.4,43.68,3861.31
1505031,2,202212,112.7,38.82,4375.01
1505031,2,202301,139.2,41.17,5730.86
1505031,2,202302,112.6,39.01,4392.53
1505031,2,202303,105.7,41.19,4353.78
1505031,2,202304,111.9,40.08,4484.95
1505031,2,202305,115.2,41.95,4832.64
1505031,2,202306,89.4,49.39,4415.47
1505031,2,202307,85.6,48.41,4143.9
1505031,2,202308,78.9,54.5,4300.05
1505031,2,202309,95.3,45.67,4352.35
1505031,2,202310,110.6,47.21,5221.43
1505031,2,202311,110.6,43.6,4822.16
1505031,2,202312,135.8,40.9,5554.22
1505031,2,202401,134.0,41.09,5506.06
1505031,2,202402,151.9,40.41,6138.28
1505031,2,202403,155.9,41.87,6527.53
1505031,2,202404,207.8,44.77,9303.21
1505031,2,202405,141.7,46.21,6547.96
1505031,2,202406,111.1,55.68,6186.05
1505031,2,202407,86.4,56.45,4877.28
1505031,2,202408,70.9,52.77,3741.39
1505031,2,202409,73.8,52.3,3859.74
1505031,2,202410,99.6,49.28,4908.29
1505031,2,202411,129.7,47.46,6155.56
1505031,2,202412,147.9,41.07,6074.25
1505031,3,202201,10.7,96.69,1034.58
1505031,3,202202,11.5,95.58,1099.17
1505031,3,202203,12.7,93.43,1186.56
1505031,3,202204,12.1,92.66,1121.19
1505031,3,202205,10.3,87.07,896.82
1505031,3,202206,12.9,90.2,1163.58
1505031,3,202207,16.6,79.9,1326.34
1505031,3,202208,15.0,86.0,1290.0
1505031,3,202209,12.7,82.48,1047.5
1505031,3,202210,17.2,85.46,1469.91
1505031,3,202211,17.7,88.22,1561.49
1505031,3,202212,15.1,91.94,1388.29
1505031,3,202301,17.2,100.97,1736.68
1505031,3,202302,16.6,99.04,1644.06
1505031,3,202303,21.9,103.17,2259.42
1505031,3,202304,21.9,101.58,2224.6
1505031,3,202305,15.5,95.06,1473.43
1505031,3,202306,14.7,93.94,1380.92
1505031,3,202307,14.5,98.19,1423.76
1505031,3,202308,16.9,81.98,1385.46
1505031,3,202309,16.2,93.64,1516.97
1505031,3,202310,13.3,98.08,1304.46
1505031,3,202311,15.6,95.65,1492.14
1505031,3,202312,18.2,106.04,1929.93
1505031,3,202401,16.3,111.73,1821.2
1505031,3,202402,16.3,101.31,1651.35
1505031,3,202403,13.5,100.93,1362.56
1505031,3,202404,13.5,102.81,1387.94
1505031,3,202405,13.9,94.21,1309.52
1505031,3,202406,17.6,107.97,1900.27
1505031,3,202407,19.2,95.86,1840.51
1505031,3,202408,18.2,91.58,1666.76
1505031,3,202409,17.1,85.88,1468.55
1505031,3,202410,12.0,95.48,1145.76
1505031,3,202411,18.1,91.61,1658.14
1505031,3,202412,11.6,103.99,1206.28
1505064,1,202201,1525.0,10.68,16287.0
1505064,1,202202,1002.0,12.06,12084.12
1505064,1,202203,887.9,12.99,11533.82
1505064,1,202204,884.5,13.01,11507.34
1505064,1,202205,954.2,13.17,12566.81
1505064,1,202206,1219.4,12.02,14657.19
1505064,1,202207,1348.3,11.58,15613.31
1505064,1,202208,2261.3,9.74,22025.06
1505064,1,202209,2645.4,9.57,25316.48
1505064,1,202210,2237.8,8.76,19603.13
1505064,1,202211,2212.3,7.93,17543.54
1505064,1,202212,2002.0,10.81,21641.62
1505064,1,202301,2138.1,10.6,22663.86
1505064,1,202302,1475.2,12.99,19162.85
1505064,1,202303,1478.3,12.91,19084.85
1505064,1,202304,1340.7,13.92,18662.54
1505064,1,202305,1772.2,12.46,22081.61
1505064,1,202306,2237.1,12.44,27829.52
1505064,1,202307,2334.6,10.77,25143.64
1505064,1,202308,2368.9,10.56,25015.58
1505064,1,202309,2813.3,9.12,25657.3
1505064,1,202310,2679.3,9.03,24194.08
1505064,1,202311,3379.9,8.01,27073.0
1505064,1,202312,2639.4,9.72,25654.97
1505064,1,202401,1878.3,11.6,21788.28
1505064,1,202402,1423.5,12.7,18078.45
1505064,1,202403,1030.2,14.1,14525.82
1505064,1,202404,1204.3,13.5,16258.05
1505064,1,202405,1114.5,13.47,15012.32
1505064,1,202406,1663.5,13.32,22157.82
1505064,1,202407,1519.8,10.14,15410.77
1505064,1,202408,1997.1,10.48,20929.61
1505064,1,202409,2899.3,9.15,26528.6
1505064,1,202410,1945.3,8.58,16690.67
1505064,1,202411,3014.0,9.46,28512.44
1505064,1,202412,2288.4,10.82,24760.49
1505064,2,202201,111.2,39.08,4345.7
1505064,2,202202,125.6,33.95,4264.12
1505064,2,202203,167.0,37.45,6254.15
1505064,2,202204,148.4,41.19,6112.6
1505064,2,202205,130.4,43.61,5686.74
1505064,2,202206,123.0,48.8,6002.4
1505064,2,202207,92.9,48.17,4474.99
1505064,2,202208,96.7,48.08,4649.34
1505064,2,202209,122.3,44.73,5470.48
1505064,2,202210,136.4,45.57,6215.75
1505064,2,202211,176.5,44.1,7783.65
1505064,2,202212,228.4,41.29,9430.64
1505064,2,202301,266.0,35.23,9371.18
1505064,2,202302,211.6,39.15,8284.14
1505064,2,202303,187.2,35.99,6737.33
1505064,2,202304,244.3,39.93,9754.9
1505064,2,202305,200.1,42.21,8446.22
1505064,2,202306,165.1,47.67,7870.32
1505064,2,202307,120.2,49.3,5925.86
1505064,2,202308,116.7,51.66,6028.72
1505064,2,202309,140.2,53.81,7544.16
1505064,2,202310,148.4,47.62,7066.81
1505064,2,202311,149.8,42.19,6320.06
1505064,2,202312,165.5,41.11,6803.7
1505064,2,202401,216.9,44.3,9608.67
1505064,2,202402,237.9,40.58,9653.98
1505064,2,202403,233.0,42.14,9818.62
1505064,2,202404,211.1,39.46,8330.01
1505064,2,202405,138.7,47.1,6532.77
1505064,2,202406,133.5,49.0,6541.5
1505064,2,202407,148.3,50.46,7483.22
1505064,2,202408,127.3,53.07,6755.81
1505064,2,202409,153.3,52.49,8046.72
1505064,2,202410,170.7,48.14,8217.5
1505064,2,202411,205.8,46.64,9598.51
1505064,2,202412,210.8,42.37,8931.6
1505064,3,202201,14.0,100.01,1400.14
1505064,3,202202,11.7,94.67,1107.64
1505064,3,202203,8.5,92.66,787.61
1505064,3,202204,9.8,103.94,1018.61
1505064,3,202205,11.1,96.62,1072.48
1505064,3,202206,12.0,87.92,1055.04
1505064,3,202207,16.4,81.28,1332.99
1505064,3,202208,16.5,76.42,1260.93
1505064,3,202209,17.4,88.4,1538.16
1505064,3,202210,14.5,93.0,1348.5
1505064,3,202211,14.4,91.8,1321.92
1505064,3,202212,10.2,85.1,868.02
1505064,3,202301,11.0,99.26,1091.86
1505064,3,202302,9.7,96.83,939.25
1505064,3,202303,13.3,99.26,1320.16
1505064,3,202304,13.3,106.25,1413.12
1505064,3,202305,15.2,97.37,1480.02
1505064,3,202306,15.7,93.45,1467.16
1505064,3,202307,21.3,88.54,1885.9
1505064,3,202308,13.8,89.83,1239.65
1505064,3,202309,13.6,85.59,1164.02
1505064,3,202310,11.3,93.35,1054.86
1505064,3,202311,8.0,92.7,741.6
1505064,3,202312,7.8,92.52,721.66
1505064,3,202401,11.2,106.5,1192.8
1505064,3,202402,11.4,92.15,1050.51
1505064,3,202403,11.4,99.5,1134.3
1505064,3,202404,14.0,103.23,1445.22
1505064,3,202405,14.5,103.34,1498.43
1505064,3,202406,16.6,96.53,1602.4
1505064,3,202407,17.2,89.1,1532.52
1505064,3,202408,18.1,91.14,1649.63
1505064,3,202409,15.4,93.5,1439.9
1505064,3,202410,17.7,101.94,1804.34
1505064,3,202411,12.5,101.78,1272.25
1505064,3,202412,12.2,104.87,1279.41
1505106,1,202201,1655.7,10.71,17732.55
1505106,1,202202,1650.0,11.23,18529.5
1505106,1,202203,1609.4,13.29,21388.93
1505106,1,202204,1377.9,13.31,18339.85
1505106,1,202205,1215.4,11.87,14426.8
1505106,1,202206,1260.9,12.27,15471.24
1505106,1,202207,1856.7,10.88,20200.9
1505106,1,202208,2147.5,10.02,21517.95
1505106,1,202209,2005.0,8.75,17543.75
1505106,1,202210,1667.2,8.28,13804.42
1505106,1,202211,2181.7,8.59,18740.8
1505106,1,202212,1813.1,9.5,17224.45
1505106,1,202301,1723.9,11.36,19583.5
1505106,1,202302,1840.7,12.63,23248.04
1505106,1,202303,1184.4,13.28,15728.83
1505106,1,202304,1178.1,13.44,15833.66
1505106,1,202305,1239.5,13.18,16336.61
1505106,1,202306,1562.0,14.21,22196.02
1505106,1,202307,2314.5,10.92,25274.34
1505106,1,202308,1982.7,9.88,19589.08
1505106,1,202309,2607.2,10.94,28522.77
1505106,1,202310,3245.8,9.15,29699.07
1505106,1,202311,2762.7,8.66,23924.98
1505106,1,202312,2293.4,10.59,24287.11
1505106,1,202401,2035.8,11.3,23004.54
1505106,1,202402,1758.5,13.68,24056.28
1505106,1,202403,1645.2,13.84,22769.57
1505106,1,202404,1625.5,14.0,22757.0
1505106,1,202405,1319.8,15.15,19994.97
1505106,1,202406,1838.8,13.45,24731.86
1505106,1,202407,2559.1,12.42,31784.02
1505106,1,202408,2809.8,10.82,30402.04
1505106,1,202409,2251.4,9.47,21320.76
1505106,1,202410,2456.1,9.64,23676.8
1505106,1,202411,2542.3,10.28,26134.84
1505106,1,202412,1848.7,10.66,19707.14
1505106,2,202201,259.7,33.19,8619.44
1505106,2,202202,283.8,35.75,10145.85
1505106,2,202203,316.8,35.84,11354.11
1505106,2,202204,292.5,33.53,9807.52
1505106,2,202205,235.3,41.99,9880.25
1505106,2,202206,135.3,44.22,5982.97
1505106,2,202207,152.7,43.63,6662.3
1505106,2,202208,130.1,44.96,5849.3
1505106,2,202209,144.8,47.55,6885.24
1505106,2,202210,180.4,38.23,6896.69
1505106,2,202211,263.0,40.13,10554.19
1505106,2,202212,380.5,38.35,14592.18
1505106,2,202301,301.0,35.0,10535.0
1505106,2,202302,235.5,35.47,8353.18
1505106,2,202303,259.4,35.33,9164.6
1505106,2,202304,252.5,35.93,9072.33
1505106,2,202305,178.9,38.8,6941.32
1505106,2,202306,171.6,45.0,7722.0
1505106,2,202307,184.1,44.22,8140.9
1505106,2,202308,141.5,43.05,6091.58
1505106,2,202309,133.2,45.93,6117.88
1505106,2,202310,147.2,42.33,6230.98
1505106,2,202311,181.5,38.05,6906.08
1505106,2,202312,255.1,37.51,9568.8
1505106,2,202401,267.8,37.76,10112.13
1505106,2,202402,287.8,35.54,10228.41
1505106,2,202403,423.3,34.46,14586.92
1505106,2,202404,279.6,39.58,11066.57
1505106,2,202405,215.0,43.99,9457.85
1505106,2,202406,222.4,50.16,11155.58
1505106,2,202407,236.4,50.72,11990.21
1505106,2,202408,226.4,45.68,10341.95
1505106,2,202409,299.6,49.26,14758.3
1505106,2,202410,291.5,45.48,13257.42
1505106,2,202411,203.9,39.43,8039.78
1505106,2,202412,251.6,39.19,9860.2
1505106,3,202201,15.4,99.13,1526.6
1505106,3,202202,12.8,97.64,1249.79
1505106,3,202203,14.3,90.39,1292.58
1505106,3,202204,18.8,92.69,1742.57
1505106,3,202205,18.5,86.92,1608.02
1505106,3,202206,22.6,76.69,1733.19
1505106,3,202207,20.1,74.28,1493.03
1505106,3,202208,19.2,77.6,1489.92
1505106,3,202209,26.4,75.7,1998.48
1505106,3,202210,27.7,84.95,2353.12
1505106,3,202211,22.9,84.05,1924.74
1505106,3,202212,18.3,90.9,1663.47
1505106,3,202301,21.9,96.62,2115.98
1505106,3,202302,24.3,98.58,2395.49
1505106,3,202303,25.4,90.22,2291.59
1505106,3,202304,23.2,94.96,2203.07
1505106,3,202305,19.2,85.66,1644.67
1505106,3,202306,21.2,90.31,1914.57
1505106,3,202307,29.4,90.55,2662.17
1505106,3,202308,23.4,87.57,2049.14
1505106,3,202309,23.8,84.43,2009.43
1505106,3,202310,31.1,89.66,2788.43
1505106,3,202311,25.1,83.22,2088.82
1505106,3,202312,22.3,84.75,1889.92
1505106,3,202401,16.6,100.47,1667.8
1505106,3,202402,20.1,105.58,2122.16
1505106,3,202403,18.0,92.29,1661.22
1505106,3,202404,15.0,96.18,1442.7
1505106,3,202405,15.5,95.37,1478.24
1505106,3,202406,19.8,87.77,1737.85
1505106,3,202407,16.8,86.97,1461.1
1505106,3,202408,15.7,90.44,1419.91
1505106,3,202409,20.9,88.94,1858.85
1505106,3,202410,21.6,91.02,1966.03
1505106,3,202411,18.4,88.83,1634.47
1505106,3,202412,18.3,95.95,1755.89
1505205,1,202201,1825.5,9.77,17835.13
1505205,1,202202,1503.7,11.98,18014.33
1505205,1,202203,1319.5,11.61,15319.39
1505205,1,202204,1233.6,12.04,14852.54
1505205,1,202205,996.3,12.97,12922.01
1505205,1,202206,1195.8,11.07,13237.51
1505205,1,202207,1559.1,10.21,15918.41
1505205,1,202208,1751.1,8.77,15357.15
1505205,1,202209,2204.2,8.79,19374.92
1505205,1,202210,2323.8,8.5,19752.3
1505205,1,202211,2552.3,8.75,22332.62
1505205,1,202212,2398.9,9.48,22741.57
1505205,1,202301,1920.4,10.76,20663.5
1505205,1,202302,1190.3,11.54,13736.06
1505205,1,202303,1543.8,12.16,18772.61
1505205,1,202304,1315.3,13.83,18190.6
1505205,1,202305,1304.2,13.16,17163.27
1505205,1,202306,1370.4,11.44,15677.38
1505205,1,202307,1519.4,10.74,16318.36
1505205,1,202308,2503.6,9.45,23659.02
1505205,1,202309,3366.1,8.29,27904.97
1505205,1,202310,3298.8,8.54,28171.75
1505205,1,202311,2742.1,8.59,23554.64
1505205,1,202312,2535.3,9.15,23198.0
1505205,1,202401,1991.8,10.33,20575.29
1505205,1,202402,1534.5,11.37,17447.26
1505205,1,202403,1412.4,12.91,18234.08
1505205,1,202404,1205.6,13.41,16167.1
1505205,1,202405,1341.1,12.59,16884.45
1505205,1,202406,1568.9,12.7,19925.03
1505205,1,202407,2046.4,11.09,22694.58
1505205,1,202408,2069.3,10.25,21210.32
1505205,1,202409,2712.6,9.02,24467.65
1505205,1,202410,2318.8,8.45,19593.86
1505205,1,202411,2082.7,9.16,19077.53
1505205,1,202412,1783.9,9.35,16679.46
1505205,2,202201,219.1,38.08,8343.33
1505205,2,202202,173.9,34.56,6009.98
1505205,2,202203,173.0,35.32,6110.36
1505205,2,202204,175.2,38.99,6831.05
1505205,2,202205,110.5,45.01,4973.6
1505205,2,202206,80.4,41.78,3359.11
1505205,2,202207,91.3,47.26,4314.84
1505205,2,202208,101.1,52.29,5286.52
1505205,2,202209,79.1,45.25,3579.27
1505205,2,202210,109.7,48.75,5347.88
1505205,2,202211,162.6,40.25,6544.65
1505205,2,202212,171.5,37.63,6453.54
1505205,2,202301,189.5,38.26,7250.27
1505205,2,202302,216.4,41.35,8948.14
1505205,2,202303,217.2,37.33,8108.08
1505205,2,202304,138.9,37.57,5218.47
1505205,2,202305,113.8,41.29,4698.8
1505205,2,202306,105.5,49.89,5263.4
1505205,2,202307,91.3,46.77,4270.1
1505205,2,202308,130.3,54.05,7042.72
1505205,2,202309,146.7,50.22,7367.27
1505205,2,202310,123.8,47.54,5885.45
1505205,2,202311,141.2,44.96,6348.35
1505205,2,202312,204.9,39.36,8064.86
1505205,2,202401,189.5,40.3,7636.85
1505205,2,202402,232.1,36.83,8548.24
1505205,2,202403,273.9,42.81,11725.66
1505205,2,202404,273.7,40.42,11062.95
1505205,2,202405,212.1,47.02,9972.94
1505205,2,202406,210.2,46.95,9868.89
1505205,2,202407,149.8,50.6,7579.88
1505205,2,202408,214.9,51.92,11157.61
1505205,2,202409,188.2,60.33,11354.11
1505205,2,202410,220.2,49.41,10880.08
1505205,2,202411,198.1,44.15,8746.12
1505205,2,202412,228.6,41.61,9512.05
1505205,3,202201,10.5,93.61,982.9
1505205,3,202202,9.7,87.19,845.74
1505205,3,202203,10.3,90.82,935.45
1505205,3,202204,9.5,92.62,879.89
1505205,3,202205,11.0,87.9,966.9
1505205,3,202206,11.4,86.72,988.61
1505205,3,202207,10.6,80.76,856.06
1505205,3,202208,8.4,84.78,712.15
1505205,3,202209,12.0,81.52,978.24
1505205,3,202210,14.1,96.64,1362.62
1505205,3,202211,11.4,82.12,936.17
1505205,3,202212,12.8,103.4,1323.52
1505205,3,202301,10.1,91.52,924.35
1505205,3,202302,10.1,103.05,1040.8
1505205,3,202303,9.9,100.03,990.3
1505205,3,202304,10.5,89.79,942.8
1505205,3,202305,13.3,94.01,1250.33
1505205,3,202306,12.9,86.33,1113.66
1505205,3,202307,13.0,87.69,1139.97
1505205,3,202308,15.7,86.4,1356.48
1505205,3,202309,15.3,84.99,1300.35
1505205,3,202310,13.0,86.6,1125.8
1505205,3,202311,13.3,92.8,1234.24
1505205,3,202312,15.2,89.82,1365.26
1505205,3,202401,16.6,95.44,1584.3
1505205,3,202402,11.5,105.34,1211.41
1505205,3,202403,9.5,101.82,967.29
1505205,3,202404,13.2,91.41,1206.61
1505205,3,202405,13.2,90.11,1189.45
1505205,3,202406,9.5,82.59,784.6
1505205,3,202407,10.3,94.0,968.2
1505205,3,202408,11.2,92.18,1032.42
1505205,3,202409,11.9,85.06,1012.21
1505205,3,202410,14.6,94.93,1385.98
1505205,3,202411,11.8,104.63,1234.63
1505205,3,202412,14.3,90.35,1292.0
1505304,1,202201,1513.8,11.51,17423.84
1505304,1,202202,1610.5,12.63,20340.62
1505304,1,202203,1304.8,12.88,16805.82
1505304,1,202204,1527.4,13.97,21337.78
1505304,1,202205,1223.1,14.52,17759.41
1505304,1,202206,1283.9,12.67,16267.01
1505304,1,202207,1767.0,11.52,20355.84
1505304,1,202208,2650.5,10.36,27459.18
1505304,1,202209,3789.0,8.51,32244.39
1505304,1,202210,3406.4,9.05,30827.92
1505304,1,202211,4103.2,8.71,35738.87
1505304,1,202212,2835.5,9.73,27589.42
1505304,1,202301,2627.4,13.01,34182.47
1505304,1,202302,1631.2,12.74,20781.49
1505304,1,202303,1532.8,13.3,20386.24
1505304,1,202304,927.1,14.96,13869.42
1505304,1,202305,922.1,13.16,12134.84
1505304,1,202306,1354.1,12.62,17088.74
1505304,1,202307,1367.9,12.43,17003.0
1505304,1,202308,2022.1,10.47,21171.39
1505304,1,202309,2856.9,8.83,25226.43
1505304,1,202310,2652.2,9.48,25142.86
1505304,1,202311,2166.8,9.36,20281.25
1505304,1,202312,1901.6,11.29,21469.06
1505304,1,202401,1455.7,11.78,17148.15
1505304,1,202402,1356.4,14.14,19179.5
1505304,1,202403,1319.9,15.68,20696.03
1505304,1,202404,1245.3,14.08,17533.82
1505304,1,202405,1854.6,14.21,26353.87
1505304,1,202406,1694.5,13.68,23180.76
1505304,1,202407,2593.4,11.63,30161.24
1505304,1,202408,2321.2,11.01,25556.41
1505304,1,202409,2720.7,9.82,26717.27
1505304,1,202410,3552.7,9.47,33644.07
1505304,1,202411,3838.6,9.96,38232.46
1505304,1,202412,2756.5,10.9,30045.85
1505304,2,202201,194.5,35.51,6906.7
1505304,2,202202,285.1,33.38,9516.64
1505304,2,202203,259.2,34.2,8864.64
1505304,2,202204,252.9,36.61,9258.67
1505304,2,202205,167.9,38.57,6475.9
1505304,2,202206,142.1,43.37,6162.88
1505304,2,202207,136.3,45.58,6212.55
1505304,2,202208,115.1,47.14,5425.81
1505304,2,202209,134.5,45.9,6173.55
1505304,2,202210,165.3,46.74,7726.12
1505304,2,202211,198.3,41.47,8223.5
1505304,2,202212,205.5,36.02,7402.11
1505304,2,202301,271.3,36.19,9818.35
1505304,2,202302,244.4,37.09,9064.8
1505304,2,202303,214.4,33.74,7233.86
1505304,2,202304,255.1,41.6,10612.16
1505304,2,202305,167.2,39.12,6540.86
1505304,2,202306,111.0,45.72,5074.92
1505304,2,202307,99.4,45.96,4568.42
1505304,2,202308,119.4,46.64,5568.82
1505304,2,202309,165.5,43.05,7124.78
1505304,2,202310,152.6,45.74,6979.92
1505304,2,202311,243.8,38.12,9293.66
1505304,2,202312,246.6,34.99,8628.53
1505304,2,202401,247.3,38.87,9612.55
1505304,2,202402,212.3,39.18,8317.91
1505304,2,202403,304.6,35.47,10804.16
1505304,2,202404,241.6,41.0,9905.6
1505304,2,202405,158.8,43.87,6966.56
1505304,2,202406,232.6,45.11,10492.59
1505304,2,202407,198.7,50.92,10117.8
1505304,2,202408,199.0,48.08,9567.92
1505304,2,202409,246.8,48.88,12063.58
1505304,2,202410,249.3,42.56,10610.21
1505304,2,202411,287.5,39.68,11408.0
1505304,2,202412,279.5,41.34,11554.53
1505304,3,202201,17.6,83.73,1473.65
1505304,3,202202,23.1,85.51,1975.28
1505304,3,202203,23.1,81.02,1871.56
1505304,3,202204,22.6,81.83,1849.36
1505304,3,202205,25.6,83.76,2144.26
1505304,3,202206,24.5,84.6,2072.7
1505304,3,202207,24.8,82.15,2037.32
1505304,3,202208,28.0,79.51,2226.28
1505304,3,202209,25.2,72.71,1832.29
1505304,3,202210,23.6,76.92,1815.31
1505304,3,202211,23.4,81.97,1918.1
1505304,3,202212,23.8,89.47,2129.39
1505304,3,202301,27.2,87.08,2368.58
1505304,3,202302,29.0,84.88,2461.52
1505304,3,202303,21.3,96.26,2050.34
1505304,3,202304,30.7,84.5,2594.15
1505304,3,202305,30.9,80.45,2485.91
1505304,3,202306,29.5,83.5,2463.25
1505304,3,202307,26.2,80.49,2108.84
1505304,3,202308,40.7,78.03,3175.82
1505304,3,202309,55.5,80.69,4478.3
1505304,3,202310,59.6,78.82,4697.67
1505304,3,202311,44.3,82.96,3675.13
1505304,3,202312,37.8,87.51,3307.88
1505304,3,202401,41.3,84.6,3493.98
1505304,3,202402,32.6,98.99,3227.07
1505304,3,202403,33.3,87.45,2912.08
1505304,3,202404,32.9,87.5,2878.75
1505304,3,202405,45.5,93.6,4258.8
1505304,3,202406,51.9,88.86,4611.83
1505304,3,202407,42.6,84.78,3611.63
1505304,3,202408,50.7,76.84,3895.79
1505304,3,202409,41.9,81.89,3431.19
1505304,3,202410,33.0,85.43,2819.19
1505304,3,202411,29.2,88.4,2581.28
1505304,3,202412,28.8,97.09,2796.19
1505403,1,202201,456.4,10.79,4924.56
1505403,1,202202,363.5,12.25,4452.88
1505403,1,202203,335.8,12.75,4281.45
1505403,1,202204,334.8,12.93,4328.96
1505403,1,202205,336.2,13.88,4666.46
1505403,1,202206,428.0,12.43,5320.04
1505403,1,202207,372.0,11.39,4237.08
1505403,1,202208,446.5,10.45,4665.92
1505403,1,202209,553.9,8.47,4691.53
1505403,1,202210,552.4,9.57,5286.47
1505403,1,202211,801.6,9.13,7318.61
1505403,1,202212,679.8,10.44,7097.11
1505403,1,202301,575.9,12.18,7014.46
1505403,1,202302,432.1,13.98,6040.76
1505403,1,202303,387.2,13.89,5378.21
1505403,1,202304,301.5,12.85,3874.28
1505403,1,202305,338.2,14.0,4734.8
1505403,1,202306,349.4,13.18,4605.09
1505403,1,202307,443.3,11.22,4973.83
1505403,1,202308,364.2,10.65,3878.73
1505403,1,202309,429.4,9.49,4075.01
1505403,1,202310,734.7,8.73,6413.93
1505403,1,202311,840.8,9.99,8399.59
1505403,1,202312,902.2,10.28,9274.62
1505403,1,202401,869.2,12.0,10430.4
1505403,1,202402,696.1,13.22,9202.44
1505403,1,202403,487.0,15.4,7499.8
1505403,1,202404,365.1,14.79,5399.83
1505403,1,202405,491.4,14.53,7140.04
1505403,1,202406,535.1,13.24,7084.72
1505403,1,202407,963.5,12.53,12072.66
1505403,1,202408,880.5,11.73,10328.27
1505403,1,202409,1302.5,10.35,13480.88
1505403,1,202410,1091.5,10.01,10925.92
1505403,1,202411,1193.5,10.33,12328.86
1505403,1,202412,1217.9,10.23,12459.12
1505403,2,202201,62.6,39.49,2472.07
1505403,2,202202,92.6,37.56,3478.06
1505403,2,202203,111.0,42.2,4684.2
1505403,2,202204,88.8,47.59,4225.99
1505403,2,202205,51.5,43.74,2252.61
1505403,2,202206,45.1,49.09,2213.96
1505403,2,202207,36.1,53.55,1933.16
1505403,2,202208,38.1,51.07,1945.77
1505403,2,202209,34.6,48.38,1673.95
1505403,2,202210,33.5,52.77,1767.8
1505403,2,202211,29.2,46.57,1359.84
1505403,2,202212,43.7,42.29,1848.07
1505403,2,202301,36.4,43.78,1593.59
1505403,2,202302,45.7,41.34,1889.24
1505403,2,202303,59.7,40.62,2425.01
1505403,2,202304,50.6,41.23,2086.24
1505403,2,202305,40.1,45.66,1830.97
1505403,2,202306,40.0,53.43,2137.2
1505403,2,202307,34.2,54.71,1871.08
1505403,2,202308,38.3,53.32,2042.16
1505403,2,202309,34.8,57.76,2010.05
1505403,2,202310,41.8,49.92,2086.66
1505403,2,202311,47.9,49.17,2355.24
1505403,2,202312,58.2,43.77,2547.41
1505403,2,202401,89.6,46.58,4173.57
1505403,2,202402,87.9,42.9,3770.91
1505403,2,202403,87.1,42.38,3691.3
1505403,2,202404,66.0,44.55,2940.3
1505403,2,202405,60.7,48.56,2947.59
1505403,2,202406,50.3,50.38,2534.11
1505403,2,202407,46.8,51.29,2400.37
1505403,2,202408,51.3,56.76,2911.79
1505403,2,202409,46.5,53.47,2486.36
1505403,2,202410,48.1,50.86,2446.37
1505403,2,202411,51.9,48.38,2510.92
1505403,2,202412,57.0,45.07,2568.99
1505403,3,202201,10.6,96.99,1028.09
1505403,3,202202,9.1,94.11,856.4
1505403,3,202203,11.7,93.98,1099.57
1505403,3,202204,10.1,85.95,868.1
1505403,3,202205,6.6,87.64,578.42
1505403,3,202206,6.7,85.47,572.65
1505403,3,202207,5.6,91.65,513.24
1505403,3,202208,7.1,79.85,566.93
1505403,3,202209,8.3,75.73,628.56
1505403,3,202210,6.9,87.27,602.16
1505403,3,202211,6.9,84.52,583.19
1505403,3,202212,6.1,92.06,561.57
1505403,3,202301,7.1,101.77,722.57
1505403,3,202302,6.9,98.72,681.17
1505403,3,202303,9.8,96.36,944.33
1505403,3,202304,10.6,95.66,1014.0
1505403,3,202305,14.9,97.65,1454.98
1505403,3,202306,12.9,85.7,1105.53
1505403,3,202307,19.0,92.03,1748.57
1505403,3,202308,16.2,83.67,1355.45
1505403,3,202309,13.1,91.45,1198.0
1505403,3,202310,19.1,84.05,1605.36
1505403,3,202311,10.8,96.17,1038.64
1505403,3,202312,9.6,95.92,920.83
1505403,3,202401,7.2,102.75,739.8
1505403,3,202402,6.0,108.09,648.54
1505403,3,202403,5.2,98.14,510.33
1505403,3,202404,8.1,99.99,809.92
1505403,3,202405,7.6,98.69,750.04
1505403,3,202406,9.1,92.88,845.21
1505403,3,202407,12.5,95.51,1193.88
1505403,3,202408,14.0,92.89,1300.46
1505403,3,202409,14.5,89.52,1298.04
1505403,3,202410,16.7,100.42,1677.01
1505403,3,202411,19.0,99.97,1899.43
1505403,3,202412,12.0,95.99,1151.88
1505437,1,202201,545.3,12.5,6816.25
1505437,1,202202,409.4,12.67,5187.1
1505437,1,202203,317.4,13.85,4395.99
1505437,1,202204,243.2,15.21,3699.07
1505437,1,202205,246.0,12.99,3195.54
1505437,1,202206,333.6,12.41,4139.98
1505437,1,202207,457.8,11.86,5429.51
1505437,1,202208,521.9,10.34,5396.45
1505437,1,202209,677.2,9.67,6548.52
1505437,1,202210,701.8,8.9,6246.02
1505437,1,202211,876.7,9.92,8696.86
1505437,1,202212,724.8,10.66,7726.37
1505437,1,202301,685.2,12.83,8791.12
1505437,1,202302,566.2,13.93,7887.17
1505437,1,202303,370.2,14.9,5515.98
1505437,1,202304,374.9,14.05,5267.34
1505437,1,202305,332.0,15.12,5019.84
1505437,1,202306,418.5,13.56,5674.86
1505437,1,202307,473.7,12.38,5864.41
1505437,1,202308,671.6,11.77,7904.73
1505437,1,202309,622.3,9.85,6129.66
1505437,1,202310,737.8,10.55,7783.79
1505437,1,202311,839.5,10.98,9217.71
1505437,1,202312,873.4,11.6,10131.44
1505437,1,202401,601.1,12.34,7417.57
1505437,1,202402,516.4,12.84,6630.58
1505437,1,202403,475.5,16.17,7688.84
1505437,1,202404,596.9,15.77,9413.11
1505437,1,202405,428.3,14.76,6321.71
1505437,1,202406,430.5,15.19,6539.3
1505437,1,202407,931.3,12.41,11557.43
1505437,1,202408,913.5,11.36,10377.36
1505437,1,202409,691.8,10.88,7526.78
1505437,1,202410,720.3,9.68,6972.5
1505437,1,202411,462.7,10.55,4881.49
1505437,1,202412,552.7,12.25,6770.58
1505437,2,202201,149.6,38.51,5761.1
1505437,2,202202,154.5,33.18,5126.31
1505437,2,202203,193.9,37.51,7273.19
1505437,2,202204,131.0,41.95,5495.45
1505437,2,202205,120.5,42.27,5093.54
1505437,2,202206,88.6,47.09,4172.17
1505437,2,202207,70.2,54.49,3825.2
1505437,2,202208,101.8,50.75,5166.35
1505437,2,202209,79.5,43.84,3485.28
1505437,2,202210,56.7,43.48,2465.32
1505437,2,202211,65.4,42.86,2803.04
1505437,2,202212,59.4,38.56,2290.46
1505437,2,202301,69.5,39.39,2737.6
1505437,2,202302,75.9,37.73,2863.71
1505437,2,202303,89.2,41.54,3705.37
1505437,2,202304,63.0,39.45,2485.35
1505437,2,202305,85.6,44.58,3816.05
1505437,2,202306,56.4,48.95,2760.78
1505437,2,202307,59.2,51.77,3064.78
1505437,2,202308,60.3,52.18,3146.45
1505437,2,202309,79.2,45.11,3572.71
1505437,2,202310,92.1,48.62,4477.9
1505437,2,202311,126.0,44.7,5632.2
1505437,2,202312,121.1,43.5,5267.85
1505437,2,202401,118.2,42.2,4988.04
1505437,2,202402,133.8,40.24,5384.11
1505437,2,202403,152.9,41.34,6320.89
1505437,2,202404,148.9,46.29,6892.58
1505437,2,202405,125.0,49.54,6192.5
1505437,2,202406,105.5,50.98,5378.39
1505437,2,202407,89.5,58.84,5266.18
1505437,2,202408,89.9,52.13,4686.49
1505437,2,202409,127.6,49.81,6355.76
1505437,2,202410,112.5,50.26,5654.25
1505437,2,202411,109.6,45.91,5031.74
1505437,2,202412,112.0,38.25,4284.0
1505437,3,202201,8.6,87.66,753.88
1505437,3,202202,9.4,88.34,830.4
1505437,3,202203,6.3,99.09,624.27
1505437,3,202204,6.5,85.06,552.89
1505437,3,202205,7.2,102.08,734.98
1505437,3,202206,6.7,86.89,582.16
1505437,3,202207,6.9,81.04,559.18
1505437,3,202208,8.7,86.4,751.68
1505437,3,202209,8.7,75.44,656.33
1505437,3,202210,8.6,85.86,738.4
1505437,3,202211,7.0,89.08,623.56
1505437,3,202212,7.4,87.01,643.87
1505437,3,202301,6.1,95.4,581.94
1505437,3,202302,9.4,107.08,1006.55
1505437,3,202303,13.0,99.37,1291.81
1505437,3,202304,11.0,98.35,1081.85
1505437,3,202305,9.1,89.99,818.91
1505437,3,202306,11.8,84.98,1002.76
1505437,3,202307,13.3,87.67,1166.01
1505437,3,202308,17.9,77.81,1392.8
1505437,3,202309,21.9,84.0,1839.6
1505437,3,202310,11.4,85.28,972.19
1505437,3,202311,13.3,84.53,1124.25
1505437,3,202312,11.2,99.59,1115.41
1505437,3,202401,11.5,101.59,1168.29
1505437,3,202402,12.3,99.89,1228.65
1505437,3,202403,13.1,105.74,1385.19
1505437,3,202404,14.6,92.21,1346.27
1505437,3,202405,12.2,90.88,1108.74
1505437,3,202406,10.4,99.7,1036.88
1505437,3,202407,14.0,103.28,1445.92
1505437,3,202408,11.5,94.55,1087.32
1505437,3,202409,16.3,94.35,1537.9
1505437,3,202410,12.2,91.58,1117.28
1505437,3,202411,10.7,94.52,1011.36
1505437,3,202412,10.1,101.26,1022.73
1505486,1,202201,1250.9,9.9,12383.91
1505486,1,202202,1182.1,12.47,14740.79
1505486,1,202203,913.2,13.84,12638.69
1505486,1,202204,529.4,14.26,7549.24
1505486,1,202205,514.4,14.28,7345.63
1505486,1,202206,783.4,12.59,9863.01
1505486,1,202207,734.7,11.42,8390.27
1505486,1,202208,946.6,9.64,9125.22
1505486,1,202209,1273.4,9.32,11868.09
1505486,1,202210,1812.9,8.54,15482.17
1505486,1,202211,1441.2,8.59,12379.91
1505486,1,202212,1124.3,9.76,10973.17
1505486,1,202301,983.0,12.89,12670.87
1505486,1,202302,908.2,13.03,11833.85
1505486,1,202303,774.0,14.28,11052.72
1505486,1,202304,901.4,14.1,12709.74
1505486,1,202305,764.6,12.92,9878.63
1505486,1,202306,904.7,13.84,12521.05
1505486,1,202307,1172.6,10.72,12570.27
1505486,1,202308,1264.0,10.41,13158.24
1505486,1,202309,1694.4,9.75,16520.4
1505486,1,202310,1734.1,9.55,16560.66
1505486,1,202311,1833.4,9.43,17288.96
1505486,1,202312,1543.8,9.76,15067.49
1505486,1,202401,1309.5,11.92,15609.24
1505486,1,202402,922.8,13.2,12180.96
1505486,1,202403,732.3,14.11,10332.75
1505486,1,202404,918.9,15.76,14481.86
1505486,1,202405,1022.4,13.8,14109.12
1505486,1,202406,895.3,13.92,12462.58
1505486,1,202407,1134.5,12.5,14181.25
1505486,1,202408,887.0,11.65,10333.55
1505486,1,202409,1084.6,10.08,10932.77
1505486,1,202410,1568.1,10.2,15994.62
1505486,1,202411,1495.1,10.06,15040.71
1505486,1,202412,1375.8,11.35,15615.33
1505486,2,202201,122.5,41.43,5075.18
1505486,2,202202,122.8,37.0,4543.6
1505486,2,202203,102.6,36.93,3789.02
1505486,2,202204,99.6,41.7,4153.32
1505486,2,202205,92.6,45.93,4253.12
1505486,2,202206,94.0,45.25,4253.5
1505486,2,202207,73.2,44.6,3264.72
1505486,2,202208,84.7,45.79,3878.41
1505486,2,202209,68.6,49.94,3425.88
1505486,2,202210,72.3,50.65,3662.0
1505486,2,202211,119.2,40.88,4872.9
1505486,2,202212,103.7,39.8,4127.26
1505486,2,202301,104.8,38.69,4054.71
1505486,2,202302,92.3,42.33,3907.06
1505486,2,202303,87.7,44.07,3864.94
1505486,2,202304,94.4,42.75,4035.6
1505486,2,202305,102.1,47.32,4831.37
1505486,2,202306,89.4,50.8,4541.52
1505486,2,202307,77.0,47.95,3692.15
1505486,2,202308,61.1,53.88,3292.07
1505486,2,202309,61.7,48.58,2997.39
1505486,2,202310,57.6,48.22,2777.47
1505486,2,202311,89.5,47.9,4287.05
1505486,2,202312,124.4,42.02,5227.29
1505486,2,202401,131.2,43.32,5683.58
1505486,2,202402,145.7,42.73,6225.76
1505486,2,202403,159.4,37.54,5983.88
1505486,2,202404,136.4,39.08,5330.51
1505486,2,202405,146.4,49.93,7309.75
1505486,2,202406,94.2,53.78,5066.08
1505486,2,202407,80.4,53.92,4335.17
1505486,2,202408,73.3,55.25,4049.82
1505486,2,202409,89.5,55.66,4981.57
1505486,2,202410,74.6,52.91,3947.09
1505486,2,202411,120.8,46.4,5605.12
1505486,2,202412,144.8,45.71,6618.81
1505486,3,202201,18.4,97.59,1795.66
1505486,3,202202,21.0,100.41,2108.61
1505486,3,202203,16.6,92.64,1537.82
1505486,3,202204,19.6,95.12,1864.35
1505486,3,202205,17.7,83.27,1473.88
1505486,3,202206,19.7,88.1,1735.57
1505486,3,202207,23.0,85.83,1974.09
1505486,3,202208,20.4,92.67,1890.47
1505486,3,202209,17.1,92.23,1577.13
1505486,3,202210,19.2,86.18,1654.66
1505486,3,202211,18.3,86.4,1581.12
1505486,3,202212,18.3,89.11,1630.71
1505486,3,202301,20.0,97.02,1940.4
1505486,3,202302,24.0,105.89,2541.36
1505486,3,202303,24.4,100.53,2452.93
1505486,3,202304,24.8,98.94,2453.71
1505486,3,202305,21.4,97.47,2085.86
1505486,3,202306,20.6,86.39,1779.63
1505486,3,202307,23.5,85.65,2012.78
1505486,3,202308,21.7,90.3,1959.51
1505486,3,202309,23.6,85.35,2014.26
1505486,3,202310,19.2,84.12,1615.1
1505486,3,202311,27.0,88.67,2394.09
1505486,3,202312,23.9,101.63,2428.96
1505486,3,202401,21.8,100.36,2187.85
1505486,3,202402,18.7,104.2,1948.54
1505486,3,202403,26.8,97.11,2602.55
1505486,3,202404,19.4,102.03,1979.38
1505486,3,202405,18.2,95.9,1745.38
1505486,3,202406,23.7,96.41,2284.92
1505486,3,202407,25.0,89.97,2249.25
1505486,3,202408,22.2,93.7,2080.14
1505486,3,202409,20.3,89.75,1821.92
1505486,3,202410,19.7,93.91,1850.03
1505486,3,202411,20.2,95.89,1936.98
1505486,3,202412,26.1,100.25,2616.52
1505494,1,202201,83.1,11.87,986.4
1505494,1,202202,90.6,14.31,1296.49
1505494,1,202203,94.4,13.85,1307.44
1505494,1,202204,100.6,14.81,1489.89
1505494,1,202205,94.3,14.48,1365.46
1505494,1,202206,144.2,12.86,1854.41
1505494,1,202207,144.8,11.52,1668.1
1505494,1,202208,182.7,10.55,1927.48
1505494,1,202209,222.2,9.58,2128.68
1505494,1,202210,297.4,8.81,2620.09
1505494,1,202211,228.2,9.5,2167.9
1505494,1,202212,166.1,10.88,1807.17
1505494,1,202301,107.0,13.3,1423.1
1505494,1,202302,133.0,14.18,1885.94
1505494,1,202303,121.0,12.95,1566.95
1505494,1,202304,118.7,15.59,1850.53
1505494,1,202305,204.5,14.34,2932.53
1505494,1,202306,189.9,14.11,2679.49
1505494,1,202307,149.7,12.47,1866.76
1505494,1,202308,170.2,11.06,1882.41
1505494,1,202309,163.8,10.16,1664.21
1505494,1,202310,172.7,9.85,1701.09
1505494,1,202311,165.4,10.92,1806.17
1505494,1,202312,141.4,11.16,1578.02
1505494,1,202401,101.0,13.68,1381.68
1505494,1,202402,132.0,15.01,1981.32
1505494,1,202403,120.2,15.84,1903.97
1505494,1,202404,106.7,14.34,1530.08
1505494,1,202405,128.0,16.2,2073.6
1505494,1,202406,150.2,14.0,2102.8
1505494,1,202407,176.3,13.43,2367.71
1505494,1,202408,224.4,11.05,2479.62
1505494,1,202409,240.8,9.99,2405.59
1505494,1,202410,269.0,11.3,3039.7
1505494,1,202411,271.1,10.11,2740.82
1505494,1,202412,222.0,12.28,2726.16
1505494,2,202201,25.0,37.98,949.5
1505494,2,202202,26.4,38.78,1023.79
1505494,2,202203,21.4,43.76,936.46
1505494,2,202204,18.0,44.49,800.82
1505494,2,202205,25.9,49.59,1284.38
1505494,2,202206,17.5,47.02,822.85
1505494,2,202207,17.1,55.29,945.46
1505494,2,202208,17.9,52.34,936.89
1505494,2,202209,17.3,53.42,924.17
1505494,2,202210,20.8,49.49,1029.39
1505494,2,202211,23.5,44.23,1039.4
1505494,2,202212,21.5,43.15,927.72
1505494,2,202301,26.7,41.72,1113.92
1505494,2,202302,24.5,36.41,892.04
1505494,2,202303,33.4,40.47,1351.7
1505494,2,202304,29.6,45.22,1338.51
1505494,2,202305,21.0,47.45,996.45
1505494,2,202306,19.6,51.5,1009.4
1505494,2,202307,14.8,50.93,753.76
1505494,2,202308,15.8,54.51,861.26
1505494,2,202309,15.9,52.63,836.82
1505494,2,202310,15.4,49.8,766.92
1505494,2,202311,16.2,45.24,732.89
1505494,2,202312,31.8,45.32,1441.18
1505494,2,202401,31.8,43.02,1368.04
1505494,2,202402,28.4,41.82,1187.69
1505494,2,202403,24.4,46.85,1143.14
1505494,2,202404,25.2,46.03,1159.96
1505494,2,202405,19.6,51.61,1011.56
1505494,2,202406,14.9,52.96,789.1
1505494,2,202407,15.0,53.95,809.25
1505494,2,202408,15.4,53.01,816.35
1505494,2,202409,15.4,55.58,855.93
1505494,2,202410,15.3,45.73,699.67
1505494,2,202411,17.9,49.27,881.93
1505494,2,202412,20.4,45.67,931.67
1505494,3,202201,2.7,94.07,253.99
1505494,3,202202,2.8,95.42,267.18
1505494,3,202203,3.0,94.06,282.18
1505494,3,202204,3.4,91.27,310.32
1505494,3,202205,3.5,86.84,303.94
1505494,3,202206,3.1,83.07,257.52
1505494,3,202207,3.4,85.8,291.72
1505494,3,202208,4.0,89.82,359.28
1505494,3,202209,3.0,88.87,266.61
1505494,3,202210,2.5,89.01,222.52
1505494,3,202211,2.4,95.8,229.92
1505494,3,202212,2.6,92.79,241.25
1505494,3,202301,1.8,93.71,168.68
1505494,3,202302,2.5,97.5,243.75
1505494,3,202303,2.7,98.17,265.06
1505494,3,202304,2.0,93.97,187.94
1505494,3,202305,2.1,96.5,202.65
1505494,3,202306,2.6,95.14,247.36
1505494,3,202307,2.2,81.37,179.01
1505494,3,202308,3.4,87.35,296.99
1505494,3,202309,3.7,76.75,283.98
1505494,3,202310,4.1,90.38,370.56
1505494,3,202311,3.1,93.12,288.67
1505494,3,202312,3.4,105.36,358.22
1505494,3,202401,2.9,110.08,319.23
1505494,3,202402,2.9,107.95,313.06
1505494,3,202403,3.3,97.46,321.62
1505494,3,202404,3.4,95.15,323.51
1505494,3,202405,4.2,92.02,386.48
1505494,3,202406,4.3,101.76,437.57
1505494,3,202407,4.0,88.05,352.2
1505494,3,202408,4.7,89.62,421.21
1505494,3,202409,5.4,88.1,475.74
1505494,3,202410,4.7,88.54,416.14
1505494,3,202411,5.3,98.83,523.8
1505494,3,202412,4.3,100.89,433.83
1505502,1,202201,1743.6,11.82,20609.35
1505502,1,202202,1502.8,13.96,20979.09
1505502,1,202203,1073.1,12.93,13875.18
1505502,1,202204,1140.9,14.25,16257.82
1505502,1,202205,1054.3,13.84,14591.51
1505502,1,202206,1259.7,13.91,17522.43
1505502,1,202207,1964.5,11.97,23515.06
1505502,1,202208,2441.7,11.75,28689.98
1505502,1,202209,2086.3,10.15,21175.95
1505502,1,202210,2808.9,9.29,26094.68
1505502,1,202211,2673.3,9.94,26572.6
1505502,1,202212,2136.1,10.55,22535.86
1505502,1,202301,2138.1,13.03,27859.44
1505502,1,202302,1695.0,12.9,21865.5
1505502,1,202303,1205.8,14.15,17062.07
1505502,1,202304,1745.2,15.45,26963.34
1505502,1,202305,1681.5,15.68,26365.92
1505502,1,202306,1799.5,12.35,22223.82
1505502,1,202307,1953.7,13.37,26120.97
1505502,1,202308,2933.0,11.09,32526.97
1505502,1,202309,2822.8,9.29,26223.81
1505502,1,202310,2231.8,8.49,18947.98
1505502,1,202311,2105.2,9.46,19915.19
1505502,1,202312,2643.4,11.16,29500.34
1505502,1,202401,2517.2,12.92,32522.22
1505502,1,202402,1877.2,14.78,27745.02
1505502,1,202403,2065.6,14.9,30777.44
1505502,1,202404,2017.5,14.84,29939.7
1505502,1,202405,1789.3,15.0,26839.5
1505502,1,202406,1876.8,14.34,26913.31
1505502,1,202407,2333.0,13.11,30585.63
1505502,1,202408,2317.2,11.15,25836.78
1505502,1,202409,2750.0,11.09,30497.5
1505502,1,202410,3129.1,9.93,31071.96
1505502,1,202411,2194.0,10.15,22269.1
1505502,1,202412,2104.2,11.29,23756.42
1505502,2,202201,245.4,37.48,9197.59
1505502,2,202202,204.8,37.94,7770.11
1505502,2,202203,280.4,38.61,10826.24
1505502,2,202204,231.6,38.18,8842.49
1505502,2,202205,172.0,46.97,8078.84
1505502,2,202206,180.1,51.02,9188.7
1505502,2,202207,168.7,49.26,8310.16
1505502,2,202208,152.6,54.49,8315.17
1505502,2,202209,149.0,46.97,6998.53
1505502,2,202210,171.5,48.43,8305.75
1505502,2,202211,255.8,44.72,11439.38
1505502,2,202212,292.5,41.81,12229.42
1505502,2,202301,294.7,40.89,12050.28
1505502,2,202302,340.5,39.63,13494.02
1505502,2,202303,304.0,39.94,12141.76
1505502,2,202304,283.2,43.06,12194.59
1505502,2,202305,242.3,50.1,12139.23
1505502,2,202306,227.6,48.88,11125.09
1505502,2,202307,179.2,59.19,10606.85
1505502,2,202308,140.3,52.14,7315.24
1505502,2,202309,184.9,53.52,9895.85
1505502,2,202310,261.5,51.77,13537.86
1505502,2,202311,216.7,46.12,9994.2
1505502,2,202312,256.4,46.39,11894.4
1505502,2,202401,257.9,43.46,11208.33
1505502,2,202402,322.4,40.89,13182.94
1505502,2,202403,312.2,45.29,14139.54
1505502,2,202404,497.2,42.73,21245.36
1505502,2,202405,319.4,47.25,15091.65
1505502,2,202406,324.9,53.74,17460.13
1505502,2,202407,329.2,57.16,18817.07
1505502,2,202408,278.5,56.8,15818.8
1505502,2,202409,243.4,54.57,13282.34
1505502,2,202410,244.1,51.59,12593.12
1505502,2,202411,258.7,51.43,13304.94
1505502,2,202412,345.3,45.5,15711.15
1505502,3,202201,14.6,93.17,1360.28
1505502,3,202202,16.7,89.56,1495.65
1505502,3,202203,17.4,98.65,1716.51
1505502,3,202204,17.3,92.23,1595.58
1505502,3,202205,21.4,86.48,1850.67
1505502,3,202206,17.1,91.04,1556.78
1505502,3,202207,17.6,83.65,1472.24
1505502,3,202208,21.7,78.0,1692.6
1505502,3,202209,19.6,89.27,1749.69
1505502,3,202210,21.3,83.48,1778.12
1505502,3,202211,16.8,104.39,1753.75
1505502,3,202212,15.1,90.41,1365.19
1505502,3,202301,11.9,88.78,1056.48
1505502,3,202302,9.9,108.02,1069.4
1505502,3,202303,12.1,97.92,1184.83
1505502,3,202304,16.6,97.38,1616.51
1505502,3,202305,18.6,95.14,1769.6
1505502,3,202306,25.7,84.59,2173.96
1505502,3,202307,23.8,79.41,1889.96
1505502,3,202308,16.5,96.75,1596.38
1505502,3,202309,20.2,81.84,1653.17
1505502,3,202310,17.3,98.27,1700.07
1505502,3,202311,19.0,95.84,1820.96
1505502,3,202312,12.8,96.99,1241.47
1505502,3,202401,14.4,99.61,1434.38
1505502,3,202402,18.6,115.33,2145.14
1505502,3,202403,21.8,98.5,2147.3
1505502,3,202404,21.2,96.58,2047.5
1505502,3,202405,22.3,100.25,2235.58
1505502,3,202406,21.7,90.92,1972.96
1505502,3,202407,22.3,87.37,1948.35
1505502,3,202408,26.5,90.86,2407.79
1505502,3,202409,22.6,95.12,2149.71
1505502,3,202410,20.3,103.3,2096.99
1505502,3,202411,15.7,107.59,1689.16
1505502,3,202412,19.7,91.3,1798.61
1505536,1,202201,5204.4,10.47,54490.07
1505536,1,202202,3908.8,12.86,50267.17
1505536,1,202203,4313.4,14.03,60517.0
1505536,1,202204,5879.4,14.01,82370.39
1505536,1,202205,5398.1,15.25,82321.03
1505536,1,202206,6826.3,12.32,84100.02
1505536,1,202207,8379.8,11.49,96283.9
1505536,1,202208,7576.2,10.11,76595.38
1505536,1,202209,8191.6,9.4,77001.04
1505536,1,202210,6593.0,9.83,64809.19
1505536,1,202211,6529.7,10.41,67974.18
1505536,1,202212,5454.5,10.21,55690.45
1505536,1,202301,4628.4,11.85,54846.54
1505536,1,202302,3679.9,12.82,47176.32
1505536,1,202303,3411.4,15.51,52910.81
1505536,1,202304,3899.4,15.73,61337.56
1505536,1,202305,4056.8,14.45,58620.76
1505536,1,202306,3359.3,12.67,42562.33
1505536,1,202307,4053.6,11.51,46656.94
1505536,1,202308,4241.0,11.09,47032.69
1505536,1,202309,6135.7,10.34,63443.14
1505536,1,202310,7799.6,8.76,68324.5
1505536,1,202311,8006.5,9.89,79184.28
1505536,1,202312,6109.0,11.93,72880.37
1505536,1,202401,5766.4,12.57,72483.65
1505536,1,202402,4531.7,15.13,68564.62
1505536,1,202403,3403.6,15.52,52823.87
1505536,1,202404,4150.1,14.57,60466.96
1505536,1,202405,5116.7,14.8,75727.16
1505536,1,202406,6575.4,13.96,91792.58
1505536,1,202407,6381.0,12.12,77337.72
1505536,1,202408,9288.4,10.84,100686.26
1505536,1,202409,8825.8,11.21,98937.22
1505536,1,202410,10228.7,9.56,97786.37
1505536,1,202411,8421.2,10.98,92464.78
1505536,1,202412,7152.3,11.13,79605.1
1505536,2,202201,408.6,39.66,16205.08
1505536,2,202202,595.8,38.86,23152.79
1505536,2,202203,474.5,38.08,18068.96
1505536,2,202204,461.5,39.62,18284.63
1505536,2,202205,514.7,47.98,24695.31
1505536,2,202206,452.6,49.86,22566.64
1505536,2,202207,326.7,52.62,17190.95
1505536,2,202208,262.5,50.24,13188.0
1505536,2,202209,408.9,55.15,22550.84
1505536,2,202210,339.9,47.83,16257.42
1505536,2,202211,356.8,43.23,15424.46
1505536,2,202212,457.0,40.45,18485.65
1505536,2,202301,485.3,44.05,21377.46
1505536,2,202302,569.0,37.63,21411.47
1505536,2,202303,411.6,39.22,16142.95
1505536,2,202304,396.3,50.04,19830.85
1505536,2,202305,424.5,49.05,20821.72
1505536,2,202306,421.8,48.5,20457.3
1505536,2,202307,330.3,50.1,16548.03
1505536,2,202308,269.3,49.5,13330.35
1505536,2,202309,314.4,53.14,16707.22
1505536,2,202310,282.0,52.18,14714.76
1505536,2,202311,453.1,50.49,22877.02
1505536,2,202312,517.6,39.38,20383.09
1505536,2,202401,489.6,39.58,19378.37
1505536,2,202402,435.3,41.06,17873.42
1505536,2,202403,415.5,48.61,20197.45
1505536,2,202404,318.8,46.99,14980.41
1505536,2,202405,367.8,49.51,18209.78
1505536,2,202406,302.3,49.14,14855.02
1505536,2,202407,328.7,49.39,16234.49
1505536,2,202408,362.6,56.0,20305.6
1505536,2,202409,439.1,54.64,23992.42
1505536,2,202410,465.9,51.55,24017.14
1505536,2,202411,607.0,47.68,28941.76
1505536,2,202412,785.2,43.3,33999.16
1505536,3,202201,64.4,94.17,6064.55
1505536,3,202202,57.6,85.57,4928.83
1505536,3,202203,59.2,98.96,5858.43
1505536,3,202204,61.3,96.64,5924.03
1505536,3,202205,59.3,90.19,5348.27
1505536,3,202206,47.3,83.93,3969.89
1505536,3,202207,82.3,80.51,6625.97
1505536,3,202208,103.2,81.34,8394.29
1505536,3,202209,98.3,86.18,8471.49
1505536,3,202210,78.3,79.61,6233.46
1505536,3,202211,98.9,91.93,9091.88
1505536,3,202212,88.4,93.04,8224.74
1505536,3,202301,75.0,105.01,7875.75
1505536,3,202302,56.7,102.76,5826.49
1505536,3,202303,72.6,94.97,6894.82
1505536,3,202304,74.2,88.59,6573.38
1505536,3,202305,86.2,89.83,7743.35
1505536,3,202306,94.8,97.28,9222.14
1505536,3,202307,110.0,90.05,9905.5
1505536,3,202308,110.9,90.65,10053.09
1505536,3,202309,99.4,85.99,8547.41
1505536,3,202310,105.8,93.02,9841.52
1505536,3,202311,114.8,86.75,9958.9
1505536,3,202312,131.9,101.02,13324.54
1505536,3,202401,88.2,96.51,8512.18
1505536,3,202402,104.7,93.35,9773.74
1505536,3,202403,73.0,114.5,8358.5
1505536,3,202404,96.8,100.79,9756.47
1505536,3,202405,88.5,97.72,8648.22
1505536,3,202406,110.9,85.87,9522.98
1505536,3,202407,144.0,95.06,13688.64
1505536,3,202408,133.2,95.51,12721.93
1505536,3,202409,119.7,91.24,10921.43
1505536,3,202410,108.2,98.57,10665.27
1505536,3,202411,92.8,103.06,9563.97
1505536,3,202412,110.7,102.78,11377.75
1505551,1,202201,199.7,11.35,2266.59
1505551,1,202202,145.2,15.06,2186.71
1505551,1,202203,144.8,13.44,1946.11
1505551,1,202204,93.2,14.47,1348.6
1505551,1,202205,120.8,14.43,1743.14
1505551,1,202206,92.6,13.44,1244.54
1505551,1,202207,130.6,11.89,1552.83
1505551,1,202208,209.4,10.64,2228.02
1505551,1,202209,273.4,9.7,2651.98
1505551,1,202210,220.7,8.97,1979.68
1505551,1,202211,184.6,10.93,2017.68
1505551,1,202212,163.9,10.62,1740.62
1505551,1,202301,162.2,12.86,2085.89
1505551,1,202302,101.0,13.56,1369.56
1505551,1,202303,107.0,14.49,1550.43
1505551,1,202304,121.2,14.76,1788.91
1505551,1,202305,126.7,13.65,1729.46
1505551,1,202306,166.6,13.68,2279.09
1505551,1,202307,205.5,12.23,2513.26
1505551,1,202308,218.2,11.84,2583.49
1505551,1,202309,180.4,9.62,1735.45
1505551,1,202310,227.0,9.58,2174.66
1505551,1,202311,199.1,9.76,1943.22
1505551,1,202312,178.5,12.0,2142.0
1505551,1,202401,183.6,12.41,2278.48
1505551,1,202402,206.5,14.73,3041.74
1505551,1,202403,166.9,16.08,2683.75
1505551,1,202404,168.7,15.57,2626.66
1505551,1,202405,127.9,14.3,1828.97
1505551,1,202406,162.5,13.38,2174.25
1505551,1,202407,196.3,13.53,2655.94
1505551,1,202408,297.8,10.89,3243.04
1505551,1,202409,285.1,10.81,3081.93
1505551,1,202410,284.9,10.3,2934.47
1505551,1,202411,334.5,10.8,3612.6
1505551,1,202412,271.3,11.88,3223.04
1505551,2,202201,27.2,38.77,1054.54
1505551,2,202202,21.8,38.92,848.46
1505551,2,202203,20.2,39.78,803.56
1505551,2,202204,18.8,40.8,767.04
1505551,2,202205,19.2,45.68,877.06
1505551,2,202206,14.0,50.18,702.52
1505551,2,202207,15.9,48.5,771.15
1505551,2,202208,13.2,52.65,694.98
1505551,2,202209,13.5,44.59,601.96
1505551,2,202210,20.4,43.93,896.17
1505551,2,202211,17.5,46.29,810.08
1505551,2,202212,22.8,40.76,929.33
1505551,2,202301,28.7,39.02,1119.87
1505551,2,202302,28.5,39.67,1130.6
1505551,2,202303,24.9,39.92,994.01
1505551,2,202304,32.1,41.2,1322.52
1505551,2,202305,23.7,43.12,1021.94
1505551,2,202306,19.6,45.59,893.56
1505551,2,202307,15.7,54.87,861.46
1505551,2,202308,15.3,52.69,806.16
1505551,2,202309,18.4,55.51,1021.38
1505551,2,202310,17.7,49.23,871.37
1505551,2,202311,13.4,47.64,638.38
1505551,2,202312,19.1,43.02,821.68
1505551,2,202401,18.1,42.38,767.08
1505551,2,202402,23.8,41.5,987.7
1505551,2,202403,23.3,41.35,963.46
1505551,2,202404,25.4,42.27,1073.66
1505551,2,202405,17.8,50.5,898.9
1505551,2,202406,14.8,56.58,837.38
1505551,2,202407,13.5,59.66,805.41
1505551,2,202408,10.6,54.37,576.32
1505551,2,202409,15.5,52.94,820.57
1505551,2,202410,12.8,50.82,650.5
1505551,2,202411,20.0,48.17,963.4
1505551,2,202412,24.4,44.84,1094.1
1505551,3,202201,1.5,98.07,147.1
1505551,3,202202,2.2,89.69,197.32
1505551,3,202203,2.1,97.74,205.25
1505551,3,202204,2.1,87.27,183.27
1505551,3,202205,1.9,92.46,175.67
1505551,3,202206,1.8,92.24,166.03
1505551,3,202207,2.5,86.61,216.52
1505551,3,202208,3.2,75.31,240.99
1505551,3,202209,3.2,78.05,249.76
1505551,3,202210,3.0,89.79,269.37
1505551,3,202211,2.8,79.61,222.91
1505551,3,202212,2.4,95.57,229.37
1505551,3,202301,1.7,103.43,175.83
1505551,3,202302,1.4,105.01,147.01
1505551,3,202303,2.0,97.28,194.56
1505551,3,202304,2.1,98.55,206.96
1505551,3,202305,2.4,94.58,226.99
1505551,3,202306,2.5,84.35,210.88
1505551,3,202307,2.6,92.1,239.46
1505551,3,202308,2.7,94.32,254.66
1505551,3,202309,2.9,91.85,266.36
1505551,3,202310,2.3,88.54,203.64
1505551,3,202311,2.7,97.13,262.25
1505551,3,202312,2.1,102.87,216.03
1505551,3,202401,2.1,108.39,227.62
1505551,3,202402,1.7,108.46,184.38
1505551,3,202403,1.8,94.43,169.97
1505551,3,202404,1.7,102.13,173.62
1505551,3,202405,2.0,100.39,200.78
1505551,3,202406,2.5,99.31,248.28
1505551,3,202407,2.6,94.56,245.86
1505551,3,202408,3.7,98.74,365.34
1505551,3,202409,3.6,84.1,302.76
1505551,3,202410,2.9,96.95,281.15
1505551,3,202411,2.6,99.56,258.86
1505551,3,202412,2.5,104.74,261.85
1505601,1,202201,161.6,10.86,1754.98
1505601,1,202202,166.2,13.32,2213.78
1505601,1,202203,129.9,14.27,1853.67
1505601,1,202204,78.9,15.07,1189.02
1505601,1,202205,116.5,15.38,1791.77
1505601,1,202206,120.3,11.88,1429.16
1505601,1,202207,177.7,11.48,2040.0
1505601,1,202208,284.9,10.09,2874.64
1505601,1,202209,302.6,9.66,2923.12
1505601,1,202210,363.7,9.25,3364.22
1505601,1,202211,324.4,9.46,3068.82
1505601,1,202212,355.3,11.03,3918.96
1505601,1,202301,211.5,11.52,2436.48
1505601,1,202302,174.9,12.77,2233.47
1505601,1,202303,172.7,13.67,2360.81
1505601,1,202304,151.5,14.46,2190.69
1505601,1,202305,192.5,13.53,2604.52
1505601,1,202306,184.9,13.42,2481.36
1505601,1,202307,313.0,12.07,3777.91
1505601,1,202308,465.5,10.47,4873.78
1505601,1,202309,434.7,10.4,4520.88
1505601,1,202310,425.9,9.59,4084.38
1505601,1,202311,438.5,10.5,4604.25
1505601,1,202312,263.6,10.79,2844.24
1505601,1,202401,172.5,12.62,2176.95
1505601,1,202402,198.3,13.58,2692.91
1505601,1,202403,176.8,14.93,2639.62
1505601,1,202404,155.7,15.85,2467.84
1505601,1,202405,162.5,14.63,2377.38
1505601,1,202406,119.9,14.33,1718.17
1505601,1,202407,163.9,12.14,1989.75
1505601,1,202408,192.0,11.75,2256.0
1505601,1,202409,292.3,10.04,2934.69
1505601,1,202410,370.8,10.42,3863.74
1505601,1,202411,368.6,10.37,3822.38
1505601,1,202412,322.2,12.21,3934.06
1505601,2,202201,18.8,40.07,753.32
1505601,2,202202,21.9,34.03,745.26
1505601,2,202203,12.0,36.3,435.6
1505601,2,202204,14.4,46.22,665.57
1505601,2,202205,12.9,45.11,581.92
1505601,2,202206,15.7,46.02,722.51
1505601,2,202207,18.3,51.47,941.9
1505601,2,202208,20.6,49.1,1011.46
1505601,2,202209,18.1,50.13,907.35
1505601,2,202210,15.6,44.99,701.84
1505601,2,202211,16.3,43.26,705.14
1505601,2,202212,21.4,40.77,872.48
1505601,2,202301,18.2,43.07,783.87
1505601,2,202302,27.9,40.71,1135.81
1505601,2,202303,25.1,42.04,1055.2
1505601,2,202304,25.5,43.23,1102.36
1505601,2,202305,16.0,48.77,780.32
1505601,2,202306,13.4,48.16,645.34
1505601,2,202307,10.0,50.98,509.8
1505601,2,202308,14.5,54.93,796.48
1505601,2,202309,15.4,52.15,803.11
1505601,2,202310,19.7,50.28,990.52
1505601,2,202311,22.4,46.42,1039.81
1505601,2,202312,27.3,46.09,1258.26
1505601,2,202401,27.2,45.14,1227.81
1505601,2,202402,27.2,40.04,1089.09
1505601,2,202403,26.3,38.72,1018.34
1505601,2,202404,26.4,43.38,1145.23
1505601,2,202405,24.7,46.47,1147.81
1505601,2,202406,34.8,54.46,1895.21
1505601,2,202407,34.4,57.5,1978.0
1505601,2,202408,18.7,53.08,992.6
1505601,2,202409,18.5,52.88,978.28
1505601,2,202410,18.8,48.52,912.18
1505601,2,202411,27.6,48.93,1350.47
1505601,2,202412,27.5,44.85,1233.38
1505601,3,202201,3.9,92.95,362.5
1505601,3,202202,5.3,95.16,504.35
1505601,3,202203,5.9,102.27,603.39
1505601,3,202204,5.3,97.45,516.48
1505601,3,202205,4.6,97.45,448.27
1505601,3,202206,5.2,87.44,454.69
1505601,3,202207,5.7,91.66,522.46
1505601,3,202208,6.1,90.13,549.79
1505601,3,202209,5.2,88.35,459.42
1505601,3,202210,5.8,90.76,526.41
1505601,3,202211,5.0,87.36,436.8
1505601,3,202212,6.0,101.57,609.42
1505601,3,202301,7.3,97.26,710.0
1505601,3,202302,5.3,102.03,540.76
1505601,3,202303,5.2,101.85,529.62
1505601,3,202304,6.2,90.02,558.12
1505601,3,202305,6.3,93.36,588.17
1505601,3,202306,4.9,91.72,449.43
1505601,3,202307,6.2,88.23,547.03
1505601,3,202308,5.5,87.81,482.96
1505601,3,202309,5.8,95.61,554.54
1505601,3,202310,4.7,87.11,409.42
1505601,3,202311,5.6,87.85,491.96
1505601,3,202312,4.9,93.62,458.74
1505601,3,202401,5.7,106.13,604.94
1505601,3,202402,5.1,107.46,548.05
1505601,3,202403,4.7,105.4,495.38
1505601,3,202404,5.4,104.79,565.87
1505601,3,202405,4.7,98.45,462.72
1505601,3,202406,7.3,91.87,670.65
1505601,3,202407,7.2,87.9,632.88
1505601,3,202408,6.2,85.78,531.84
1505601,3,202409,5.7,91.11,519.33
1505601,3,202410,5.7,98.07,559.0
1505601,3,202411,6.6,98.36,649.18
1505601,3,202412,5.1,100.23,511.17
1505635,1,202201,186.4,12.69,2365.42
1505635,1,202202,156.4,12.72,1989.41
1505635,1,202203,120.0,13.04,1564.8
1505635,1,202204,105.7,14.27,1508.34
1505635,1,202205,151.7,13.09,1985.75
1505635,1,202206,186.3,13.27,2472.2
1505635,1,202207,213.8,11.54,2467.25
1505635,1,202208,253.7,9.74,2471.04
1505635,1,202209,277.4,10.71,2970.95
1505635,1,202210,426.5,9.23,3936.6
1505635,1,202211,333.8,9.05,3020.89
1505635,1,202212,235.1,11.23,2640.17
1505635,1,202301,253.2,12.03,3046.0
1505635,1,202302,206.1,14.56,3000.82
1505635,1,202303,267.5,14.22,3803.85
1505635,1,202304,203.5,14.7,2991.45
1505635,1,202305,238.7,15.01,3582.89
1505635,1,202306,303.4,14.21,4311.31
1505635,1,202307,290.1,12.97,3762.6
1505635,1,202308,291.5,11.12,3241.48
1505635,1,202309,391.5,10.48,4102.92
1505635,1,202310,440.8,10.23,4509.38
1505635,1,202311,307.6,10.31,3171.36
1505635,1,202312,236.4,11.09,2621.68
1505635,1,202401,142.3,12.06,1716.14
1505635,1,202402,172.2,14.76,2541.67
1505635,1,202403,161.9,15.35,2485.16
1505635,1,202404,164.0,15.36,2519.04
1505635,1,202405,135.5,16.33,2212.71
1505635,1,202406,148.9,13.33,1984.84
1505635,1,202407,194.6,14.07,2738.02
1505635,1,202408,237.0,11.59,2746.83
1505635,1,202409,315.3,10.77,3395.78
1505635,1,202410,395.5,10.04,3970.82
1505635,1,202411,570.4,9.76,5567.1
1505635,1,202412,426.5,11.52,4913.28
1505635,2,202201,61.8,37.63,2325.53
1505635,2,202202,69.1,37.5,2591.25
1505635,2,202203,47.6,35.97,1712.17
1505635,2,202204,41.9,41.2,1726.28
1505635,2,202205,48.1,44.22,2126.98
1505635,2,202206,38.1,54.01,2057.78
1505635,2,202207,26.8,49.77,1333.84
1505635,2,202208,34.5,53.84,1857.48
1505635,2,202209,33.0,45.88,1514.04
1505635,2,202210,46.5,49.51,2302.21
1505635,2,202211,50.5,44.26,2235.13
1505635,2,202212,53.3,41.03,2186.9
1505635,2,202301,75.3,40.17,3024.8
1505635,2,202302,56.3,42.13,2371.92
1505635,2,202303,73.4,40.11,2944.07
1505635,2,202304,55.2,40.48,2234.5
1505635,2,202305,50.3,44.13,2219.74
1505635,2,202306,45.3,50.97,2308.94
1505635,2,202307,37.7,52.59,1982.64
1505635,2,202308,32.5,48.48,1575.6
1505635,2,202309,33.7,52.77,1778.35
1505635,2,202310,33.1,46.35,1534.19
1505635,2,202311,59.9,46.52,2786.55
1505635,2,202312,58.1,40.44,2349.56
1505635,2,202401,78.0,40.55,3162.9
1505635,2,202402,89.2,39.09,3486.83
1505635,2,202403,81.4,44.37,3611.72
1505635,2,202404,65.7,44.61,2930.88
1505635,2,202405,57.2,50.34,2879.45
1505635,2,202406,53.7,58.72,3153.26
1505635,2,202407,46.8,53.53,2505.2
1505635,2,202408,32.7,58.59,1915.89
1505635,2,202409,26.6,51.57,1371.76
1505635,2,202410,46.1,54.1,2494.01
1505635,2,202411,32.6,45.39,1479.71
1505635,2,202412,46.5,43.68,2031.12
1505635,3,202201,6.2,91.0,564.2
1505635,3,202202,4.4,87.91,386.8
1505635,3,202203,4.3,92.12,396.12
1505635,3,202204,5.2,89.18,463.74
1505635,3,202205,5.0,90.19,450.95
1505635,3,202206,4.3,84.88,364.98
1505635,3,202207,5.3,79.36,420.61
1505635,3,202208,4.1,80.92,331.77
1505635,3,202209,5.9,78.27,461.79
1505635,3,202210,5.5,92.41,508.26
1505635,3,202211,4.7,96.03,451.34
1505635,3,202212,3.4,99.52,338.37
1505635,3,202301,2.9,95.6,277.24
1505635,3,202302,3.3,105.86,349.34
1505635,3,202303,5.1,100.49,512.5
1505635,3,202304,5.1,92.53,471.9
1505635,3,202305,5.4,90.7,489.78
1505635,3,202306,5.7,90.01,513.06
1505635,3,202307,8.5,89.19,758.12
1505635,3,202308,6.4,89.6,573.44
1505635,3,202309,7.7,88.73,683.22
1505635,3,202310,5.9,89.22,526.4
1505635,3,202311,4.6,100.15,460.69
1505635,3,202312,4.3,95.86,412.2
1505635,3,202401,4.2,101.38,425.8
1505635,3,202402,4.6,101.92,468.83
1505635,3,202403,3.0,101.67,305.01
1505635,3,202404,3.7,93.52,346.02
1505635,3,202405,3.8,92.45,351.31
1505635,3,202406,3.9,106.55,415.54
1505635,3,202407,3.5,84.85,296.97
1505635,3,202408,4.0,92.62,370.48
1505635,3,202409,4.0,93.74,374.96
1505635,3,202410,4.0,99.18,396.72
1505635,3,202411,3.2,99.0,316.8
1505635,3,202412,3.7,110.04,407.15
1505650,1,202201,554.0,11.39,6310.06
1505650,1,202202,429.2,12.64,5425.09
1505650,1,202203,251.7,15.36,3866.11
1505650,1,202204,212.1,13.29,2818.81
1505650,1,202205,394.6,14.16,5587.54
1505650,1,202206,359.9,13.13,4725.49
1505650,1,202207,592.3,11.93,7066.14
1505650,1,202208,561.0,11.17,6266.37
1505650,1,202209,637.2,10.2,6499.44
1505650,1,202210,773.2,9.06,7005.19
1505650,1,202211,622.1,9.69,6028.15
1505650,1,202212,764.0,9.57,7311.48
1505650,1,202301,597.3,12.26,7322.9
1505650,1,202302,515.8,12.96,6684.77
1505650,1,202303,405.5,14.29,5794.59
1505650,1,202304,428.0,13.57,5807.96
1505650,1,202305,563.4,14.72,8293.25
1505650,1,202306,540.6,12.39,6698.03
1505650,1,202307,814.5,12.29,10010.2
1505650,1,202308,734.2,10.27,7540.23
1505650,1,202309,905.9,9.57,8669.46
1505650,1,202310,950.7,10.21,9706.65
1505650,1,202311,687.1,10.28,7063.39
1505650,1,202312,645.5,11.57,7468.44
1505650,1,202401,544.1,13.7,7454.17
1505650,1,202402,392.8,13.47,5291.02
1505650,1,202403,393.2,16.14,6346.25
1505650,1,202404,390.9,14.25,5570.32
1505650,1,202405,404.3,15.55,6286.87
1505650,1,202406,457.1,13.66,6243.99
1505650,1,202407,541.5,12.1,6552.15
1505650,1,202408,612.6,11.69,7161.29
1505650,1,202409,741.0,10.87,8054.67
1505650,1,202410,701.1,10.48,7347.53
1505650,1,202411,1141.7,10.48,11965.02
1505650,1,202412,666.9,11.42,7616.0
1505650,2,202201,82.6,37.66,3110.72
1505650,2,202202,64.8,35.74,2315.95
1505650,2,202203,57.3,35.97,2061.08
1505650,2,202204,64.7,40.36,2611.29
1505650,2,202205,54.5,42.77,2330.96
1505650,2,202206,39.0,46.13,1799.07
1505650,2,202207,39.8,51.51,2050.1
1505650,2,202208,40.9,51.17,2092.85
1505650,2,202209,46.4,48.43,2247.15
1505650,2,202210,57.3,45.78,2623.19
1505650,2,202211,69.1,42.95,2967.84
1505650,2,202212,65.2,40.14,2617.13
1505650,2,202301,69.4,40.77,2829.44
1505650,2,202302,89.1,36.72,3271.75
1505650,2,202303,75.4,42.6,3212.04
1505650,2,202304,65.3,43.35,2830.76
1505650,2,202305,45.8,39.69,1817.8
1505650,2,202306,46.1,49.14,2265.35
1505650,2,202307,48.7,54.17,2638.08
1505650,2,202308,33.9,53.37,1809.24
1505650,2,202309,34.0,50.38,1712.92
1505650,2,202310,34.3,48.78,1673.15
1505650,2,202311,55.3,45.92,2539.38
1505650,2,202312,47.6,43.75,2082.5
1505650,2,202401,61.7,38.31,2363.73
1505650,2,202402,81.5,38.98,3176.87
1505650,2,202403,83.2,44.64,3714.05
1505650,2,202404,70.1,43.79,3069.68
1505650,2,202405,68.1,51.02,3474.46
1505650,2,202406,72.2,58.99,4259.08
1505650,2,202407,60.0,52.11,3126.6
1505650,2,202408,37.4,51.19,1914.51
1505650,2,202409,54.8,52.7,2887.96
1505650,2,202410,64.8,53.68,3478.46
1505650,2,202411,71.2,50.28,3579.94
1505650,2,202412,55.8,48.98,2733.08
1505650,3,202201,8.9,88.63,788.81
1505650,3,202202,9.6,91.73,880.61
1505650,3,202203,11.3,92.82,1048.87
1505650,3,202204,9.8,91.17,893.47
1505650,3,202205,9.9,98.68,976.93
1505650,3,202206,8.8,83.33,733.3
1505650,3,202207,9.2,80.63,741.8
1505650,3,202208,9.4,87.93,826.54
1505650,3,202209,6.2,82.61,512.18
1505650,3,202210,6.6,90.81,599.35
1505650,3,202211,8.1,89.12,721.87
1505650,3,202212,6.0,94.85,569.1
1505650,3,202301,5.3,91.04,482.51
1505650,3,202302,7.4,101.5,751.1
1505650,3,202303,9.5,99.54,945.63
1505650,3,202304,8.0,95.18,761.44
1505650,3,202305,8.6,88.0,756.8
1505650,3,202306,8.7,91.78,798.49
1505650,3,202307,11.1,92.01,1021.31
1505650,3,202308,9.4,85.68,805.39
1505650,3,202309,8.6,86.5,743.9
1505650,3,202310,10.8,94.47,1020.28
1505650,3,202311,7.9,101.96,805.48
1505650,3,202312,7.0,101.05,707.35
1505650,3,202401,7.3,103.43,755.04
1505650,3,202402,9.7,101.79,987.36
1505650,3,202403,7.2,102.11,735.19
1505650,3,202404,6.8,93.7,637.16
1505650,3,202405,8.6,96.45,829.47
1505650,3,202406,10.3,99.71,1027.01
1505650,3,202407,10.6,92.33,978.7
1505650,3,202408,10.0,88.55,885.5
1505650,3,202409,10.0,88.9,889.0
1505650,3,202410,7.2,94.13,677.74
1505650,3,202411,7.7,91.38,703.63
1505650,3,202412,10.1,95.67,966.27
1505700,1,202201,934.5,10.01,9354.34
1505700,1,202202,849.6,12.06,10246.18
1505700,1,202203,739.1,13.39,9896.55
1505700,1,202204,787.2,13.88,10926.34
1505700,1,202205,565.9,12.95,7328.4
1505700,1,202206,672.7,10.9,7332.43
1505700,1,202207,658.1,10.68,7028.51
1505700,1,202208,940.8,10.53,9906.62
1505700,1,202209,1527.9,8.28,12651.01
1505700,1,202210,1357.6,8.33,11308.81
1505700,1,202211,1309.5,9.28,12152.16
1505700,1,202212,1300.8,9.76,12695.81
1505700,1,202301,705.0,12.47,8791.35
1505700,1,202302,603.5,11.73,7079.06
1505700,1,202303,631.3,12.39,7821.81
1505700,1,202304,372.1,14.17,5272.66
1505700,1,202305,413.4,12.26,5068.28
1505700,1,202306,708.5,12.05,8537.43
1505700,1,202307,1062.8,10.98,11669.54
1505700,1,202308,1300.4,10.38,13498.15
1505700,1,202309,1648.6,9.29,15315.49
1505700,1,202310,1638.7,8.9,14584.43
1505700,1,202311,1613.1,8.83,14243.67
1505700,1,202312,1238.2,10.47,12963.95
1505700,1,202401,1034.3,14.0,14480.2
1505700,1,202402,759.0,13.09,9935.31
1505700,1,202403,867.9,13.6,11803.44
1505700,1,202404,1017.0,12.98,13200.66
1505700,1,202405,1177.3,13.1,15422.63
1505700,1,202406,1031.3,12.51,12901.56
1505700,1,202407,954.0,11.15,10637.1
1505700,1,202408,1461.4,10.24,14964.74
1505700,1,202409,1695.7,10.24,17363.97
1505700,1,202410,1733.7,9.63,16695.53
1505700,1,202411,1373.0,9.29,12755.17
1505700,1,202412,1309.2,9.64,12620.69
1505700,2,202201,83.0,38.71,3212.93
1505700,2,202202,73.2,38.94,2850.41
1505700,2,202203,46.7,41.92,1957.66
1505700,2,202204,51.8,41.76,2163.17
1505700,2,202205,42.1,49.0,2062.9
1505700,2,202206,49.0,46.7,2288.3
1505700,2,202207,33.6,49.5,1663.2
1505700,2,202208,33.6,50.97,1712.59
1505700,2,202209,42.6,48.81,2079.31
1505700,2,202210,53.9,51.26,2762.91
1505700,2,202211,61.8,39.18,2421.32
1505700,2,202212,99.7,40.59,4046.82
1505700,2,202301,128.2,43.13,5529.27
1505700,2,202302,97.4,39.16,3814.18
1505700,2,202303,118.5,42.96,5090.76
1505700,2,202304,127.8,48.32,6175.3
1505700,2,202305,88.9,46.99,4177.41
1505700,2,202306,70.3,53.34,3749.8
1505700,2,202307,59.1,59.68,3527.09
1505700,2,202308,49.0,54.91,2690.59
1505700,2,202309,47.1,52.75,2484.52
1505700,2,202310,69.2,52.63,3642.0
1505700,2,202311,79.9,49.65,3967.04
1505700,2,202312,76.7,43.21,3314.21
1505700,2,202401,71.3,41.28,2943.26
1505700,2,202402,69.0,45.01,3105.69
1505700,2,202403,71.4,41.72,2978.81
1505700,2,202404,82.6,47.72,3941.67
1505700,2,202405,61.2,49.24,3013.49
1505700,2,202406,66.8,57.24,3823.63
1505700,2,202407,61.2,52.63,3220.96
1505700,2,202408,58.8,53.56,3149.33
1505700,2,202409,71.1,57.31,4074.74
1505700,2,202410,83.0,49.37,4097.71
1505700,2,202411,65.2,48.88,3186.98
1505700,2,202412,63.0,48.57,3059.91
1505700,3,202201,9.6,101.28,972.29
1505700,3,202202,8.8,89.75,789.8
1505700,3,202203,10.5,98.14,1030.47
1505700,3,202204,10.5,89.82,943.11
1505700,3,202205,11.9,85.15,1013.29
1505700,3,202206,15.1,86.06,1299.51
1505700,3,202207,11.4,93.15,1061.91
1505700,3,202208,14.4,82.33,1185.55
1505700,3,202209,12.8,78.14,1000.19
1505700,3,202210,12.3,81.22,999.01
1505700,3,202211,17.3,92.18,1594.71
1505700,3,202212,11.5,89.25,1026.38
1505700,3,202301,12.8,88.9,1137.92
1505700,3,202302,15.2,92.48,1405.7
1505700,3,202303,12.5,99.29,1241.12
1505700,3,202304,11.4,100.24,1142.74
1505700,3,202305,11.8,91.54,1080.17
1505700,3,202306,11.6,93.79,1087.96
1505700,3,202307,13.2,92.89,1226.15
1505700,3,202308,16.5,84.6,1395.9
1505700,3,202309,14.8,88.2,1305.36
1505700,3,202310,17.0,88.11,1497.87
1505700,3,202311,19.5,96.16,1875.12
1505700,3,202312,17.5,93.5,1636.25
1505700,3,202401,16.6,96.23,1597.42
1505700,3,202402,13.3,103.3,1373.89
1505700,3,202403,8.3,108.09,897.15
1505700,3,202404,11.4,102.7,1170.78
1505700,3,202405,14.8,102.22,1512.86
1505700,3,202406,16.0,98.72,1579.52
1505700,3,202407,19.1,92.34,1763.69
1505700,3,202408,16.2,88.68,1436.62
1505700,3,202409,17.5,88.23,1544.02
1505700,3,202410,21.1,87.09,1837.6
1505700,3,202411,19.9,103.16,2052.88
1505700,3,202412,21.3,98.47,2097.41
1505809,1,202201,2128.6,11.12,23670.03
1505809,1,202202,1319.7,12.59,16615.02
1505809,1,202203,1503.9,13.08,19671.01
1505809,1,202204,1776.3,13.74,24406.36
1505809,1,202205,1138.6,11.98,13640.43
1505809,1,202206,1287.7,11.87,15285.0
1505809,1,202207,1742.0,10.79,18796.18
1505809,1,202208,2612.0,9.56,24970.72
1505809,1,202209,2726.2,9.04,24644.85
1505809,1,202210,2568.4,8.81,22627.6
1505809,1,202211,3049.1,9.02,27502.88
1505809,1,202212,2470.2,9.59,23689.22
1505809,1,202301,2384.5,10.81,25776.44
1505809,1,202302,1613.6,13.09,21122.02
1505809,1,202303,1196.4,13.49,16139.44
1505809,1,202304,1508.2,12.9,19455.78
1505809,1,202305,1709.2,13.13,22441.8
1505809,1,202306,2300.9,11.36,26138.22
1505809,1,202307,2338.7,11.24,26286.99
1505809,1,202308,2420.0,9.94,24054.8
1505809,1,202309,3732.6,8.92,33294.79
1505809,1,202310,2800.3,9.59,26854.88
1505809,1,202311,3608.7,8.66,31251.34
1505809,1,202312,3856.0,10.4,40102.4
1505809,1,202401,3374.1,12.96,43728.34
1505809,1,202402,2193.3,13.55,29719.22
1505809,1,202403,1619.9,13.71,22208.83
1505809,1,202404,1554.9,13.29,20664.62
1505809,1,202405,1347.4,12.83,17287.14
1505809,1,202406,1453.4,12.58,18283.77
1505809,1,202407,2244.0,11.23,25200.12
1505809,1,202408,3131.2,10.03,31405.94
1505809,1,202409,2887.1,9.35,26994.38
1505809,1,202410,3646.9,9.13,33296.2
1505809,1,202411,3746.3,9.74,36488.96
1505809,1,202412,4172.8,9.78,40809.98
1505809,2,202201,171.5,33.98,5827.57
1505809,2,202202,215.2,33.49,7207.05
1505809,2,202203,187.4,35.35,6624.59
1505809,2,202204,136.7,39.85,5447.5
1505809,2,202205,119.1,38.56,4592.5
1505809,2,202206,94.2,45.96,4329.43
1505809,2,202207,94.9,46.07,4372.04
1505809,2,202208,91.7,46.01,4219.12
1505809,2,202209,91.0,48.8,4440.8
1505809,2,202210,116.2,42.22,4905.96
1505809,2,202211,176.6,45.84,8095.34
1505809,2,202212,190.8,37.49,7153.09
1505809,2,202301,247.1,37.13,9174.82
1505809,2,202302,293.2,38.89,11402.55
1505809,2,202303,208.9,37.17,7764.81
1505809,2,202304,185.6,41.57,7715.39
1505809,2,202305,142.4,38.41,5469.58
1505809,2,202306,95.7,44.53,4261.52
1505809,2,202307,103.4,48.81,5046.95
1505809,2,202308,86.0,51.41,4421.26
1505809,2,202309,107.3,49.73,5336.03
1505809,2,202310,91.3,47.09,4299.32
1505809,2,202311,121.5,44.66,5426.19
1505809,2,202312,111.0,40.12,4453.32
1505809,2,202401,161.6,34.29,5541.26
1505809,2,202402,163.0,40.07,6531.41
1505809,2,202403,152.9,36.6,5596.14
1505809,2,202404,183.6,41.21,7566.16
1505809,2,202405,147.4,44.26,6523.92
1505809,2,202406,133.1,47.26,6290.31
1505809,2,202407,116.7,46.89,5472.06
1505809,2,202408,125.3,45.78,5736.23
1505809,2,202409,152.1,47.14,7169.99
1505809,2,202410,177.2,49.14,8707.61
1505809,2,202411,165.0,40.8,6732.0
1505809,2,202412,225.1,38.82,8738.38
1505809,3,202201,16.4,94.42,1548.49
1505809,3,202202,15.1,93.85,1417.14
1505809,3,202203,17.3,104.77,1812.52
1505809,3,202204,15.4,87.65,1349.81
1505809,3,202205,13.5,87.74,1184.49
1505809,3,202206,15.9,83.13,1321.77
1505809,3,202207,18.0,87.8,1580.4
1505809,3,202208,16.6,79.91,1326.51
1505809,3,202209,20.7,93.46,1934.62
1505809,3,202210,21.5,87.65,1884.48
1505809,3,202211,20.0,91.87,1837.4
1505809,3,202212,13.9,94.87,1318.69
1505809,3,202301,10.9,98.36,1072.12
1505809,3,202302,14.7,99.82,1467.35
1505809,3,202303,9.8,98.88,969.02
1505809,3,202304,11.6,98.94,1147.7
1505809,3,202305,13.7,89.83,1230.67
1505809,3,202306,13.9,86.4,1200.96
1505809,3,202307,15.3,92.45,1414.48
1505809,3,202308,17.4,87.98,1530.85
1505809,3,202309,15.4,80.27,1236.16
1505809,3,202310,18.2,88.66,1613.61
1505809,3,202311,18.5,101.04,1869.24
1505809,3,202312,16.1,95.64,1539.8
1505809,3,202401,13.0,99.57,1294.41
1505809,3,202402,13.3,95.61,1271.61
1505809,3,202403,20.4,99.39,2027.56
1505809,3,202404,16.2,94.46,1530.25
1505809,3,202405,22.0,99.31,2184.82
1505809,3,202406,15.0,94.52,1417.8
1505809,3,202407,14.1,90.49,1275.91
1505809,3,202408,14.2,87.95,1248.89
1505809,3,202409,18.4,99.46,1830.06
1505809,3,202410,17.8,91.02,1620.16
1505809,3,202411,21.3,93.85,1999.0
1505809,3,202412,17.3,98.91,1711.14
1505908,1,202201,691.1,11.41,7885.45
1505908,1,202202,568.9,12.43,7071.43
1505908,1,202203,714.3,14.47,10335.92
1505908,1,202204,633.2,13.74,8700.17
1505908,1,202205,456.2,13.42,6122.2
1505908,1,202206,598.0,13.83,8270.34
1505908,1,202207,795.2,12.32,9796.86
1505908,1,202208,898.4,10.09,9064.86
1505908,1,202209,814.6,9.52,7754.99
1505908,1,202210,1274.8,9.06,11549.69
1505908,1,202211,931.5,10.73,9995.0
1505908,1,202212,955.1,11.24,10735.32
1505908,1,202301,810.3,12.22,9901.87
1505908,1,202302,737.0,14.19,10458.03
1505908,1,202303,831.6,13.78,11459.45
1505908,1,202304,750.9,14.6,10963.14
1505908,1,202305,623.3,14.83,9243.54
1505908,1,202306,832.7,14.11,11749.4
1505908,1,202307,800.7,12.42,9944.69
1505908,1,202308,969.4,11.31,10963.91
1505908,1,202309,857.5,10.25,8789.38
1505908,1,202310,811.5,9.78,7936.47
1505908,1,202311,886.8,10.06,8921.21
1505908,1,202312,897.5,10.93,9809.67
1505908,1,202401,565.5,13.11,7413.7
1505908,1,202402,594.7,14.62,8694.51
1505908,1,202403,473.4,15.47,7323.5
1505908,1,202404,621.7,14.78,9188.73
1505908,1,202405,589.3,14.57,8586.1
1505908,1,202406,549.9,14.61,8034.04
1505908,1,202407,723.3,13.95,10090.03
1505908,1,202408,766.1,11.69,8955.71
1505908,1,202409,1204.7,10.39,12516.83
1505908,1,202410,1222.8,10.35,12655.98
1505908,1,202411,1115.6,10.02,11178.31
1505908,1,202412,1094.0,12.38,13543.72
1505908,2,202201,104.5,40.78,4261.51
1505908,2,202202,106.0,37.92,4019.52
1505908,2,202203,113.6,40.22,4568.99
1505908,2,202204,114.4,39.05,4467.32
1505908,2,202205,84.5,42.23,3568.44
1505908,2,202206,83.1,48.67,4044.48
1505908,2,202207,85.0,50.26,4272.1
1505908,2,202208,65.2,49.7,3240.44
1505908,2,202209,76.8,51.16,3929.09
1505908,2,202210,77.1,48.88,3768.65
1505908,2,202211,96.6,43.43,4195.34
1505908,2,202212,129.8,40.56,5264.69
1505908,2,202301,134.2,41.16,5523.67
1505908,2,202302,163.3,37.8,6172.74
1505908,2,202303,170.6,39.51,6740.41
1505908,2,202304,166.8,44.46,7415.93
1505908,2,202305,140.3,46.74,6557.62
1505908,2,202306,136.7,49.12,6714.7
1505908,2,202307,116.5,50.54,5887.91
1505908,2,202308,74.9,51.16,3831.88
1505908,2,202309,71.1,52.53,3734.88
1505908,2,202310,82.2,55.67,4576.07
1505908,2,202311,98.6,48.14,4746.6
1505908,2,202312,125.5,40.5,5082.75
1505908,2,202401,119.7,43.81,5244.06
1505908,2,202402,189.5,39.77,7536.42
1505908,2,202403,162.0,42.28,6849.36
1505908,2,202404,139.9,43.65,6106.64
1505908,2,202405,106.2,53.77,5710.37
1505908,2,202406,80.8,49.36,3988.29
1505908,2,202407,79.1,55.78,4412.2
1505908,2,202408,82.1,54.01,4434.22
1505908,2,202409,87.0,56.98,4957.26
1505908,2,202410,132.6,53.02,7030.45
1505908,2,202411,133.1,51.75,6887.92
1505908,2,202412,141.5,46.6,6593.9
1505908,3,202201,13.7,94.39,1293.14
1505908,3,202202,15.5,100.84,1563.02
1505908,3,202203,16.8,94.91,1594.49
1505908,3,202204,24.2,86.97,2104.67
1505908,3,202205,14.8,94.44,1397.71
1505908,3,202206,15.9,89.82,1428.14
1505908,3,202207,14.6,82.39,1202.89
1505908,3,202208,21.7,87.7,1903.09
1505908,3,202209,19.5,83.02,1618.89
1505908,3,202210,11.9,86.01,1023.52
1505908,3,202211,13.5,87.65,1183.28
1505908,3,202212,13.8,91.27,1259.53
1505908,3,202301,15.2,103.03,1566.06
1505908,3,202302,12.5,90.74,1134.25
1505908,3,202303,13.8,104.05,1435.89
1505908,3,202304,13.5,97.26,1313.01
1505908,3,202305,12.7,91.79,1165.73
1505908,3,202306,15.1,90.89,1372.44
1505908,3,202307,16.3,84.79,1382.08
1505908,3,202308,20.0,81.09,1621.8
1505908,3,202309,18.4,84.91,1562.34
1505908,3,202310,18.9,82.58,1560.76
1505908,3,202311,13.5,87.48,1180.98
1505908,3,202312,17.3,88.89,1537.8
1505908,3,202401,13.5,108.7,1467.45
1505908,3,202402,15.9,96.62,1536.26
1505908,3,202403,16.0,102.04,1632.64
1505908,3,202404,16.2,105.87,1715.09
1505908,3,202405,18.8,101.42,1906.7
1505908,3,202406,12.5,92.9,1161.25
1505908,3,202407,13.0,90.82,1180.66
1505908,3,202408,16.8,92.19,1548.79
1505908,3,202409,23.8,102.41,2437.36
1505908,3,202410,20.1,96.25,1934.63
1505908,3,202411,11.4,100.5,1145.7
1505908,3,202412,11.7,112.13,1311.92
1506005,1,202201,876.4,10.54,9237.26
1506005,1,202202,752.3,12.72,9569.26
1506005,1,202203,629.7,12.67,7978.3
1506005,1,202204,813.3,13.72,11158.48
1506005,1,202205,779.7,12.97,10112.71
1506005,1,202206,897.4,13.24,11881.58
1506005,1,202207,1163.3,10.85,12621.8
1506005,1,202208,1152.6,10.0,11526.0
1506005,1,202209,1390.2,9.34,12984.47
1506005,1,202210,1534.3,8.38,12857.43
1506005,1,202211,1088.5,9.03,9829.15
1506005,1,202212,1111.6,9.78,10871.45
1506005,1,202301,968.6,11.23,10877.38
1506005,1,202302,859.7,12.46,10711.86
1506005,1,202303,770.2,14.4,11090.88
1506005,1,202304,774.7,13.53,10481.69
1506005,1,202305,1019.2,14.01,14278.99
1506005,1,202306,845.6,12.93,10933.61
1506005,1,202307,971.1,10.74,10429.61
1506005,1,202308,1359.3,10.58,14381.39
1506005,1,202309,1648.9,8.78,14477.34
1506005,1,202310,1792.9,9.39,16835.33
1506005,1,202311,2647.5,9.19,24330.52
1506005,1,202312,2062.9,10.32,21289.13
1506005,1,202401,1771.4,11.21,19857.39
1506005,1,202402,1165.0,13.3,15494.5
1506005,1,202403,783.8,14.81,11608.08
1506005,1,202404,720.6,13.9,10016.34
1506005,1,202405,889.9,13.71,12200.53
1506005,1,202406,1058.3,13.52,14308.22
1506005,1,202407,1296.7,12.25,15884.58
1506005,1,202408,1408.1,9.48,13348.79
1506005,1,202409,1473.7,10.82,15945.43
1506005,1,202410,1524.5,9.7,14787.65
1506005,1,202411,1701.3,10.13,17234.17
1506005,1,202412,1681.9,10.63,17878.6
1506005,2,202201,185.2,38.49,7128.35
1506005,2,202202,172.3,36.62,6309.63
1506005,2,202203,128.3,40.95,5253.89
1506005,2,202204,114.9,40.13,4610.94
1506005,2,202205,108.5,43.86,4758.81
1506005,2,202206,99.1,46.92,4649.77
1506005,2,202207,90.9,45.61,4145.95
1506005,2,202208,96.2,46.86,4507.93
1506005,2,202209,103.3,47.43,4899.52
1506005,2,202210,85.1,47.99,4083.95
1506005,2,202211,138.7,43.06,5972.42
1506005,2,202212,190.9,38.96,7437.46
1506005,2,202301,191.2,41.21,7879.35
1506005,2,202302,163.4,34.04,5562.14
1506005,2,202303,141.6,36.07,5107.51
1506005,2,202304,113.2,36.11,4087.65
1506005,2,202305,94.6,46.98,4444.31
1506005,2,202306,56.5,47.31,2673.02
1506005,2,202307,79.9,52.45,4190.76
1506005,2,202308,94.4,50.58,4774.75
1506005,2,202309,65.9,52.59,3465.68
1506005,2,202310,90.8,47.24,4289.39
1506005,2,202311,100.6,45.14,4541.08
1506005,2,202312,108.8,41.45,4509.76
1506005,2,202401,131.6,40.64,5348.22
1506005,2,202402,96.7,42.47,4106.85
1506005,2,202403,104.2,36.84,3838.73
1506005,2,202404,103.3,42.34,4373.72
1506005,2,202405,96.0,46.38,4452.48
1506005,2,202406,67.4,49.49,3335.63
1506005,2,202407,74.5,50.87,3789.81
1506005,2,202408,90.4,51.42,4648.37
1506005,2,202409,95.4,56.02,5344.31
1506005,2,202410,94.5,49.2,4649.4
1506005,2,202411,170.8,51.88,8861.1
1506005,2,202412,133.8,43.62,5836.36
1506005,3,202201,16.4,92.78,1521.59
1506005,3,202202,16.3,88.99,1450.54
1506005,3,202203,16.6,90.41,1500.81
1506005,3,202204,13.4,92.24,1236.02
1506005,3,202205,11.7,89.47,1046.8
1506005,3,202206,12.4,77.8,964.72
1506005,3,202207,16.6,81.37,1350.74
1506005,3,202208,19.5,79.48,1549.86
1506005,3,202209,23.0,86.92,1999.16
1506005,3,202210,19.4,82.17,1594.1
1506005,3,202211,18.8,85.72,1611.54
1506005,3,202212,18.2,88.14,1604.15
1506005,3,202301,14.3,102.44,1464.89
1506005,3,202302,12.8,104.14,1332.99
1506005,3,202303,9.9,100.92,999.11
1506005,3,202304,11.1,101.89,1130.98
1506005,3,202305,12.4,99.56,1234.54
1506005,3,202306,16.9,82.93,1401.52
1506005,3,202307,20.9,91.4,1910.26
1506005,3,202308,19.4,86.37,1675.58
1506005,3,202309,25.7,83.33,2141.58
1506005,3,202310,21.1,89.35,1885.28
1506005,3,202311,21.3,97.08,2067.8
1506005,3,202312,17.1,103.68,1772.93
1506005,3,202401,12.4,95.6,1185.44
1506005,3,202402,11.7,106.27,1243.36
1506005,3,202403,16.3,112.81,1838.8
1506005,3,202404,15.0,109.71,1645.65
1506005,3,202405,14.2,81.79,1161.42
1506005,3,202406,15.3,105.14,1608.64
1506005,3,202407,15.0,96.69,1450.35
1506005,3,202408,19.6,81.41,1595.64
1506005,3,202409,25.5,88.69,2261.59
1506005,3,202410,20.7,100.4,2078.28
1506005,3,202411,19.6,98.97,1939.81
1506005,3,202412,20.2,97.28,1965.06
1506104,1,202201,234.4,11.66,2733.1
1506104,1,202202,170.0,12.3,2091.0
1506104,1,202203,167.6,13.51,2264.28
1506104,1,202204,149.5,14.66,2191.67
1506104,1,202205,163.6,13.36,2185.7
1506104,1,202206,159.3,12.97,2066.12
1506104,1,202207,232.7,11.59,2696.99
1506104,1,202208,216.9,10.09,2188.52
1506104,1,202209,395.4,9.25,3657.45
1506104,1,202210,550.4,9.3,5118.72
1506104,1,202211,559.3,9.04,5056.07
1506104,1,202212,480.0,10.62,5097.6
1506104,1,202301,311.3,11.78,3667.11
1506104,1,202302,280.9,13.42,3769.68
1506104,1,202303,205.9,15.28,3146.15
1506104,1,202304,135.7,14.48,1964.94
1506104,1,202305,197.8,14.93,2953.15
1506104,1,202306,256.6,12.19,3127.95
1506104,1,202307,268.9,11.79,3170.33
1506104,1,202308,239.7,10.81,2591.16
1506104,1,202309,257.3,10.87,2796.85
1506104,1,202310,209.0,8.64,1805.76
1506104,1,202311,282.0,9.82,2769.24
1506104,1,202312,193.4,11.61,2245.37
1506104,1,202401,197.6,12.03,2377.13
1506104,1,202402,152.2,13.68,2082.1
1506104,1,202403,114.6,15.04,1723.58
1506104,1,202404,134.7,15.28,2058.22
1506104,1,202405,144.6,15.99,2312.15
1506104,1,202406,206.2,14.14,2915.67
1506104,1,202407,193.0,13.37,2580.41
1506104,1,202408,218.4,11.0,2402.4
1506104,1,202409,179.8,9.87,1774.63
1506104,1,202410,161.3,9.78,1577.51
1506104,1,202411,287.7,9.66,2779.18
1506104,1,202412,388.4,11.47,4454.95
1506104,2,202201,39.3,37.12,1458.82
1506104,2,202202,40.0,36.9,1476.0
1506104,2,202203,47.9,37.11,1777.57
1506104,2,202204,31.7,41.9,1328.23
1506104,2,202205,20.6,44.24,911.34
1506104,2,202206,22.4,49.29,1104.1
1506104,2,202207,25.2,48.63,1225.48
1506104,2,202208,25.1,51.32,1288.13
1506104,2,202209,28.4,48.48,1376.83
1506104,2,202210,32.0,48.83,1562.56
1506104,2,202211,25.8,41.47,1069.93
1506104,2,202212,32.7,41.94,1371.44
1506104,2,202301,46.3,40.16,1859.41
1506104,2,202302,45.6,40.14,1830.38
1506104,2,202303,32.8,37.49,1229.67
1506104,2,202304,29.9,44.73,1337.43
1506104,2,202305,31.0,46.11,1429.41
1506104,2,202306,37.8,50.86,1922.51
1506104,2,202307,21.3,48.16,1025.81
1506104,2,202308,23.5,50.58,1188.63
1506104,2,202309,20.9,51.86,1083.87
1506104,2,202310,27.1,53.89,1460.42
1506104,2,202311,34.5,48.05,1657.72
1506104,2,202312,36.3,43.57,1581.59
1506104,2,202401,44.4,40.38,1792.87
1506104,2,202402,53.9,39.09,2106.95
1506104,2,202403,45.5,42.88,1951.04
1506104,2,202404,31.0,46.56,1443.36
1506104,2,202405,37.8,49.11,1856.36
1506104,2,202406,36.5,56.91,2077.21
1506104,2,202407,33.5,53.07,1777.84
1506104,2,202408,26.0,56.39,1466.14
1506104,2,202409,32.0,50.46,1614.72
1506104,2,202410,47.0,52.8,2481.6
1506104,2,202411,43.1,52.31,2254.56
1506104,2,202412,44.9,42.67,1915.88
1506104,3,202201,4.7,96.75,454.72
1506104,3,202202,4.0,94.65,378.6
1506104,3,202203,4.1,98.02,401.88
1506104,3,202204,5.1,92.53,471.9
1506104,3,202205,4.5,90.83,408.74
1506104,3,202206,3.8,92.82,352.72
1506104,3,202207,3.9,80.48,313.87
1506104,3,202208,3.8,81.03,307.91
1506104,3,202209,3.8,83.55,317.49
1506104,3,202210,3.1,86.12,266.97
1506104,3,202211,3.7,95.36,352.83
1506104,3,202212,4.6,86.37,397.3
1506104,3,202301,3.9,98.32,383.45
1506104,3,202302,3.6,96.52,347.47
1506104,3,202303,3.8,107.2,407.36
1506104,3,202304,3.6,100.76,362.74
1506104,3,202305,5.0,94.72,473.6
1506104,3,202306,4.5,95.3,428.85
1506104,3,202307,4.5,83.07,373.81
1506104,3,202308,4.3,97.37,418.69
1506104,3,202309,5.7,85.08,484.96
1506104,3,202310,5.2,96.68,502.74
1506104,3,202311,7.1,96.22,683.16
1506104,3,202312,6.3,97.69,615.45
1506104,3,202401,6.8,108.66,738.89
1506104,3,202402,5.5,108.3,595.65
1506104,3,202403,4.4,102.8,452.32
1506104,3,202404,4.7,98.03,460.74
1506104,3,202405,4.5,97.8,440.1
1506104,3,202406,3.5,93.8,328.3
1506104,3,202407,5.2,93.79,487.71
1506104,3,202408,5.5,96.15,528.83
1506104,3,202409,4.9,94.33,462.22
1506104,3,202410,5.4,95.16,513.86
1506104,3,202411,5.3,94.07,498.57
1506104,3,202412,6.5,101.75,661.38
1506112,1,202201,278.4,10.97,3054.05
1506112,1,202202,269.5,12.44,3352.58
1506112,1,202203,192.4,13.63,2622.41
1506112,1,202204,229.1,14.34,3285.29
1506112,1,202205,219.3,13.93,3054.85
1506112,1,202206,317.5,11.87,3768.72
1506112,1,202207,331.4,11.93,3953.6
1506112,1,202208,439.2,10.12,4444.7
1506112,1,202209,491.4,8.84,4343.98
1506112,1,202210,565.6,9.59,5424.1
1506112,1,202211,510.2,10.0,5102.0
1506112,1,202212,315.9,10.3,3253.77
1506112,1,202301,348.7,12.23,4264.6
1506112,1,202302,283.4,13.55,3840.07
1506112,1,202303,286.8,14.96,4290.53
1506112,1,202304,292.8,14.81,4336.37
1506112,1,202305,246.0,13.06,3212.76
1506112,1,202306,239.1,14.42,3447.82
1506112,1,202307,344.6,12.45,4290.27
1506112,1,202308,387.9,10.3,3995.37
1506112,1,202309,533.7,9.17,4894.03
1506112,1,202310,514.0,9.56,4913.84
1506112,1,202311,579.7,9.52,5518.74
1506112,1,202312,507.0,10.74,5445.18
1506112,1,202401,416.4,12.7,5288.28
1506112,1,202402,305.9,13.15,4022.58
1506112,1,202403,277.6,13.68,3797.57
1506112,1,202404,321.2,15.1,4850.12
1506112,1,202405,302.5,14.09,4262.23
1506112,1,202406,358.9,13.63,4891.81
1506112,1,202407,402.7,11.45,4610.92
1506112,1,202408,470.1,10.82,5086.48
1506112,1,202409,705.2,10.38,7319.98
1506112,1,202410,796.0,9.97,7936.12
1506112,1,202411,649.9,9.63,6258.54
1506112,1,202412,534.4,10.33,5520.35
1506112,2,202201,60.8,38.28,2327.42
1506112,2,202202,50.3,37.12,1867.14
1506112,2,202203,52.5,42.92,2253.3
1506112,2,202204,61.3,41.23,2527.4
1506112,2,202205,49.3,43.78,2158.35
1506112,2,202206,45.6,43.57,1986.79
1506112,2,202207,27.0,48.58,1311.66
1506112,2,202208,30.9,53.13,1641.72
1506112,2,202209,35.0,52.2,1827.0
1506112,2,202210,29.1,46.83,1362.75
1506112,2,202211,29.8,43.68,1301.66
1506112,2,202212,42.3,45.68,1932.26
1506112,2,202301,45.1,46.6,2101.66
1506112,2,202302,59.3,42.13,2498.31
1506112,2,202303,57.5,44.02,2531.15
1506112,2,202304,50.2,47.3,2374.46
1506112,2,202305,41.5,52.28,2169.62
1506112,2,202306,38.4,49.56,1903.1
1506112,2,202307,39.5,50.61,1999.1
1506112,2,202308,39.2,58.99,2312.41
1506112,2,202309,34.7,50.39,1748.53
1506112,2,202310,46.9,47.79,2241.35
1506112,2,202311,54.3,44.5,2416.35
1506112,2,202312,59.4,43.01,2554.79
1506112,2,202401,60.6,38.29,2320.37
1506112,2,202402,64.7,38.45,2487.72
1506112,2,202403,42.0,40.99,1721.58
1506112,2,202404,43.9,42.35,1859.16
1506112,2,202405,54.1,51.25,2772.62
1506112,2,202406,45.3,52.26,2367.38
1506112,2,202407,39.1,56.52,2209.93
1506112,2,202408,32.5,57.21,1859.32
1506112,2,202409,37.3,54.35,2027.26
1506112,2,202410,38.5,54.89,2113.26
1506112,2,202411,55.4,49.71,2753.93
1506112,2,202412,49.0,44.24,2167.76
1506112,3,202201,2.7,104.03,280.88
1506112,3,202202,3.2,98.49,315.17
1506112,3,202203,3.8,92.38,351.04
1506112,3,202204,3.6,93.91,338.08
1506112,3,202205,3.8,92.65,352.07
1506112,3,202206,4.1,84.91,348.13
1506112,3,202207,4.6,89.1,409.86
1506112,3,202208,4.2,85.72,360.02
1506112,3,202209,3.4,90.44,307.5
1506112,3,202210,3.7,83.14,307.62
1506112,3,202211,5.0,82.49,412.45
1506112,3,202212,3.5,90.9,318.15
1506112,3,202301,3.3,98.58,325.31
1506112,3,202302,3.0,90.67,272.01
1506112,3,202303,4.9,95.51,468.0
1506112,3,202304,3.7,102.8,380.36
1506112,3,202305,3.7,96.13,355.68
1506112,3,202306,3.6,91.42,329.11
1506112,3,202307,3.1,84.17,260.93
1506112,3,202308,2.8,93.66,262.25
1506112,3,202309,3.5,86.9,304.15
1506112,3,202310,4.1,91.22,374.0
1506112,3,202311,3.5,95.53,334.36
1506112,3,202312,4.4,97.24,427.86
1506112,3,202401,2.6,110.17,286.44
1506112,3,202402,2.3,106.04,243.89
1506112,3,202403,2.4,104.0,249.6
1506112,3,202404,2.9,99.68,289.07
1506112,3,202405,3.1,99.32,307.89
1506112,3,202406,3.4,93.3,317.22
1506112,3,202407,4.2,93.03,390.73
1506112,3,202408,5.5,89.82,494.01
1506112,3,202409,5.7,89.88,512.32
1506112,3,202410,5.0,90.06,450.3
1506112,3,202411,4.3,95.89,412.33
1506112,3,202412,4.9,98.44,482.36
1506138,1,202201,1705.6,12.03,20518.37
1506138,1,202202,1485.3,13.07,19412.87
1506138,1,202203,1134.4,13.18,14951.39
1506138,1,202204,1152.4,14.49,16698.28
1506138,1,202205,1560.1,13.96,21779.0
1506138,1,202206,1639.9,12.5,20498.75
1506138,1,202207,1341.1,11.78,15798.16
1506138,1,202208,1777.2,10.57,18785.0
1506138,1,202209,3004.3,9.52,28600.94
1506138,1,202210,2197.0,9.93,21816.21
1506138,1,202211,2144.9,8.93,19153.96
1506138,1,202212,1829.9,9.72,17786.63
1506138,1,202301,1600.8,12.48,19977.98
1506138,1,202302,1404.4,13.86,19464.98
1506138,1,202303,1506.6,15.05,22674.33
1506138,1,202304,1341.4,14.7,19718.58
1506138,1,202305,1674.3,14.09,23590.89
1506138,1,202306,1647.0,13.79,22712.13
1506138,1,202307,1728.1,12.21,21100.1
1506138,1,202308,1804.2,12.07,21776.69
1506138,1,202309,1543.6,10.05,15513.18
1506138,1,202310,1991.6,9.83,19577.43
1506138,1,202311,2969.9,11.56,34332.04
1506138,1,202312,2567.0,11.06,28391.02
1506138,1,202401,2225.4,13.33,29664.58
1506138,1,202402,1565.1,14.79,23147.83
1506138,1,202403,1278.5,15.89,20315.37
1506138,1,202404,1458.2,15.91,23199.96
1506138,1,202405,2048.5,15.47,31690.3
1506138,1,202406,2531.9,14.39,36434.04
1506138,1,202407,2809.5,12.59,35371.61
1506138,1,202408,2796.8,11.79,32974.27
1506138,1,202409,2950.5,11.73,34609.36
1506138,1,202410,2490.2,10.88,27093.38
1506138,1,202411,1844.5,10.77,19865.26
1506138,1,202412,1479.4,12.11,17915.53
1506138,2,202201,171.0,42.03,7187.13
1506138,2,202202,136.3,38.84,5293.89
1506138,2,202203,151.8,38.27,5809.39
1506138,2,202204,143.0,41.93,5995.99
1506138,2,202205,99.5,44.24,4401.88
1506138,2,202206,102.0,54.88,5597.76
1506138,2,202207,100.8,49.51,4990.61
1506138,2,202208,102.5,53.02,5434.55
1506138,2,202209,108.4,47.17,5113.23
1506138,2,202210,104.5,48.7,5089.15
1506138,2,202211,137.4,44.36,6095.06
1506138,2,202212,135.4,43.06,5830.32
1506138,2,202301,127.5,42.17,5376.68
1506138,2,202302,165.2,42.7,7054.04
1506138,2,202303,192.1,43.54,8364.03
1506138,2,202304,184.8,43.15,7974.12
1506138,2,202305,145.6,44.64,6499.58
1506138,2,202306,88.1,48.27,4252.59
1506138,2,202307,118.8,53.69,6378.37
1506138,2,202308,78.3,54.25,4247.77
1506138,2,202309,101.9,53.57,5458.78
1506138,2,202310,168.9,48.98,8272.72
1506138,2,202311,172.7,50.29,8685.08
1506138,2,202312,189.0,40.22,7601.58
1506138,2,202401,206.4,41.06,8474.78
1506138,2,202402,206.6,39.14,8086.32
1506138,2,202403,289.0,41.85,12094.65
1506138,2,202404,185.6,47.85,8880.96
1506138,2,202405,129.9,47.91,6223.51
1506138,2,202406,112.1,52.51,5886.37
1506138,2,202407,146.7,56.77,8328.16
1506138,2,202408,116.3,54.96,6391.85
1506138,2,202409,128.1,55.97,7169.76
1506138,2,202410,164.0,52.9,8675.6
1506138,2,202411,193.8,45.93,8901.23
1506138,2,202412,235.6,43.92,10347.55
1506138,3,202201,41.6,96.67,4021.47
1506138,3,202202,37.5,104.35,3913.12
1506138,3,202203,34.2,91.85,3141.27
1506138,3,202204,40.2,92.97,3737.39
1506138,3,202205,58.0,88.9,5156.2
1506138,3,202206,60.1,86.3,5186.63
1506138,3,202207,39.3,81.05,3185.26
1506138,3,202208,48.2,93.46,4504.77
1506138,3,202209,55.1,86.99,4793.15
1506138,3,202210,71.7,84.42,6052.91
1506138,3,202211,52.6,86.54,4552.0
1506138,3,202212,46.0,92.99,4277.54
1506138,3,202301,44.6,88.35,3940.41
1506138,3,202302,35.6,104.58,3723.05
1506138,3,202303,31.3,95.97,3003.86
1506138,3,202304,37.4,98.3,3676.42
1506138,3,202305,30.3,95.66,2898.5
1506138,3,202306,28.3,95.28,2696.42
1506138,3,202307,40.4,90.95,3674.38
1506138,3,202308,46.8,91.31,4273.31
1506138,3,202309,57.4,93.37,5359.44
1506138,3,202310,54.8,89.31,4894.19
1506138,3,202311,47.8,104.23,4982.19
1506138,3,202312,54.5,98.12,5347.54
1506138,3,202401,43.1,102.11,4400.94
1506138,3,202402,38.4,98.79,3793.54
1506138,3,202403,38.6,101.2,3906.32
1506138,3,202404,43.7,102.15,4463.96
1506138,3,202405,44.2,97.66,4316.57
1506138,3,202406,35.2,103.3,3636.16
1506138,3,202407,38.6,90.37,3488.28
1506138,3,202408,42.2,94.52,3988.74
1506138,3,202409,44.9,87.11,3911.24
1506138,3,202410,40.9,105.16,4301.04
1506138,3,202411,44.8,91.57,4102.34
1506138,3,202412,31.7,111.06,3520.6
1506161,1,202201,333.4,13.03,4344.2
1506161,1,202202,339.7,14.42,4898.47
1506161,1,202203,370.4,12.96,4800.38
1506161,1,202204,268.3,14.74,3954.74
1506161,1,202205,251.3,13.5,3392.55
1506161,1,202206,432.2,12.49,5398.18
1506161,1,202207,454.3,11.93,5419.8
1506161,1,202208,686.1,11.42,7835.26
1506161,1,202209,673.4,10.12,6814.81
1506161,1,202210,651.9,9.15,5964.88
1506161,1,202211,537.9,10.17,5470.44
1506161,1,202212,543.9,9.6,5221.44
1506161,1,202301,535.7,12.02,6439.11
1506161,1,202302,322.3,13.23,4264.03
1506161,1,202303,263.0,14.81,3895.03
1506161,1,202304,301.8,14.95,4511.91
1506161,1,202305,293.3,14.65,4296.84
1506161,1,202306,298.9,13.67,4085.96
1506161,1,202307,437.8,12.49,5468.12
1506161,1,202308,601.5,11.48,6905.22
1506161,1,202309,564.0,10.29,5803.56
1506161,1,202310,594.3,9.72,5776.6
1506161,1,202311,441.3,10.42,4598.35
1506161,1,202312,353.9,11.64,4119.4
1506161,1,202401,338.3,12.6,4262.58
1506161,1,202402,302.4,14.28,4318.27
1506161,1,202403,231.2,16.23,3752.38
1506161,1,202404,212.5,14.84,3153.5
1506161,1,202405,204.8,16.76,3432.45
1506161,1,202406,291.6,13.39,3904.52
1506161,1,202407,257.5,12.74,3280.55
1506161,1,202408,305.0,11.06,3373.3
1506161,1,202409,296.9,11.83,3512.33
1506161,1,202410,428.2,9.98,4273.44
1506161,1,202411,332.3,10.34,3435.98
1506161,1,202412,359.9,11.39,4099.26
1506161,2,202201,79.8,39.24,3131.35
1506161,2,202202,95.1,40.68,3868.67
1506161,2,202203,116.2,40.73,4732.83
1506161,2,202204,91.5,44.12,4036.98
1506161,2,202205,62.9,46.86,2947.49
1506161,2,202206,51.0,46.43,2367.93
1506161,2,202207,43.9,52.83,2319.24
1506161,2,202208,39.0,51.99,2027.61
1506161,2,202209,44.2,49.07,2168.89
1506161,2,202210,51.7,48.81,2523.48
1506161,2,202211,45.7,44.87,2050.56
1506161,2,202212,67.2,44.68,3002.5
1506161,2,202301,51.0,39.69,2024.19
1506161,2,202302,56.6,38.68,2189.29
1506161,2,202303,73.2,39.32,2878.22
1506161,2,202304,72.3,47.6,3441.48
1506161,2,202305,56.3,45.32,2551.52
1506161,2,202306,70.2,53.68,3768.34
1506161,2,202307,51.2,50.22,2571.26
1506161,2,202308,32.7,55.2,1805.04
1506161,2,202309,41.1,53.58,2202.14
1506161,2,202310,33.9,53.51,1813.99
1506161,2,202311,38.6,49.42,1907.61
1506161,2,202312,56.9,43.47,2473.44
1506161,2,202401,60.3,41.17,2482.55
1506161,2,202402,73.8,44.81,3306.98
1506161,2,202403,57.8,40.96,2367.49
1506161,2,202404,67.0,40.14,2689.38
1506161,2,202405,43.2,44.29,1913.33
1506161,2,202406,54.3,48.19,2616.72
1506161,2,202407,44.5,56.57,2517.37
1506161,2,202408,58.0,62.43,3620.94
1506161,2,202409,46.8,49.59,2320.81
1506161,2,202410,72.9,50.24,3662.5
1506161,2,202411,60.8,48.82,2968.26
1506161,2,202412,49.4,48.57,2399.36
1506161,3,202201,4.3,90.12,387.52
1506161,3,202202,6.3,100.83,635.23
1506161,3,202203,6.5,102.22,664.43
1506161,3,202204,6.2,87.53,542.69
1506161,3,202205,7.6,85.38,648.89
1506161,3,202206,8.8,88.53,779.06
1506161,3,202207,9.2,86.93,799.76
1506161,3,202208,10.7,86.67,927.37
1506161,3,202209,9.8,93.56,916.89
1506161,3,202210,9.8,83.16,814.97
1506161,3,202211,7.7,90.18,694.39
1506161,3,202212,8.2,96.1,788.02
1506161,3,202301,6.8,102.02,693.74
1506161,3,202302,5.4,96.05,518.67
1506161,3,202303,5.8,95.51,553.96
1506161,3,202304,6.1,94.22,574.74
1506161,3,202305,8.0,101.92,815.36
1506161,3,202306,6.3,86.46,544.7
1506161,3,202307,8.7,87.31,759.6
1506161,3,202308,7.7,91.46,704.24
1506161,3,202309,5.1,84.03,428.55
1506161,3,202310,4.8,91.97,441.46
1506161,3,202311,5.3,85.12,451.14
1506161,3,202312,6.3,97.34,613.24
1506161,3,202401,6.3,102.52,645.88
1506161,3,202402,5.3,103.88,550.56
1506161,3,202403,5.2,97.9,509.08
1506161,3,202404,4.9,101.26,496.17
1506161,3,202405,6.4,97.01,620.86
1506161,3,202406,7.2,100.61,724.39
1506161,3,202407,8.8,95.14,837.23
1506161,3,202408,6.5,84.98,552.37
1506161,3,202409,6.6,88.39,583.37
1506161,3,202410,10.2,91.42,932.48
1506161,3,202411,10.1,98.08,990.61
1506161,3,202412,8.3,99.27,823.94
1506187,1,202201,984.7,12.92,12722.32
1506187,1,202202,829.9,13.28,11021.07
1506187,1,202203,397.8,13.33,5302.67
1506187,1,202204,503.6,13.68,6889.25
1506187,1,202205,622.0,14.28,8882.16
1506187,1,202206,939.2,12.53,11768.18
1506187,1,202207,1395.1,11.1,15485.61
1506187,1,202208,1451.6,11.09,16098.24
1506187,1,202209,1825.7,10.16,18549.11
1506187,1,202210,1442.0,9.31,13425.02
1506187,1,202211,1628.3,9.96,16217.87
1506187,1,202212,1247.2,10.84,13519.65
1506187,1,202301,864.4,12.86,11116.18
1506187,1,202302,775.6,14.21,11021.28
1506187,1,202303,946.3,12.95,12254.58
1506187,1,202304,883.7,14.92,13184.8
1506187,1,202305,1160.4,15.14,17568.46
1506187,1,202306,1009.7,13.51,13641.05
1506187,1,202307,1418.2,12.5,17727.5
1506187,1,202308,1375.7,11.6,15958.12
1506187,1,202309,1621.5,10.25,16620.38
1506187,1,202310,1737.0,10.63,18464.31
1506187,1,202311,1822.4,10.8,19681.92
1506187,1,202312,1578.8,11.1,17524.68
1506187,1,202401,1100.7,12.83,14121.98
1506187,1,202402,1108.2,12.42,13763.84
1506187,1,202403,1269.4,15.07,19129.86
1506187,1,202404,937.0,14.66,13736.42
1506187,1,202405,673.1,15.49,10426.32
1506187,1,202406,930.1,14.43,13421.34
1506187,1,202407,1074.6,13.42,14421.13
1506187,1,202408,1305.0,12.44,16234.2
1506187,1,202409,1701.1,10.59,18014.65
1506187,1,202410,1615.7,11.47,18532.08
1506187,1,202411,1505.7,10.73,16156.16
1506187,1,202412,1348.5,10.86,14644.71
1506187,2,202201,138.2,37.43,5172.83
1506187,2,202202,131.5,39.0,5128.5
1506187,2,202203,202.6,41.67,8442.34
1506187,2,202204,157.2,45.37,7132.16
1506187,2,202205,131.0,39.81,5215.11
1506187,2,202206,106.5,54.67,5822.36
1506187,2,202207,84.7,51.92,4397.62
1506187,2,202208,96.7,54.16,5237.27
1506187,2,202209,75.6,46.61,3523.72
1506187,2,202210,60.3,47.81,2882.94
1506187,2,202211,79.0,46.89,3704.31
1506187,2,202212,116.3,39.25,4564.77
1506187,2,202301,116.2,35.24,4094.89
1506187,2,202302,130.8,40.45,5290.86
1506187,2,202303,103.4,40.62,4200.11
1506187,2,202304,126.4,46.52,5880.13
1506187,2,202305,123.7,46.43,5743.39
1506187,2,202306,103.8,50.09,5199.34
1506187,2,202307,94.5,54.76,5174.82
1506187,2,202308,69.1,56.67,3915.9
1506187,2,202309,60.9,51.04,3108.34
1506187,2,202310,75.8,52.74,3997.69
1506187,2,202311,104.2,45.59,4750.48
1506187,2,202312,133.9,43.33,5801.89
1506187,2,202401,134.2,43.73,5868.57
1506187,2,202402,160.8,43.09,6928.87
1506187,2,202403,192.2,42.97,8258.83
1506187,2,202404,152.0,42.59,6473.68
1506187,2,202405,132.5,44.26,5864.45
1506187,2,202406,105.9,51.76,5481.38
1506187,2,202407,92.6,57.65,5338.39
1506187,2,202408,92.2,57.16,5270.15
1506187,2,202409,128.1,55.58,7119.8
1506187,2,202410,145.6,52.23,7604.69
1506187,2,202411,166.3,49.36,8208.57
1506187,2,202412,150.6,42.78,6442.67
1506187,3,202201,25.8,89.4,2306.52
1506187,3,202202,19.1,91.32,1744.21
1506187,3,202203,22.9,95.75,2192.67
1506187,3,202204,20.0,87.22,1744.4
1506187,3,202205,13.1,91.13,1193.8
1506187,3,202206,16.0,85.93,1374.88
1506187,3,202207,21.5,82.96,1783.64
1506187,3,202208,23.3,88.43,2060.42
1506187,3,202209,22.4,81.33,1821.79
1506187,3,202210,20.5,93.8,1922.9
1506187,3,202211,17.2,93.82,1613.7
1506187,3,202212,19.5,88.22,1720.29
1506187,3,202301,16.5,104.56,1725.24
1506187,3,202302,14.5,93.87,1361.12
1506187,3,202303,16.6,105.04,1743.66
1506187,3,202304,16.4,98.03,1607.69
1506187,3,202305,22.2,86.49,1920.08
1506187,3,202306,23.5,85.1,1999.85
1506187,3,202307,19.6,86.96,1704.42
1506187,3,202308,16.4,91.89,1507.0
1506187,3,202309,15.9,87.98,1398.88
1506187,3,202310,25.8,89.91,2319.68
1506187,3,202311,21.1,93.79,1978.97
1506187,3,202312,22.0,87.26,1919.72
1506187,3,202401,15.4,106.55,1640.87
1506187,3,202402,13.1,110.17,1443.23
1506187,3,202403,14.3,106.37,1521.09
1506187,3,202404,21.9,98.02,2146.64
1506187,3,202405,17.0,92.99,1580.83
1506187,3,202406,16.8,89.32,1500.58
1506187,3,202407,22.1,87.07,1924.25
1506187,3,202408,29.3,102.32,2997.98
1506187,3,202409,27.7,91.79,2542.58
1506187,3,202410,27.2,98.65,2683.28
1506187,3,202411,19.7,101.42,1997.97
1506187,3,202412,14.8,100.83,1492.28
1506195,1,202201,677.7,12.25,8301.83
1506195,1,202202,652.8,13.36,8721.41
1506195,1,202203,473.6,14.74,6980.86
1506195,1,202204,453.1,13.67,6193.88
1506195,1,202205,488.4,14.02,6847.37
1506195,1,202206,537.0,12.16,6529.92
1506195,1,202207,788.0,12.07,9511.16
1506195,1,202208,1033.4,10.44,10788.7
1506195,1,202209,1370.0,9.69,13275.3
1506195,1,202210,1204.6,9.16,11034.14
1506195,1,202211,1365.6,9.43,12877.61
1506195,1,202212,840.8,10.01,8416.41
1506195,1,202301,568.2,12.63,7176.37
1506195,1,202302,432.9,14.46,6259.73
1506195,1,202303,448.5,13.96,6261.06
1506195,1,202304,586.2,15.11,8857.48
1506195,1,202305,537.1,14.67,7879.26
1506195,1,202306,577.0,13.42,7743.34
1506195,1,202307,697.6,11.25,7848.0
1506195,1,202308,967.9,10.18,9853.22
1506195,1,202309,999.6,9.55,9546.18
1506195,1,202310,980.8,8.62,8454.5
1506195,1,202311,778.5,10.66,8298.81
1506195,1,202312,706.1,11.07,7816.53
1506195,1,202401,834.0,12.57,10483.38
1506195,1,202402,705.0,12.47,8791.35
1506195,1,202403,537.3,13.58,7296.53
1506195,1,202404,672.3,15.23,10239.13
1506195,1,202405,598.3,16.42,9824.09
1506195,1,202406,886.0,13.43,11898.98
1506195,1,202407,1235.4,13.14,16233.16
1506195,1,202408,1271.2,11.0,13983.2
1506195,1,202409,1002.0,10.33,10350.66
1506195,1,202410,1670.0,10.57,17651.9
1506195,1,202411,1497.1,10.12,15150.65
1506195,1,202412,1118.1,10.88,12164.93
1506195,2,202201,167.6,36.37,6095.61
1506195,2,202202,153.6,39.19,6019.58
1506195,2,202203,159.6,37.81,6034.48
1506195,2,202204,103.4,39.07,4039.84
1506195,2,202205,104.6,42.17,4410.98
1506195,2,202206,94.9,45.8,4346.42
1506195,2,202207,113.4,54.67,6199.58
1506195,2,202208,99.3,46.21,4588.65
1506195,2,202209,117.4,51.19,6009.71
1506195,2,202210,111.3,47.47,5283.41
1506195,2,202211,82.4,46.35,3819.24
1506195,2,202212,104.9,40.97,4297.75
1506195,2,202301,133.3,38.84,5177.37
1506195,2,202302,149.6,39.92,5972.03
1506195,2,202303,152.6,39.29,5995.65
1506195,2,202304,127.6,42.88,5471.49
1506195,2,202305,110.7,47.94,5306.96
1506195,2,202306,83.8,48.2,4039.16
1506195,2,202307,59.7,49.37,2947.39
1506195,2,202308,70.1,49.7,3483.97
1506195,2,202309,72.7,51.58,3749.87
1506195,2,202310,111.0,45.92,5097.12
1506195,2,202311,85.5,43.86,3750.03
1506195,2,202312,120.1,39.34,4724.73
1506195,2,202401,210.7,41.23,8687.16
1506195,2,202402,190.0,37.82,7185.8
1506195,2,202403,175.1,37.69,6599.52
1506195,2,202404,168.0,40.43,6792.24
1506195,2,202405,155.2,44.9,6968.48
1506195,2,202406,119.6,48.49,5799.4
1506195,2,202407,90.5,52.86,4783.83
1506195,2,202408,105.6,52.7,5565.12
1506195,2,202409,77.3,53.18,4110.81
1506195,2,202410,112.8,50.8,5730.24
1506195,2,202411,122.0,47.94,5848.68
1506195,2,202412,144.6,38.85,5617.71
1506195,3,202201,10.5,97.86,1027.53
1506195,3,202202,8.2,87.4,716.68
1506195,3,202203,9.9,82.87,820.41
1506195,3,202204,8.5,88.73,754.2
1506195,3,202205,8.8,96.4,848.32
1506195,3,202206,9.3,94.2,876.06
1506195,3,202207,13.4,78.78,1055.65
1506195,3,202208,8.3,78.41,650.8
1506195,3,202209,14.4,88.63,1276.27
1506195,3,202210,11.1,85.4,947.94
1506195,3,202211,10.5,96.36,1011.78
1506195,3,202212,10.9,96.22,1048.8
1506195,3,202301,11.0,103.08,1133.88
1506195,3,202302,12.2,95.22,1161.68
1506195,3,202303,12.8,100.67,1288.58
1506195,3,202304,17.5,106.63,1866.02
1506195,3,202305,17.2,94.27,1621.44
1506195,3,202306,14.9,90.59,1349.79
1506195,3,202307,12.8,86.82,1111.3
1506195,3,202308,11.5,81.21,933.92
1506195,3,202309,14.9,83.99,1251.45
1506195,3,202310,18.3,86.83,1588.99
1506195,3,202311,17.7,86.21,1525.92
1506195,3,202312,8.0,89.25,714.0
1506195,3,202401,5.9,90.47,533.77
1506195,3,202402,7.3,99.08,723.28
1506195,3,202403,8.4,105.76,888.38
1506195,3,202404,9.6,98.54,945.98
1506195,3,202405,13.5,95.7,1291.95
1506195,3,202406,16.7,97.97,1636.1
1506195,3,202407,15.9,100.27,1594.29
1506195,3,202408,11.3,102.37,1156.78
1506195,3,202409,9.5,92.82,881.79
1506195,3,202410,10.6,92.96,985.38
1506195,3,202411,11.7,95.21,1113.96
1506195,3,202412,9.0,103.12,928.08
1506203,1,202201,1258.3,12.52,15753.92
1506203,1,202202,1286.7,13.36,17190.31
1506203,1,202203,927.1,13.73,12729.08
1506203,1,202204,1145.4,14.86,17020.64
1506203,1,202205,1145.0,14.55,16659.75
1506203,1,202206,1304.5,12.93,16867.19
1506203,1,202207,1476.0,11.61,17136.36
1506203,1,202208,1522.6,11.19,17037.89
1506203,1,202209,1741.1,10.51,18298.96
1506203,1,202210,1694.4,8.99,15232.66
1506203,1,202211,1993.8,9.54,19020.85
1506203,1,202212,1616.2,10.76,17390.31
1506203,1,202301,1025.1,12.59,12906.01
1506203,1,202302,705.0,13.23,9327.15
1506203,1,202303,546.5,15.96,8722.14
1506203,1,202304,738.4,15.19,11216.3
1506203,1,202305,694.5,14.92,10361.94
1506203,1,202306,962.3,14.83,14270.91
1506203,1,202307,1255.7,12.02,15093.51
1506203,1,202308,1526.2,10.95,16711.89
1506203,1,202309,1925.4,9.44,18175.78
1506203,1,202310,2045.9,9.63,19702.02
1506203,1,202311,1176.6,9.33,10977.68
1506203,1,202312,1175.8,11.42,13427.64
1506203,1,202401,1221.2,13.03,15912.24
1506203,1,202402,1452.0,13.91,20197.32
1506203,1,202403,1589.9,15.01,23864.4
1506203,1,202404,1000.8,16.04,16052.83
1506203,1,202405,982.4,14.25,13999.2
1506203,1,202406,864.0,14.25,12312.0
1506203,1,202407,1540.3,13.22,20362.77
1506203,1,202408,2136.8,10.45,22329.56
1506203,1,202409,2366.2,10.81,25578.62
1506203,1,202410,2365.3,9.27,21926.33
1506203,1,202411,2734.6,10.38,28385.15
1506203,1,202412,2622.8,10.78,28273.78
1506203,2,202201,110.9,38.69,4290.72
1506203,2,202202,114.9,41.01,4712.05
1506203,2,202203,128.0,39.07,5000.96
1506203,2,202204,80.8,38.84,3138.27
1506203,2,202205,69.5,46.14,3206.73
1506203,2,202206,62.4,52.89,3300.34
1506203,2,202207,62.7,53.98,3384.55
1506203,2,202208,62.8,48.97,3075.32
1506203,2,202209,71.9,50.17,3607.22
1506203,2,202210,75.5,48.3,3646.65
1506203,2,202211,109.1,44.96,4905.14
1506203,2,202212,151.8,42.43,6440.87
1506203,2,202301,113.7,40.03,4551.41
1506203,2,202302,115.5,38.0,4389.0
1506203,2,202303,126.8,42.71,5415.63
1506203,2,202304,120.3,40.93,4923.88
1506203,2,202305,91.1,44.96,4095.86
1506203,2,202306,82.7,47.55,3932.38
1506203,2,202307,55.3,54.52,3014.96
1506203,2,202308,58.8,54.11,3181.67
1506203,2,202309,49.8,55.27,2752.45
1506203,2,202310,69.1,48.37,3342.37
1506203,2,202311,67.5,43.96,2967.3
1506203,2,202312,88.1,42.34,3730.15
1506203,2,202401,108.4,41.9,4541.96
1506203,2,202402,115.2,41.74,4808.45
1506203,2,202403,99.8,38.88,3880.22
1506203,2,202404,92.2,46.04,4244.89
1506203,2,202405,105.4,46.47,4897.94
1506203,2,202406,81.5,50.58,4122.27
1506203,2,202407,74.6,58.23,4343.96
1506203,2,202408,65.2,50.11,3267.17
1506203,2,202409,84.5,55.81,4715.95
1506203,2,202410,89.6,53.08,4755.97
1506203,2,202411,85.7,46.65,3997.9
1506203,2,202412,100.9,43.96,4435.56
1506203,3,202201,13.1,92.79,1215.55
1506203,3,202202,13.0,97.31,1265.03
1506203,3,202203,11.3,94.14,1063.78
1506203,3,202204,8.3,98.64,818.71
1506203,3,202205,9.6,94.12,903.55
1506203,3,202206,15.8,87.71,1385.82
1506203,3,202207,21.2,89.42,1895.7
1506203,3,202208,23.1,85.6,1977.36
1506203,3,202209,18.4,80.54,1481.94
1506203,3,202210,14.8,91.27,1350.8
1506203,3,202211,19.6,81.84,1604.06
1506203,3,202212,14.0,77.75,1088.5
1506203,3,202301,13.9,101.96,1417.24
1506203,3,202302,18.8,101.44,1907.07
1506203,3,202303,17.4,100.34,1745.92
1506203,3,202304,15.9,103.34,1643.11
1506203,3,202305,20.2,93.48,1888.3
1506203,3,202306,19.5,89.09,1737.26
1506203,3,202307,19.8,92.34,1828.33
1506203,3,202308,25.0,84.9,2122.5
1506203,3,202309,13.6,87.69,1192.58
1506203,3,202310,15.5,91.95,1425.22
1506203,3,202311,13.4,95.17,1275.28
1506203,3,202312,13.3,94.82,1261.11
1506203,3,202401,13.9,99.77,1386.8
1506203,3,202402,12.6,97.42,1227.49
1506203,3,202403,14.2,98.3,1395.86
1506203,3,202404,16.2,109.65,1776.33
1506203,3,202405,17.5,95.92,1678.6
1506203,3,202406,18.4,95.18,1751.31
1506203,3,202407,18.4,85.53,1573.75
1506203,3,202408,18.3,103.86,1900.64
1506203,3,202409,18.5,88.26,1632.81
1506203,3,202410,15.1,88.9,1342.39
1506203,3,202411,19.3,96.9,1870.17
1506203,3,202412,17.2,95.75,1646.9
1506302,1,202201,566.4,12.9,7306.56
1506302,1,202202,385.5,14.27,5501.08
1506302,1,202203,413.0,12.91,5331.83
1506302,1,202204,402.6,14.92,6006.79
1506302,1,202205,351.8,14.1,4960.38
1506302,1,202206,517.6,12.59,6516.58
1506302,1,202207,458.3,12.16,5572.93
1506302,1,202208,543.6,10.04,5457.74
1506302,1,202209,670.7,9.59,6432.01
1506302,1,202210,947.7,9.11,8633.55
1506302,1,202211,1184.3,9.58,11345.59
1506302,1,202212,1185.1,10.7,12680.57
1506302,1,202301,858.7,11.86,10184.18
1506302,1,202302,439.0,14.92,6549.88
1506302,1,202303,477.1,15.12,7213.75
1506302,1,202304,628.8,16.52,10387.78
1506302,1,202305,767.7,14.63,11231.45
1506302,1,202306,833.9,13.42,11190.94
1506302,1,202307,719.1,13.63,9801.33
1506302,1,202308,796.7,10.85,8644.2
1506302,1,202309,1351.9,10.12,13681.23
1506302,1,202310,987.5,10.22,10092.25
1506302,1,202311,797.7,9.6,7657.92
1506302,1,202312,926.8,11.57,10723.08
1506302,1,202401,719.0,13.34,9591.46
1506302,1,202402,503.8,15.26,7687.99
1506302,1,202403,648.8,16.01,10387.29
1506302,1,202404,643.2,16.73,10760.74
1506302,1,202405,593.6,15.23,9040.53
1506302,1,202406,545.8,13.72,7488.38
1506302,1,202407,1018.7,14.4,14669.28
1506302,1,202408,1096.2,10.75,11784.15
1506302,1,202409,1516.6,9.87,14968.84
1506302,1,202410,1636.0,10.53,17227.08
1506302,1,202411,1233.4,11.5,14184.1
1506302,1,202412,945.0,11.71,11065.95
1506302,2,202201,135.1,40.25,5437.78
1506302,2,202202,147.6,37.15,5483.34
1506302,2,202203,171.2,39.06,6687.07
1506302,2,202204,109.8,39.59,4346.98
1506302,2,202205,66.9,45.64,3053.32
1506302,2,202206,62.4,48.56,3030.14
1506302,2,202207,68.7,47.89,3290.04
1506302,2,202208,46.2,51.35,2372.37
1506302,2,202209,45.5,50.75,2309.12
1506302,2,202210,49.4,49.06,2423.56
1506302,2,202211,68.9,45.72,3150.11
1506302,2,202212,86.6,40.15,3476.99
1506302,2,202301,84.4,42.31,3570.96
1506302,2,202302,96.8,40.83,3952.34
1506302,2,202303,78.6,39.27,3086.62
1506302,2,202304,73.6,40.89,3009.5
1506302,2,202305,56.9,45.31,2578.14
1506302,2,202306,56.7,46.74,2650.16
1506302,2,202307,49.6,53.43,2650.13
1506302,2,202308,61.3,57.1,3500.23
1506302,2,202309,64.6,56.77,3667.34
1506302,2,202310,69.2,47.64,3296.69
1506302,2,202311,111.0,48.68,5403.48
1506302,2,202312,120.9,43.47,5255.52
1506302,2,202401,113.2,37.51,4246.13
1506302,2,202402,102.6,40.63,4168.64
1506302,2,202403,82.5,41.36,3412.2
1506302,2,202404,82.5,47.76,3940.2
1506302,2,202405,82.4,46.53,3834.07
1506302,2,202406,52.6,53.74,2826.72
1506302,2,202407,43.7,54.62,2386.89
1506302,2,202408,46.6,51.99,2422.73
1506302,2,202409,46.1,53.42,2462.66
1506302,2,202410,60.6,56.4,3417.84
1506302,2,202411,78.6,48.18,3786.95
1506302,2,202412,91.5,47.04,4304.16
1506302,3,202201,6.7,99.57,667.12
1506302,3,202202,9.1,101.48,923.47
1506302,3,202203,10.8,91.55,988.74
1506302,3,202204,10.2,92.24,940.85
1506302,3,202205,7.7,90.0,693.0
1506302,3,202206,7.8,91.67,715.03
1506302,3,202207,9.2,87.89,808.59
1506302,3,202208,8.0,85.75,686.0
1506302,3,202209,7.5,89.32,669.9
1506302,3,202210,10.2,81.55,831.81
1506302,3,202211,10.1,91.91,928.29
1506302,3,202212,9.9,93.73,927.93
1506302,3,202301,10.4,98.22,1021.49
1506302,3,202302,9.6,97.99,940.7
1506302,3,202303,9.5,99.13,941.73
1506302,3,202304,10.7,93.7,1002.59
1506302,3,202305,12.6,107.27,1351.6
1506302,3,202306,13.4,97.18,1302.21
1506302,3,202307,16.7,93.72,1565.12
1506302,3,202308,14.7,85.68,1259.5
1506302,3,202309,10.4,84.59,879.74
1506302,3,202310,12.7,89.83,1140.84
1506302,3,202311,11.0,94.14,1035.54
1506302,3,202312,9.0,89.67,807.03
1506302,3,202401,10.4,104.73,1089.19
1506302,3,202402,10.7,108.76,1163.73
1506302,3,202403,8.3,91.44,758.95
1506302,3,202404,10.5,95.71,1004.96
1506302,3,202405,15.4,103.35,1591.59
1506302,3,202406,15.0,96.06,1440.9
1506302,3,202407,13.4,88.24,1182.42
1506302,3,202408,9.6,94.79,909.98
1506302,3,202409,15.2,89.45,1359.64
1506302,3,202410,12.2,93.18,1136.8
1506302,3,202411,8.9,91.82,817.2
1506302,3,202412,9.5,100.2,951.9
1506351,1,202201,533.6,11.89,6344.5
1506351,1,202202,474.6,11.62,5514.85
1506351,1,202203,338.2,14.17,4792.29
1506351,1,202204,459.2,11.89,5459.89
1506351,1,202205,391.8,12.74,4991.53
1506351,1,202206,413.9,11.88,4917.13
1506351,1,202207,652.6,11.63,7589.74
1506351,1,202208,1016.8,10.49,10666.23
1506351,1,202209,1091.7,9.42,10283.81
1506351,1,202210,1262.9,8.11,10242.12
1506351,1,202211,1273.2,9.38,11942.62
1506351,1,202212,1012.6,10.08,10207.01
1506351,1,202301,684.3,10.5,7185.15
1506351,1,202302,680.9,11.38,7748.64
1506351,1,202303,670.3,14.22,9531.67
1506351,1,202304,721.0,13.69,9870.49
1506351,1,202305,732.3,12.66,9270.92
1506351,1,202306,626.8,12.49,7828.73
1506351,1,202307,881.7,11.63,10254.17
1506351,1,202308,1026.2,10.18,10446.72
1506351,1,202309,1056.6,8.65,9139.59
1506351,1,202310,1081.3,9.91,10715.68
1506351,1,202311,948.8,9.82,9317.22
1506351,1,202312,1056.5,10.05,10617.82
1506351,1,202401,678.8,11.66,7914.81
1506351,1,202402,523.3,13.32,6970.36
1506351,1,202403,493.8,13.22,6528.04
1506351,1,202404,698.3,14.56,10167.25
1506351,1,202405,839.3,13.09,10986.44
1506351,1,202406,638.7,13.04,8328.65
1506351,1,202407,1026.6,11.17,11467.12
1506351,1,202408,1465.6,10.02,14685.31
1506351,1,202409,1181.1,10.52,12425.17
1506351,1,202410,791.4,9.38,7423.33
1506351,1,202411,898.9,9.79,8800.23
1506351,1,202412,1090.4,9.58,10446.03
1506351,2,202201,72.5,39.02,2828.95
1506351,2,202202,61.7,37.7,2326.09
1506351,2,202203,54.5,39.93,2176.18
1506351,2,202204,75.3,45.62,3435.19
1506351,2,202205,67.6,45.17,3053.49
1506351,2,202206,43.0,47.73,2052.39
1506351,2,202207,51.3,56.03,2874.34
1506351,2,202208,36.4,55.31,2013.28
1506351,2,202209,37.2,53.95,2006.94
1506351,2,202210,47.7,47.18,2250.49
1506351,2,202211,92.4,43.67,4035.11
1506351,2,202212,106.5,37.98,4044.87
1506351,2,202301,93.4,42.73,3990.98
1506351,2,202302,92.8,39.93,3705.5
1506351,2,202303,103.1,37.21,3836.35
1506351,2,202304,112.0,45.97,5148.64
1506351,2,202305,81.5,46.02,3750.63
1506351,2,202306,64.4,49.77,3205.19
1506351,2,202307,49.4,49.03,2422.08
1506351,2,202308,56.4,55.16,3111.02
1506351,2,202309,68.9,54.22,3735.76
1506351,2,202310,49.0,50.19,2459.31
1506351,2,202311,56.7,45.83,2598.56
1506351,2,202312,56.2,49.37,2774.59
1506351,2,202401,72.8,39.82,2898.9
1506351,2,202402,64.9,39.85,2586.27
1506351,2,202403,56.7,43.81,2484.03
1506351,2,202404,75.7,42.73,3234.66
1506351,2,202405,66.7,46.03,3070.2
1506351,2,202406,60.0,55.29,3317.4
1506351,2,202407,60.6,56.6,3429.96
1506351,2,202408,68.7,57.26,3933.76
1506351,2,202409,61.0,55.41,3380.01
1506351,2,202410,61.4,50.47,3098.86
1506351,2,202411,66.2,47.99,3176.94
1506351,2,202412,95.1,44.78,4258.58
1506351,3,202201,8.3,97.68,810.74
1506351,3,202202,9.5,95.7,909.15
1506351,3,202203,9.4,93.36,877.58
1506351,3,202204,11.7,93.29,1091.49
1506351,3,202205,10.4,85.78,892.11
1506351,3,202206,14.3,90.88,1299.58
1506351,3,202207,14.9,83.58,1245.34
1506351,3,202208,14.0,79.85,1117.9
1506351,3,202209,13.3,87.32,1161.36
1506351,3,202210,11.0,89.56,985.16
1506351,3,202211,9.5,86.21,818.99
1506351,3,202212,9.8,95.64,937.27
1506351,3,202301,7.6,101.63,772.39
1506351,3,202302,7.4,109.51,810.37
1506351,3,202303,7.0,97.31,681.17
1506351,3,202304,9.1,96.15,874.96
1506351,3,202305,11.1,90.8,1007.88
1506351,3,202306,14.4,93.06,1340.06
1506351,3,202307,12.7,88.72,1126.74
1506351,3,202308,10.8,92.44,998.35
1506351,3,202309,8.5,86.83,738.06
1506351,3,202310,9.8,92.96,911.01
1506351,3,202311,12.7,92.49,1174.62
1506351,3,202312,11.2,87.92,984.7
1506351,3,202401,10.5,105.51,1107.86
1506351,3,202402,10.2,94.41,962.98
1506351,3,202403,10.7,101.44,1085.41
1506351,3,202404,13.0,99.4,1292.2
1506351,3,202405,17.8,97.16,1729.45
1506351,3,202406,17.0,94.51,1606.67
1506351,3,202407,16.8,92.32,1550.98
1506351,3,202408,14.4,93.04,1339.78
1506351,3,202409,13.2,91.65,1209.78
1506351,3,202410,12.1,107.46,1300.27
1506351,3,202411,10.7,95.55,1022.38
1506351,3,202412,10.7,94.18,1007.73
1506401,1,202201,233.9,11.0,2572.9
1506401,1,202202,197.5,12.45,2458.88
1506401,1,202203,114.5,12.86,1472.47
1506401,1,202204,130.3,13.2,1719.96
1506401,1,202205,156.4,13.54,2117.66
1506401,1,202206,228.0,12.52,2854.56
1506401,1,202207,222.7,12.49,2781.52
1506401,1,202208,177.3,10.27,1820.87
1506401,1,202209,198.4,9.73,1930.43
1506401,1,202210,202.6,8.41,1703.87
1506401,1,202211,265.1,9.43,2499.89
1506401,1,202212,151.7,9.69,1469.97
1506401,1,202301,147.6,11.93,1760.87
1506401,1,202302,190.5,13.37,2546.98
1506401,1,202303,168.3,13.85,2330.96
1506401,1,202304,189.3,15.96,3021.23
1506401,1,202305,138.9,14.84,2061.28
1506401,1,202306,128.6,13.7,1761.82
1506401,1,202307,234.4,12.15,2847.96
1506401,1,202308,283.9,11.43,3244.98
1506401,1,202309,326.6,8.9,2906.74
1506401,1,202310,277.2,9.89,2741.51
1506401,1,202311,290.7,9.1,2645.37
1506401,1,202312,216.6,10.17,2202.82
1506401,1,202401,248.7,12.52,3113.72
1506401,1,202402,334.8,14.31,4790.99
1506401,1,202403,261.5,13.58,3551.17
1506401,1,202404,190.3,14.36,2732.71
1506401,1,202405,120.6,14.46,1743.88
1506401,1,202406,118.4,13.33,1578.27
1506401,1,202407,231.6,12.71,2943.64
1506401,1,202408,233.8,12.94,3025.37
1506401,1,202409,271.4,10.17,2760.14
1506401,1,202410,347.0,9.27,3216.69
1506401,1,202411,433.7,9.34,4050.76
1506401,1,202412,332.0,10.72,3559.04
1506401,2,202201,35.0,40.23,1408.05
1506401,2,202202,29.8,38.54,1148.49
1506401,2,202203,35.0,38.45,1345.75
1506401,2,202204,23.1,41.69,963.04
1506401,2,202205,21.4,46.27,990.18
1506401,2,202206,16.8,49.5,831.6
1506401,2,202207,15.1,51.33,775.08
1506401,2,202208,23.9,50.26,1201.21
1506401,2,202209,18.1,58.54,1059.57
1506401,2,202210,18.5,49.25,911.12
1506401,2,202211,25.6,46.75,1196.8
1506401,2,202212,27.4,40.58,1111.89
1506401,2,202301,32.6,41.11,1340.19
1506401,2,202302,44.5,40.14,1786.23
1506401,2,202303,44.4,37.01,1643.24
1506401,2,202304,33.7,41.77,1407.65
1506401,2,202305,28.4,45.11,1281.12
1506401,2,202306,27.5,48.82,1342.55
1506401,2,202307,27.1,50.13,1358.52
1506401,2,202308,24.6,53.94,1326.92
1506401,2,202309,26.0,56.71,1474.46
1506401,2,202310,29.0,50.64,1468.56
1506401,2,202311,30.7,44.12,1354.48
1506401,2,202312,30.4,41.12,1250.05
1506401,2,202401,39.3,41.5,1630.95
1506401,2,202402,41.5,38.49,1597.34
1506401,2,202403,26.5,42.94,1137.91
1506401,2,202404,23.7,48.1,1139.97
1506401,2,202405,22.0,47.22,1038.84
1506401,2,202406,21.1,52.44,1106.48
1506401,2,202407,26.1,53.75,1402.88
1506401,2,202408,43.5,54.16,2355.96
1506401,2,202409,22.5,55.44,1247.4
1506401,2,202410,26.9,50.54,1359.53
1506401,2,202411,30.8,46.67,1437.44
1506401,2,202412,33.6,41.46,1393.06
1506401,3,202201,2.6,87.91,228.57
1506401,3,202202,1.8,92.85,167.13
1506401,3,202203,1.6,87.13,139.41
1506401,3,202204,1.5,91.24,136.86
1506401,3,202205,2.1,86.47,181.59
1506401,3,202206,3.0,84.57,253.71
1506401,3,202207,2.5,88.15,220.38
1506401,3,202208,2.9,85.8,248.82
1506401,3,202209,1.8,87.75,157.95
1506401,3,202210,1.8,86.74,156.13
1506401,3,202211,2.3,93.28,214.54
1506401,3,202212,2.2,92.54,203.59
1506401,3,202301,2.6,96.07,249.78
1506401,3,202302,1.7,102.09,173.55
1506401,3,202303,1.7,96.4,163.88
1506401,3,202304,2.2,94.83,208.63
1506401,3,202305,2.7,98.74,266.6
1506401,3,202306,3.1,95.32,295.49
1506401,3,202307,3.2,87.43,279.78
1506401,3,202308,2.6,91.91,238.97
1506401,3,202309,2.3,83.24,191.45
1506401,3,202310,3.8,89.48,340.02
1506401,3,202311,2.6,90.15,234.39
1506401,3,202312,2.0,96.4,192.8
1506401,3,202401,2.4,106.08,254.59
1506401,3,202402,2.0,105.93,211.86
1506401,3,202403,3.1,104.42,323.7
1506401,3,202404,4.9,100.81,493.97
1506401,3,202405,3.9,96.43,376.08
1506401,3,202406,3.8,100.12,380.46
1506401,3,202407,2.6,85.29,221.75
1506401,3,202408,3.4,88.37,300.46
1506401,3,202409,2.2,94.06,206.93
1506401,3,202410,1.9,101.77,193.36
1506401,3,202411,2.2,95.53,210.17
1506401,3,202412,2.6,98.82,256.93
1506500,1,202201,1583.3,10.24,16212.99
1506500,1,202202,1399.8,11.52,16125.7
1506500,1,202203,1079.3,13.21,14257.55
1506500,1,202204,1480.8,14.14,20938.51
1506500,1,202205,1184.5,11.97,14178.46
1506500,1,202206,1281.4,11.91,15261.47
1506500,1,202207,1701.4,10.34,17592.48
1506500,1,202208,2267.6,9.78,22177.13
1506500,1,202209,2960.3,9.56,28300.47
1506500,1,202210,2898.1,8.56,24807.74
1506500,1,202211,2974.3,9.04,26887.67
1506500,1,202212,2010.5,10.66,21431.93
1506500,1,202301,1920.4,11.78,22622.31
1506500,1,202302,1740.1,12.25,21316.22
1506500,1,202303,1791.0,13.72,24572.52
1506500,1,202304,1060.9,13.37,14184.23
1506500,1,202305,959.5,13.9,13337.05
1506500,1,202306,1365.4,13.06,17832.12
1506500,1,202307,997.5,10.75,10723.12
1506500,1,202308,1563.0,10.4,16255.2
1506500,1,202309,2323.5,9.37,21771.2
1506500,1,202310,2134.2,9.35,19954.77
1506500,1,202311,1935.0,9.82,19001.7
1506500,1,202312,1472.7,10.56,15551.71
1506500,1,202401,1268.6,11.73,14880.68
1506500,1,202402,1081.4,13.79,14912.51
1506500,1,202403,929.5,13.47,12520.36
1506500,1,202404,867.4,13.49,11701.23
1506500,1,202405,977.2,12.0,11726.4
1506500,1,202406,1159.5,13.11,15201.04
1506500,1,202407,2093.2,11.43,23925.28
1506500,1,202408,2130.7,10.87,23160.71
1506500,1,202409,2521.4,8.83,22263.96
1506500,1,202410,2297.3,9.11,20928.4
1506500,1,202411,2014.2,9.97,20081.57
1506500,1,202412,1380.4,10.12,13969.65
1506500,2,202201,233.9,42.82,10015.6
1506500,2,202202,255.5,34.28,8758.54
1506500,2,202203,294.5,38.68,11391.26
1506500,2,202204,202.5,42.02,8509.05
1506500,2,202205,198.8,48.28,9598.06
1506500,2,202206,131.8,47.42,6249.96
1506500,2,202207,140.6,58.08,8166.05
1506500,2,202208,177.0,53.75,9513.75
1506500,2,202209,174.7,45.17,7891.2
1506500,2,202210,230.0,44.98,10345.4
1506500,2,202211,194.0,45.54,8834.76
1506500,2,202212,200.5,39.31,7881.66
1506500,2,202301,180.9,41.85,7570.67
1506500,2,202302,197.9,38.89,7696.33
1506500,2,202303,206.9,38.36,7936.68
1506500,2,202304,189.6,41.25,7821.0
1506500,2,202305,153.6,48.84,7501.82
1506500,2,202306,128.6,45.47,5847.44
1506500,2,202307,132.4,55.72,7377.33
1506500,2,202308,125.9,56.79,7149.86
1506500,2,202309,108.0,52.01,5617.08
1506500,2,202310,92.6,46.9,4342.94
1506500,2,202311,114.7,48.12,5519.36
1506500,2,202312,119.2,42.25,5036.2
1506500,2,202401,137.1,39.2,5374.32
1506500,2,202402,157.4,45.45,7153.83
1506500,2,202403,170.7,40.46,6906.52
1506500,2,202404,152.2,41.76,6355.87
1506500,2,202405,221.9,49.3,10939.67
1506500,2,202406,142.4,52.07,7414.77
1506500,2,202407,167.7,59.15,9919.46
1506500,2,202408,147.9,54.84,8110.84
1506500,2,202409,132.6,53.91,7148.47
1506500,2,202410,167.2,53.13,8883.34
1506500,2,202411,171.2,49.09,8404.21
1506500,2,202412,171.5,45.48,7799.82
1506500,3,202201,14.8,87.18,1290.26
1506500,3,202202,17.3,92.41,1598.69
1506500,3,202203,22.8,92.11,2100.11
1506500,3,202204,19.8,94.98,1880.6
1506500,3,202205,17.1,86.58,1480.52
1506500,3,202206,18.7,87.51,1636.44
1506500,3,202207,14.7,82.78,1216.87
1506500,3,202208,21.1,80.07,1689.48
1506500,3,202209,16.5,80.59,1329.74
1506500,3,202210,18.2,86.55,1575.21
1506500,3,202211,18.9,90.46,1709.69
1506500,3,202212,20.0,91.81,1836.2
1506500,3,202301,19.3,94.45,1822.89
1506500,3,202302,18.3,98.53,1803.1
1506500,3,202303,19.5,96.89,1889.36
1506500,3,202304,22.5,91.51,2058.98
1506500,3,202305,30.0,93.99,2819.7
1506500,3,202306,21.6,99.39,2146.82
1506500,3,202307,15.7,88.08,1382.86
1506500,3,202308,13.6,81.79,1112.34
1506500,3,202309,11.6,95.5,1107.8
1506500,3,202310,11.5,96.68,1111.82
1506500,3,202311,10.9,100.55,1096.0
1506500,3,202312,12.2,96.2,1173.64
1506500,3,202401,16.3,98.32,1602.62
1506500,3,202402,18.8,98.53,1852.36
1506500,3,202403,16.8,108.25,1818.6
1506500,3,202404,16.4,108.49,1779.24
1506500,3,202405,26.3,92.83,2441.43
1506500,3,202406,27.7,83.12,2302.42
1506500,3,202407,26.7,92.07,2458.27
1506500,3,202408,25.7,87.33,2244.38
1506500,3,202409,22.9,88.95,2036.96
1506500,3,202410,31.3,93.17,2916.22
1506500,3,202411,24.9,99.21,2470.33
1506500,3,202412,22.6,96.28,2175.93
1506559,1,202201,542.3,12.07,6545.56
1506559,1,202202,473.0,12.36,5846.28
1506559,1,202203,477.6,14.57,6958.63
1506559,1,202204,528.8,14.06,7434.93
1506559,1,202205,519.8,12.84,6674.23
1506559,1,202206,483.8,12.31,5955.58
1506559,1,202207,545.9,12.01,6556.26
1506559,1,202208,768.0,10.64,8171.52
1506559,1,202209,716.8,8.81,6315.01
1506559,1,202210,778.1,8.9,6925.09
1506559,1,202211,731.7,9.38,6863.35
1506559,1,202212,672.5,9.9,6657.75
1506559,1,202301,494.0,13.27,6555.38
1506559,1,202302,329.1,13.19,4340.83
1506559,1,202303,387.0,13.9,5379.3
1506559,1,202304,476.8,15.15,7223.52
1506559,1,202305,355.3,13.69,4864.06
1506559,1,202306,486.4,13.71,6668.54
1506559,1,202307,737.9,10.85,8006.21
1506559,1,202308,932.5,10.32,9623.4
1506559,1,202309,916.7,10.17,9322.84
1506559,1,202310,802.2,10.08,8086.18
1506559,1,202311,827.5,9.28,7679.2
1506559,1,202312,787.4,10.1,7952.74
1506559,1,202401,678.0,12.58,8529.24
1506559,1,202402,549.5,13.1,7198.45
1506559,1,202403,403.0,14.26,5746.78
1506559,1,202404,452.9,15.46,7001.83
1506559,1,202405,529.0,14.07,7443.03
1506559,1,202406,612.3,12.25,7500.67
1506559,1,202407,726.7,11.46,8327.98
1506559,1,202408,1147.5,10.95,12565.12
1506559,1,202409,1022.0,9.12,9320.64
1506559,1,202410,1306.0,9.52,12433.12
1506559,1,202411,978.2,9.33,9126.61
1506559,1,202412,1038.8,11.88,12340.94
1506559,2,202201,70.0,39.09,2736.3
1506559,2,202202,66.7,38.64,2577.29
1506559,2,202203,76.9,40.67,3127.52
1506559,2,202204,63.1,43.16,2723.4
1506559,2,202205,64.5,46.72,3013.44
1506559,2,202206,69.2,49.2,3404.64
1506559,2,202207,49.0,48.79,2390.71
1506559,2,202208,71.0,50.06,3554.26
1506559,2,202209,53.5,52.03,2783.6
1506559,2,202210,48.6,50.43,2450.9
1506559,2,202211,61.8,46.61,2880.5
1506559,2,202212,73.7,40.24,2965.69
1506559,2,202301,78.1,40.41,3156.02
1506559,2,202302,90.7,37.51,3402.16
1506559,2,202303,85.1,37.98,3232.1
1506559,2,202304,105.8,43.47,4599.13
1506559,2,202305,76.9,50.09,3851.92
1506559,2,202306,52.4,50.56,2649.34
1506559,2,202307,43.3,58.17,2518.76
1506559,2,202308,47.5,53.38,2535.55
1506559,2,202309,53.2,52.96,2817.47
1506559,2,202310,58.3,47.88,2791.4
1506559,2,202311,54.7,45.99,2515.65
1506559,2,202312,78.8,40.79,3214.25
1506559,2,202401,116.1,39.14,4544.15
1506559,2,202402,101.8,38.96,3966.13
1506559,2,202403,123.1,42.47,5228.06
1506559,2,202404,108.6,43.33,4705.64
1506559,2,202405,119.9,47.4,5683.26
1506559,2,202406,88.6,53.33,4725.04
1506559,2,202407,68.5,50.82,3481.17
1506559,2,202408,68.2,56.12,3827.38
1506559,2,202409,57.2,57.29,3276.99
1506559,2,202410,64.4,54.74,3525.26
1506559,2,202411,87.7,49.87,4373.6
1506559,2,202412,101.3,44.84,4542.29
1506559,3,202201,7.2,96.46,694.51
1506559,3,202202,4.7,87.24,410.03
1506559,3,202203,6.3,89.51,563.91
1506559,3,202204,6.5,89.1,579.15
1506559,3,202205,5.8,89.28,517.82
1506559,3,202206,6.2,80.94,501.83
1506559,3,202207,7.6,81.64,620.46
1506559,3,202208,8.3,87.96,730.07
1506559,3,202209,9.6,89.24,856.7
1506559,3,202210,9.8,76.91,753.72
1506559,3,202211,7.2,87.4,629.28
1506559,3,202212,4.3,98.8,424.84
1506559,3,202301,5.4,100.38,542.05
1506559,3,202302,6.9,101.26,698.69
1506559,3,202303,7.1,101.28,719.09
1506559,3,202304,8.6,91.89,790.25
1506559,3,202305,7.4,94.61,700.11
1506559,3,202306,7.8,92.96,725.09
1506559,3,202307,7.3,89.21,651.23
1506559,3,202308,9.3,86.27,802.31
1506559,3,202309,7.9,88.52,699.31
1506559,3,202310,11.9,85.76,1020.54
1506559,3,202311,9.4,96.52,907.29
1506559,3,202312,10.1,89.73,906.27
1506559,3,202401,8.3,98.16,814.73
1506559,3,202402,10.3,106.6,1097.98
1506559,3,202403,12.0,103.75,1245.0
1506559,3,202404,10.1,97.72,986.97
1506559,3,202405,10.5,89.22,936.81
1506559,3,202406,13.1,94.07,1232.32
1506559,3,202407,12.6,89.29,1125.05
1506559,3,202408,9.9,93.59,926.54
1506559,3,202409,10.0,89.8,898.0
1506559,3,202410,8.4,86.38,725.59
1506559,3,202411,8.7,90.7,789.09
1506559,3,202412,7.4,98.0,725.2
1506583,1,202201,484.6,12.0,5815.2
1506583,1,202202,461.6,13.81,6374.7
1506583,1,202203,352.6,14.7,5183.22
1506583,1,202204,348.0,14.4,5011.2
1506583,1,202205,545.4,14.31,7804.67
1506583,1,202206,525.4,12.78,6714.61
1506583,1,202207,586.4,12.37,7253.77
1506583,1,202208,597.9,9.78,5847.46
1506583,1,202209,903.0,10.21,9219.63
1506583,1,202210,508.4,9.47,4814.55
1506583,1,202211,556.0,9.58,5326.48
1506583,1,202212,571.1,10.62,6065.08
1506583,1,202301,471.8,12.38,5840.88
1506583,1,202302,517.0,14.71,7605.07
1506583,1,202303,568.2,17.34,9852.59
1506583,1,202304,387.7,16.05,6222.58
1506583,1,202305,625.4,14.34,8968.24
1506583,1,202306,489.8,14.23,6969.85
1506583,1,202307,761.6,12.91,9832.26
1506583,1,202308,868.6,10.66,9259.28
1506583,1,202309,856.5,9.59,8213.83
1506583,1,202310,839.8,9.83,8255.23
1506583,1,202311,825.2,10.63,8771.88
1506583,1,202312,773.0,10.3,7961.9
1506583,1,202401,550.9,12.5,6886.25
1506583,1,202402,475.1,14.74,7002.97
1506583,1,202403,386.3,15.35,5929.7
1506583,1,202404,325.1,16.83,5471.43
1506583,1,202405,340.0,14.27,4851.8
1506583,1,202406,364.1,16.11,5865.65
1506583,1,202407,478.1,12.0,5737.2
1506583,1,202408,705.1,10.48,7389.45
1506583,1,202409,862.8,10.57,9119.8
1506583,1,202410,1321.6,9.67,12779.87
1506583,1,202411,746.8,10.58,7901.14
1506583,1,202412,778.6,11.56,9000.62
1506583,2,202201,46.9,37.97,1780.79
1506583,2,202202,66.0,39.81,2627.46
1506583,2,202203,60.0,38.64,2318.4
1506583,2,202204,49.3,42.0,2070.6
1506583,2,202205,46.2,39.43,1821.67
1506583,2,202206,38.6,47.57,1836.2
1506583,2,202207,35.3,54.16,1911.85
1506583,2,202208,31.4,53.58,1682.41
1506583,2,202209,30.0,53.15,1594.5
1506583,2,202210,40.5,48.5,1964.25
1506583,2,202211,30.6,48.93,1497.26
1506583,2,202212,42.3,42.23,1786.33
1506583,2,202301,44.0,39.4,1733.6
1506583,2,202302,34.1,41.52,1415.83
1506583,2,202303,32.9,42.64,1402.86
1506583,2,202304,35.6,44.67,1590.25
1506583,2,202305,35.7,45.87,1637.56
1506583,2,202306,38.2,51.02,1948.96
1506583,2,202307,39.7,56.69,2250.59
1506583,2,202308,27.2,55.12,1499.26
1506583,2,202309,32.4,49.11,1591.16
1506583,2,202310,41.2,48.75,2008.5
1506583,2,202311,46.7,45.25,2113.18
1506583,2,202312,55.8,41.69,2326.3
1506583,2,202401,40.8,38.05,1552.44
1506583,2,202402,39.2,45.41,1780.07
1506583,2,202403,55.6,40.47,2250.13
1506583,2,202404,47.6,43.18,2055.37
1506583,2,202405,63.5,44.1,2800.35
1506583,2,202406,38.3,54.56,2089.65
1506583,2,202407,46.4,54.66,2536.22
1506583,2,202408,36.1,54.92,1982.61
1506583,2,202409,42.7,54.1,2310.07
1506583,2,202410,41.3,53.8,2221.94
1506583,2,202411,46.8,47.45,2220.66
1506583,2,202412,57.9,40.7,2356.53
1506583,3,202201,5.0,91.7,458.5
1506583,3,202202,4.7,100.39,471.83
1506583,3,202203,6.1,86.67,528.69
1506583,3,202204,7.8,96.18,750.2
1506583,3,202205,8.0,91.55,732.4
1506583,3,202206,7.5,86.98,652.35
1506583,3,202207,6.9,83.43,575.67
1506583,3,202208,7.9,86.68,684.77
1506583,3,202209,7.3,83.47,609.33
1506583,3,202210,8.4,85.36,717.02
1506583,3,202211,9.0,90.29,812.61
1506583,3,202212,8.4,101.02,848.57
1506583,3,202301,6.7,91.29,611.64
1506583,3,202302,6.1,101.73,620.55
1506583,3,202303,4.7,97.76,459.47
1506583,3,202304,5.5,95.35,524.42
1506583,3,202305,6.2,86.72,537.66
1506583,3,202306,5.4,83.16,449.06
1506583,3,202307,9.8,90.26,884.55
1506583,3,202308,10.1,82.57,833.96
1506583,3,202309,7.8,93.36,728.21
1506583,3,202310,11.0,86.3,949.3
1506583,3,202311,8.3,96.21,798.54
1506583,3,202312,8.8,93.67,824.3
1506583,3,202401,7.9,99.11,782.97
1506583,3,202402,6.7,98.43,659.48
1506583,3,202403,6.4,104.51,668.86
1506583,3,202404,8.9,103.76,923.46
1506583,3,202405,10.0,95.68,956.8
1506583,3,202406,9.2,97.11,893.41
1506583,3,202407,6.2,92.21,571.7
1506583,3,202408,7.5,85.47,641.02
1506583,3,202409,6.2,93.91,582.24
1506583,3,202410,7.4,92.88,687.31
1506583,3,202411,6.4,85.29,545.86
1506583,3,202412,5.9,98.18,579.26
1506609,1,202201,524.1,11.2,5869.92
1506609,1,202202,507.5,11.83,6003.72
1506609,1,202203,425.7,13.56,5772.49
1506609,1,202204,510.6,13.29,6785.87
1506609,1,202205,488.0,12.84,6265.92
1506609,1,202206,456.5,12.48,5697.12
1506609,1,202207,425.5,11.86,5046.43
1506609,1,202208,575.6,10.33,5945.95
1506609,1,202209,580.6,9.11,5289.27
1506609,1,202210,559.2,8.78,4909.78
1506609,1,202211,712.3,9.65,6873.7
1506609,1,202212,492.9,9.07,4470.6
1506609,1,202301,632.1,12.4,7838.04
1506609,1,202302,549.7,11.99,6590.9
1506609,1,202303,477.0,13.12,6258.24
1506609,1,202304,378.3,14.05,5315.12
1506609,1,202305,491.3,15.7,7713.41
1506609,1,202306,554.2,14.32,7936.14
1506609,1,202307,582.1,12.35,7188.94
1506609,1,202308,755.3,10.86,8202.56
1506609,1,202309,645.1,8.88,5728.49
1506609,1,202310,575.3,9.49,5459.6
1506609,1,202311,547.7,9.49,5197.67
1506609,1,202312,627.9,10.24,6429.7
1506609,1,202401,585.6,12.44,7284.86
1506609,1,202402,630.7,13.32,8400.92
1506609,1,202403,452.9,15.24,6902.2
1506609,1,202404,501.5,13.56,6800.34
1506609,1,202405,508.5,14.64,7444.44
1506609,1,202406,488.9,13.05,6380.14
1506609,1,202407,670.1,12.09,8101.51
1506609,1,202408,802.0,11.22,8998.44
1506609,1,202409,827.4,9.55,7901.67
1506609,1,202410,924.8,9.83,9090.78
1506609,1,202411,890.7,9.99,8898.09
1506609,1,202412,785.9,10.69,8401.27
1506609,2,202201,45.9,40.1,1840.59
1506609,2,202202,55.1,41.0,2259.1
1506609,2,202203,65.8,37.38,2459.6
1506609,2,202204,75.1,41.3,3101.63
1506609,2,202205,43.4,50.75,2202.55
1506609,2,202206,44.7,53.31,2382.96
1506609,2,202207,35.9,47.7,1712.43
1506609,2,202208,60.9,51.72,3149.75
1506609,2,202209,67.0,51.19,3429.73
1506609,2,202210,80.8,49.39,3990.71
1506609,2,202211,82.6,47.96,3961.5
1506609,2,202212,81.7,45.63,3727.97
1506609,2,202301,71.8,40.8,2929.44
1506609,2,202302,62.9,42.08,2646.83
1506609,2,202303,53.2,42.06,2237.59
1506609,2,202304,57.9,43.24,2503.6
1506609,2,202305,67.4,42.99,2897.53
1506609,2,202306,49.8,52.94,2636.41
1506609,2,202307,38.3,54.5,2087.35
1506609,2,202308,29.2,54.88,1602.5
1506609,2,202309,35.8,50.35,1802.53
1506609,2,202310,52.0,55.49,2885.48
1506609,2,202311,70.5,47.16,3324.78
1506609,2,202312,90.7,40.89,3708.72
1506609,2,202401,90.4,39.62,3581.65
1506609,2,202402,83.4,42.73,3563.68
1506609,2,202403,93.5,43.81,4096.24
1506609,2,202404,60.7,43.93,2666.55
1506609,2,202405,49.3,49.74,2452.18
1506609,2,202406,61.2,54.02,3306.02
1506609,2,202407,41.5,55.3,2294.95
1506609,2,202408,40.6,53.96,2190.78
1506609,2,202409,47.7,57.62,2748.47
1506609,2,202410,51.3,54.48,2794.82
1506609,2,202411,69.7,50.0,3485.0
1506609,2,202412,94.4,43.12,4070.53
1506609,3,202201,4.8,95.69,459.31
1506609,3,202202,5.0,89.01,445.05
1506609,3,202203,5.3,94.8,502.44
1506609,3,202204,5.0,92.92,464.6
1506609,3,202205,6.4,83.84,536.58
1506609,3,202206,6.7,87.34,585.18
1506609,3,202207,6.6,87.67,578.62
1506609,3,202208,7.0,89.51,626.57
1506609,3,202209,8.8,90.08,792.7
1506609,3,202210,5.4,98.38,531.25
1506609,3,202211,7.3,90.0,657.0
1506609,3,202212,6.0,95.3,571.8
1506609,3,202301,5.2,95.52,496.7
1506609,3,202302,5.2,109.02,566.9
1506609,3,202303,4.8,94.17,452.02
1506609,3,202304,4.7,105.69,496.74
1506609,3,202305,6.6,101.96,672.94
1506609,3,202306,7.3,87.3,637.29
1506609,3,202307,5.4,93.46,504.68
1506609,3,202308,7.1,90.02,639.14
1506609,3,202309,8.1,86.93,704.13
1506609,3,202310,5.9,90.18,532.06
1506609,3,202311,6.4,94.85,607.04
1506609,3,202312,7.1,98.16,696.94
1506609,3,202401,5.1,110.18,561.92
1506609,3,202402,5.9,106.02,625.52
1506609,3,202403,5.5,98.39,541.14
1506609,3,202404,6.8,103.91,706.59
1506609,3,202405,6.1,89.07,543.33
1506609,3,202406,8.4,92.48,776.83
1506609,3,202407,8.1,90.82,735.64
1506609,3,202408,7.4,94.43,698.78
1506609,3,202409,6.7,100.68,674.56
1506609,3,202410,8.2,95.32,781.62
1506609,3,202411,6.7,95.46,639.58
1506609,3,202412,8.1,96.68,783.11
1506708,1,202201,596.0,12.33,7348.68
1506708,1,202202,442.4,13.44,5945.86
1506708,1,202203,416.4,14.26,5937.86
1506708,1,202204,393.6,15.19,5978.78
1506708,1,202205,387.0,14.7,5688.9
1506708,1,202206,630.3,13.44,8471.23
1506708,1,202207,755.3,11.59,8753.93
1506708,1,202208,783.5,10.95,8579.32
1506708,1,202209,902.9,9.78,8830.36
1506708,1,202210,773.9,9.34,7228.23
1506708,1,202211,729.0,11.22,8179.38
1506708,1,202212,651.0,9.94,6470.94
1506708,1,202301,467.5,13.09,6119.58
1506708,1,202302,480.4,13.21,6346.08
1506708,1,202303,406.9,14.85,6042.46
1506708,1,202304,390.6,17.17,6706.6
1506708,1,202305,396.1,14.06,5569.17
1506708,1,202306,834.2,13.3,11094.86
1506708,1,202307,750.9,12.47,9363.72
1506708,1,202308,588.0,10.71,6297.48
1506708,1,202309,566.4,10.67,6043.49
1506708,1,202310,823.1,9.6,7901.76
1506708,1,202311,1062.0,10.55,11204.1
1506708,1,202312,779.9,10.45,8149.95
1506708,1,202401,837.5,11.84,9916.0
1506708,1,202402,741.1,14.16,10493.98
1506708,1,202403,570.0,14.16,8071.2
1506708,1,202404,496.3,16.92,8397.4
1506708,1,202405,533.8,14.19,7574.62
1506708,1,202406,699.9,13.6,9518.64
1506708,1,202407,834.4,13.23,11039.11
1506708,1,202408,821.1,11.26,9245.59
1506708,1,202409,912.5,9.83,8969.88
1506708,1,202410,1392.9,11.34,15795.49
1506708,1,202411,1221.9,10.09,12328.97
1506708,1,202412,1144.3,11.49,13148.01
1506708,2,202201,74.2,41.07,3047.39
1506708,2,202202,90.6,37.84,3428.3
1506708,2,202203,98.9,41.01,4055.89
1506708,2,202204,89.6,45.21,4050.82
1506708,2,202205,65.4,42.02,2748.11
1506708,2,202206,48.4,48.7,2357.08
1506708,2,202207,45.9,56.07,2573.61
1506708,2,202208,45.6,48.64,2217.98
1506708,2,202209,58.6,50.55,2962.23
1506708,2,202210,55.1,47.3,2606.23
1506708,2,202211,57.9,47.43,2746.2
1506708,2,202212,97.7,44.18,4316.39
1506708,2,202301,124.4,41.05,5106.62
1506708,2,202302,90.9,39.84,3621.46
1506708,2,202303,109.2,37.37,4080.8
1506708,2,202304,71.3,46.48,3314.02
1506708,2,202305,58.4,45.98,2685.23
1506708,2,202306,50.4,49.95,2517.48
1506708,2,202307,47.4,55.51,2631.17
1506708,2,202308,53.1,54.35,2885.98
1506708,2,202309,54.7,55.6,3041.32
1506708,2,202310,65.7,51.85,3406.54
1506708,2,202311,65.6,47.28,3101.57
1506708,2,202312,79.4,43.97,3491.22
1506708,2,202401,85.9,39.98,3434.28
1506708,2,202402,67.8,41.0,2779.8
1506708,2,202403,78.3,44.64,3495.31
1506708,2,202404,74.2,42.98,3189.12
1506708,2,202405,58.0,46.89,2719.62
1506708,2,202406,50.2,50.0,2510.0
1506708,2,202407,45.6,55.34,2523.5
1506708,2,202408,45.3,59.95,2715.74
1506708,2,202409,68.3,56.44,3854.85
1506708,2,202410,99.9,46.86,4681.31
1506708,2,202411,56.6,50.2,2841.32
1506708,2,202412,75.7,43.97,3328.53
1506708,3,202201,12.1,97.49,1179.63
1506708,3,202202,11.1,97.91,1086.8
1506708,3,202203,14.0,87.01,1218.14
1506708,3,202204,17.3,99.75,1725.68
1506708,3,202205,13.7,92.86,1272.18
1506708,3,202206,11.1,87.99,976.69
1506708,3,202207,12.7,89.96,1142.49
1506708,3,202208,11.3,84.4,953.72
1506708,3,202209,10.1,89.17,900.62
1506708,3,202210,9.6,79.48,763.01
1506708,3,202211,13.2,93.76,1237.63
1506708,3,202212,14.6,93.56,1365.98
1506708,3,202301,21.4,99.45,2128.23
1506708,3,202302,15.5,95.12,1474.36
1506708,3,202303,18.7,97.39,1821.19
1506708,3,202304,18.6,95.22,1771.09
1506708,3,202305,15.8,88.42,1397.04
1506708,3,202306,15.7,92.43,1451.15
1506708,3,202307,14.7,96.0,1411.2
1506708,3,202308,16.2,81.95,1327.59
1506708,3,202309,19.2,90.94,1746.05
1506708,3,202310,16.3,88.9,1449.07
1506708,3,202311,17.8,91.13,1622.11
1506708,3,202312,19.9,96.77,1925.72
1506708,3,202401,22.1,102.71,2269.89
1506708,3,202402,14.7,103.99,1528.65
1506708,3,202403,14.4,96.63,1391.47
1506708,3,202404,16.8,105.72,1776.1
1506708,3,202405,13.8,97.6,1346.88
1506708,3,202406,12.0,97.13,1165.56
1506708,3,202407,14.0,97.92,1370.88
1506708,3,202408,14.3,83.0,1186.9
1506708,3,202409,14.7,95.1,1397.97
1506708,3,202410,13.9,93.51,1299.79
1506708,3,202411,20.9,102.28,2137.65
1506708,3,202412,16.4,96.18,1577.35
1506807,1,202201,6529.9,12.07,78815.89
1506807,1,202202,5683.9,12.92,73435.99
1506807,1,202203,4058.8,13.08,53089.1
1506807,1,202204,3745.9,14.09,52779.73
1506807,1,202205,3923.7,13.13,51518.18
1506807,1,202206,5323.6,13.55,72134.78
1506807,1,202207,5002.3,11.54,57726.54
1506807,1,202208,9186.9,10.25,94165.72
1506807,1,202209,8226.6,9.31,76589.65
1506807,1,202210,8566.8,9.74,83440.63
1506807,1,202211,6630.2,8.61,57086.02
1506807,1,202212,5026.3,11.09,55741.67
1506807,1,202301,4171.7,11.65,48600.3
1506807,1,202302,3424.3,12.11,41468.27
1506807,1,202303,3290.7,13.38,44029.57
1506807,1,202304,2995.8,13.1,39244.98
1506807,1,202305,4133.0,14.36,59349.88
1506807,1,202306,4252.8,12.33,52437.02
1506807,1,202307,4686.0,11.86,55575.96
1506807,1,202308,5839.2,11.14,65048.69
1506807,1,202309,8765.5,9.3,81519.15
1506807,1,202310,9451.9,9.16,86579.4
1506807,1,202311,8684.0,9.01,78242.84
1506807,1,202312,5884.5,10.32,60728.04
1506807,1,202401,4454.6,13.89,61874.39
1506807,1,202402,3436.8,14.03,48218.3
1506807,1,202403,4585.2,14.24,65293.25
1506807,1,202404,4892.5,14.33,70109.52
1506807,1,202405,4274.8,14.4,61557.12
1506807,1,202406,4603.8,13.58,62519.6
1506807,1,202407,5074.5,11.96,60691.02
1506807,1,202408,5716.7,11.22,64141.37
1506807,1,202409,8020.2,9.53,76432.51
1506807,1,202410,8349.5,9.2,76815.4
1506807,1,202411,12174.5,10.18,123936.41
1506807,1,202412,11914.8,10.31,122841.59
1506807,2,202201,855.7,38.26,32739.08
1506807,2,202202,769.3,35.67,27440.93
1506807,2,202203,789.7,37.65,29732.2
1506807,2,202204,700.0,42.72,29904.0
1506807,2,202205,695.8,43.47,30246.43
1506807,2,202206,532.9,50.21,26756.91
1506807,2,202207,428.6,48.77,20902.82
1506807,2,202208,537.6,52.38,28159.49
1506807,2,202209,696.5,47.62,33167.33
1506807,2,202210,795.8,46.81,37251.4
1506807,2,202211,742.4,41.34,30690.82
1506807,2,202212,737.7,38.46,28371.94
1506807,2,202301,756.1,38.75,29298.88
1506807,2,202302,998.6,35.83,35779.84
1506807,2,202303,822.7,39.51,32504.88
1506807,2,202304,929.1,41.04,38130.26
1506807,2,202305,892.7,45.57,40680.34
1506807,2,202306,925.3,45.34,41953.1
1506807,2,202307,902.6,52.71,47576.05
1506807,2,202308,828.7,56.39,46730.39
1506807,2,202309,579.3,54.82,31757.23
1506807,2,202310,730.9,53.26,38927.73
1506807,2,202311,825.8,45.14,37276.61
1506807,2,202312,857.0,40.94,35085.58
1506807,2,202401,1219.5,41.7,50853.15
1506807,2,202402,1125.1,39.29,44205.18
1506807,2,202403,950.8,37.31,35474.35
1506807,2,202404,1079.5,45.08,48663.86
1506807,2,202405,826.1,46.23,38190.6
1506807,2,202406,649.7,46.73,30360.48
1506807,2,202407,502.1,51.53,25873.21
1506807,2,202408,465.3,53.23,24767.92
1506807,2,202409,477.1,52.88,25229.05
1506807,2,202410,664.9,50.34,33471.07
1506807,2,202411,649.0,50.09,32508.41
1506807,2,202412,579.2,40.57,23498.14
1506807,3,202201,76.2,94.47,7198.61
1506807,3,202202,87.6,98.44,8623.34
1506807,3,202203,95.4,84.22,8034.59
1506807,3,202204,95.7,89.36,8551.75
1506807,3,202205,84.3,85.56,7212.71
1506807,3,202206,89.9,76.97,6919.6
1506807,3,202207,119.0,83.24,9905.56
1506807,3,202208,154.7,78.49,12142.4
1506807,3,202209,193.1,83.69,16160.54
1506807,3,202210,166.1,85.2,14151.72
1506807,3,202211,140.6,92.06,12943.64
1506807,3,202212,129.5,91.55,11855.72
1506807,3,202301,160.0,90.48,14476.8
1506807,3,202302,142.5,100.95,14385.38
1506807,3,202303,125.8,111.13,13980.15
1506807,3,202304,112.7,101.73,11464.97
1506807,3,202305,111.0,96.83,10748.13
1506807,3,202306,124.0,89.91,11148.84
1506807,3,202307,108.9,86.58,9428.56
1506807,3,202308,102.3,85.55,8751.76
1506807,3,202309,106.9,89.81,9600.69
1506807,3,202310,99.6,85.78,8543.69
1506807,3,202311,112.3,94.64,10628.07
1506807,3,202312,120.2,93.26,11209.85
1506807,3,202401,115.7,93.85,10858.44
1506807,3,202402,119.0,99.6,11852.4
1506807,3,202403,115.8,108.85,12604.83
1506807,3,202404,58.1,100.81,5857.06
1506807,3,202405,66.9,81.38,5444.32
1506807,3,202406,98.9,91.16,9015.72
1506807,3,202407,95.5,96.41,9207.15
1506807,3,202408,125.9,90.02,11333.52
1506807,3,202409,147.2,94.59,13923.65
1506807,3,202410,127.4,92.44,11776.86
1506807,3,202411,107.3,98.1,10526.13
1506807,3,202412,105.8,100.29,10610.68
1506906,1,202201,202.7,11.48,2327.0
1506906,1,202202,123.1,13.14,1617.53
1506906,1,202203,126.6,13.0,1645.8
1506906,1,202204,96.2,14.41,1386.24
1506906,1,202205,135.2,12.88,1741.38
1506906,1,202206,154.9,12.35,1913.02
1506906,1,202207,271.0,10.64,2883.44
1506906,1,202208,353.9,10.44,3694.72
1506906,1,202209,290.1,10.44,3028.64
1506906,1,202210,210.5,9.24,1945.02
1506906,1,202211,202.7,9.94,2014.84
1506906,1,202212,165.2,11.85,1957.62
1506906,1,202301,229.5,12.49,2866.46
1506906,1,202302,187.7,13.02,2443.85
1506906,1,202303,192.9,14.02,2704.46
1506906,1,202304,162.6,14.81,2408.11
1506906,1,202305,161.4,14.02,2262.83
1506906,1,202306,182.7,13.15,2402.5
1506906,1,202307,267.0,12.86,3433.62
1506906,1,202308,312.1,11.53,3598.51
1506906,1,202309,274.6,9.22,2531.81
1506906,1,202310,400.5,9.28,3716.64
1506906,1,202311,330.6,9.78,3233.27
1506906,1,202312,259.4,11.29,2928.63
1506906,1,202401,132.8,13.46,1787.49
1506906,1,202402,154.8,16.08,2489.18
1506906,1,202403,151.0,14.68,2216.68
1506906,1,202404,153.4,15.06,2310.2
1506906,1,202405,152.8,15.47,2363.82
1506906,1,202406,163.6,13.58,2221.69
1506906,1,202407,195.4,12.62,2465.95
1506906,1,202408,271.3,11.14,3022.28
1506906,1,202409,349.6,9.12,3188.35
1506906,1,202410,338.3,10.1,3416.83
1506906,1,202411,381.1,10.31,3929.14
1506906,1,202412,308.4,12.12,3737.81
1506906,2,202201,19.2,41.85,803.52
1506906,2,202202,26.6,37.05,985.53
1506906,2,202203,22.1,41.83,924.44
1506906,2,202204,19.2,40.15,770.88
1506906,2,202205,21.2,46.11,977.53
1506906,2,202206,22.5,46.85,1054.12
1506906,2,202207,23.7,49.93,1183.34
1506906,2,202208,14.2,53.39,758.14
1506906,2,202209,16.2,47.6,771.12
1506906,2,202210,18.2,54.47,991.35
1506906,2,202211,19.8,42.75,846.45
1506906,2,202212,22.3,39.43,879.29
1506906,2,202301,30.5,42.01,1281.3
1506906,2,202302,34.5,42.43,1463.84
1506906,2,202303,34.3,40.07,1374.4
1506906,2,202304,28.2,41.03,1157.05
1506906,2,202305,33.9,44.69,1514.99
1506906,2,202306,22.3,47.78,1065.49
1506906,2,202307,13.8,53.7,741.06
1506906,2,202308,13.4,53.63,718.64
1506906,2,202309,14.8,54.02,799.5
1506906,2,202310,21.2,51.24,1086.29
1506906,2,202311,20.3,48.77,990.03
1506906,2,202312,25.0,42.41,1060.25
1506906,2,202401,20.2,40.75,823.15
1506906,2,202402,27.7,41.63,1153.15
1506906,2,202403,26.5,42.17,1117.51
1506906,2,202404,22.5,45.53,1024.42
1506906,2,202405,29.5,46.9,1383.55
1506906,2,202406,27.3,53.95,1472.84
1506906,2,202407,17.6,51.77,911.15
1506906,2,202408,16.3,54.67,891.12
1506906,2,202409,27.5,58.1,1597.75
1506906,2,202410,35.4,49.37,1747.7
1506906,2,202411,36.5,51.22,1869.53
1506906,2,202412,23.8,41.9,997.22
1506906,3,202201,2.5,83.89,209.72
1506906,3,202202,3.1,91.98,285.14
1506906,3,202203,3.0,88.4,265.2
1506906,3,202204,2.8,89.73,251.24
1506906,3,202205,2.4,96.47,231.53
1506906,3,202206,3.0,84.18,252.54
1506906,3,202207,2.7,83.32,224.96
1506906,3,202208,3.1,81.16,251.6
1506906,3,202209,3.4,92.55,314.67
1506906,3,202210,3.6,77.82,280.15
1506906,3,202211,3.7,87.53,323.86
1506906,3,202212,3.6,88.77,319.57
1506906,3,202301,2.4,90.34,216.82
1506906,3,202302,2.0,104.84,209.68
1506906,3,202303,1.7,89.97,152.95
1506906,3,202304,1.6,94.22,150.75
1506906,3,202305,2.6,93.23,242.4
1506906,3,202306,2.3,87.45,201.14
1506906,3,202307,2.1,81.37,170.88
1506906,3,202308,2.4,87.25,209.4
1506906,3,202309,2.3,85.42,196.47
1506906,3,202310,3.6,94.54,340.34
1506906,3,202311,3.0,96.05,288.15
1506906,3,202312,3.0,106.25,318.75
1506906,3,202401,2.4,102.81,246.74
1506906,3,202402,1.8,106.11,191.0
1506906,3,202403,1.8,100.43,180.77
1506906,3,202404,1.9,109.06,207.21
1506906,3,202405,2.0,97.25,194.5
1506906,3,202406,1.8,93.8,168.84
1506906,3,202407,2.3,94.67,217.74
1506906,3,202408,2.5,88.47,221.18
1506906,3,202409,2.0,89.88,179.76
1506906,3,202410,2.4,96.86,232.46
1506906,3,202411,2.8,100.82,282.3
1506906,3,202412,3.4,103.15,350.71
1507003,1,202201,592.1,11.17,6613.76
1507003,1,202202,521.5,12.79,6669.98
1507003,1,202203,340.1,13.8,4693.38
1507003,1,202204,318.2,13.62,4333.88
1507003,1,202205,460.3,13.88,6388.96
1507003,1,202206,542.5,12.83,6960.28
1507003,1,202207,816.5,11.84,9667.36
1507003,1,202208,666.4,10.53,7017.19
1507003,1,202209,824.9,9.91,8174.76
1507003,1,202210,873.9,8.77,7664.1
1507003,1,202211,1087.8,8.57,9322.45
1507003,1,202212,1068.5,10.36,11069.66
1507003,1,202301,955.9,12.1,11566.39
1507003,1,202302,981.0,13.91,13645.71
1507003,1,202303,691.6,14.67,10145.77
1507003,1,202304,786.4,15.52,12204.93
1507003,1,202305,597.6,14.19,8479.94
1507003,1,202306,557.4,13.01,7251.77
1507003,1,202307,821.6,10.86,8922.58
1507003,1,202308,742.1,10.58,7851.42
1507003,1,202309,1040.1,9.26,9631.33
1507003,1,202310,1137.3,9.29,10565.52
1507003,1,202311,1328.0,9.55,12682.4
1507003,1,202312,1077.6,10.67,11497.99
1507003,1,202401,883.0,12.02,10613.66
1507003,1,202402,793.1,13.99,11095.47
1507003,1,202403,589.4,12.46,7343.92
1507003,1,202404,505.2,14.76,7456.75
1507003,1,202405,614.9,15.16,9321.88
1507003,1,202406,699.6,14.66,10256.14
1507003,1,202407,780.2,12.53,9775.91
1507003,1,202408,948.8,11.76,11157.89
1507003,1,202409,1479.1,9.97,14746.63
1507003,1,202410,1300.5,9.54,12406.77
1507003,1,202411,1112.9,10.15,11295.94
1507003,1,202412,735.6,10.81,7951.84
1507003,2,202201,46.2,41.32,1908.98
1507003,2,202202,54.5,38.51,2098.8
1507003,2,202203,63.9,34.22,2186.66
1507003,2,202204,72.5,40.28,2920.3
1507003,2,202205,72.0,45.23,3256.56
1507003,2,202206,64.1,47.86,3067.83
1507003,2,202207,43.5,50.93,2215.46
1507003,2,202208,35.2,52.38,1843.78
1507003,2,202209,43.9,49.51,2173.49
1507003,2,202210,60.4,48.36,2920.94
1507003,2,202211,50.6,44.67,2260.3
1507003,2,202212,72.7,40.19,2921.81
1507003,2,202301,51.6,44.66,2304.46
1507003,2,202302,62.5,38.84,2427.5
1507003,2,202303,60.9,36.38,2215.54
1507003,2,202304,54.9,47.33,2598.42
1507003,2,202305,50.2,44.86,2251.97
1507003,2,202306,38.7,52.63,2036.78
1507003,2,202307,41.2,51.11,2105.73
1507003,2,202308,40.9,55.37,2264.63
1507003,2,202309,50.3,52.75,2653.32
1507003,2,202310,69.0,52.89,3649.41
1507003,2,202311,68.8,46.3,3185.44
1507003,2,202312,61.0,41.89,2555.29
1507003,2,202401,54.6,42.83,2338.52
1507003,2,202402,83.4,40.53,3380.2
1507003,2,202403,99.8,38.4,3832.32
1507003,2,202404,91.7,43.62,3999.95
1507003,2,202405,70.1,56.1,3932.61
1507003,2,202406,65.1,47.7,3105.27
1507003,2,202407,67.1,55.58,3729.42
1507003,2,202408,49.4,55.22,2727.87
1507003,2,202409,48.9,60.19,2943.29
1507003,2,202410,42.6,49.42,2105.29
1507003,2,202411,50.2,48.85,2452.27
1507003,2,202412,78.8,46.52,3665.78
1507003,3,202201,9.5,93.39,887.2
1507003,3,202202,11.0,86.89,955.79
1507003,3,202203,8.5,94.09,799.76
1507003,3,202204,9.1,88.74,807.53
1507003,3,202205,5.8,96.49,559.64
1507003,3,202206,8.7,81.54,709.4
1507003,3,202207,8.5,90.71,771.04
1507003,3,202208,8.4,83.85,704.34
1507003,3,202209,9.1,87.07,792.34
1507003,3,202210,10.7,81.48,871.84
1507003,3,202211,15.8,88.62,1400.2
1507003,3,202212,9.6,89.67,860.83
1507003,3,202301,8.0,109.38,875.04
1507003,3,202302,8.9,95.85,853.06
1507003,3,202303,8.1,104.31,844.91
1507003,3,202304,10.5,102.2,1073.1
1507003,3,202305,10.5,99.09,1040.44
1507003,3,202306,13.1,88.14,1154.63
1507003,3,202307,12.2,97.12,1184.86
1507003,3,202308,13.4,97.3,1303.82
1507003,3,202309,10.6,90.38,958.03
1507003,3,202310,15.2,88.7,1348.24
1507003,3,202311,9.5,89.66,851.77
1507003,3,202312,8.4,98.71,829.16
1507003,3,202401,6.8,102.58,697.54
1507003,3,202402,9.1,103.98,946.22
1507003,3,202403,10.6,95.59,1013.25
1507003,3,202404,8.7,100.28,872.44
1507003,3,202405,11.8,102.92,1214.46
1507003,3,202406,10.7,98.21,1050.85
1507003,3,202407,12.4,90.26,1119.22
1507003,3,202408,14.0,90.87,1272.18
1507003,3,202409,12.7,85.63,1087.5
1507003,3,202410,14.3,91.2,1304.16
1507003,3,202411,12.3,95.56,1175.39
1507003,3,202412,12.1,103.34,1250.41
1507102,1,202201,370.6,13.03,4828.92
1507102,1,202202,265.4,13.27,3521.86
1507102,1,202203,285.7,12.96,3702.67
1507102,1,202204,280.8,13.93,3911.54
1507102,1,202205,280.6,13.81,3875.09
1507102,1,202206,299.2,11.63,3479.7
1507102,1,202207,416.6,12.07,5028.36
1507102,1,202208,573.7,10.0,5737.0
1507102,1,202209,505.2,9.18,4637.74
1507102,1,202210,442.3,8.91,3940.89
1507102,1,202211,568.2,9.76,5545.63
1507102,1,202212,393.5,9.71,3820.88
1507102,1,202301,405.6,10.76,4364.26
1507102,1,202302,467.3,13.16,6149.67
1507102,1,202303,498.2,12.5,6227.5
1507102,1,202304,456.0,13.97,6370.32
1507102,1,202305,464.4,14.69,6822.04
1507102,1,202306,686.1,13.33,9145.71
1507102,1,202307,419.7,12.34,5179.1
1507102,1,202308,470.1,10.82,5086.48
1507102,1,202309,653.3,10.81,7062.17
1507102,1,202310,625.0,8.99,5618.75
1507102,1,202311,751.2,9.78,7346.74
1507102,1,202312,604.0,10.26,6197.04
1507102,1,202401,497.0,12.76,6341.72
1507102,1,202402,383.4,13.4,5137.56
1507102,1,202403,307.2,15.66,4810.75
1507102,1,202404,276.3,14.33,3959.38
1507102,1,202405,324.4,15.42,5002.25
1507102,1,202406,327.6,13.84,4533.98
1507102,1,202407,496.9,12.14,6032.37
1507102,1,202408,649.4,11.18,7260.29
1507102,1,202409,847.0,10.08,8537.76
1507102,1,202410,646.6,9.78,6323.75
1507102,1,202411,461.1,9.85,4541.84
1507102,1,202412,463.0,10.51,4866.13
1507102,2,202201,45.6,39.22,1788.43
1507102,2,202202,49.9,38.09,1900.69
1507102,2,202203,47.4,40.1,1900.74
1507102,2,202204,42.9,38.4,1647.36
1507102,2,202205,47.2,48.99,2312.33
1507102,2,202206,43.3,50.81,2200.07
1507102,2,202207,41.6,49.23,2047.97
1507102,2,202208,39.9,51.83,2068.02
1507102,2,202209,46.1,49.45,2279.64
1507102,2,202210,57.5,49.1,2823.25
1507102,2,202211,53.0,45.14,2392.42
1507102,2,202212,64.9,42.1,2732.29
1507102,2,202301,51.0,38.68,1972.68
1507102,2,202302,36.4,38.83,1413.41
1507102,2,202303,58.8,43.12,2535.46
1507102,2,202304,49.6,42.15,2090.64
1507102,2,202305,46.5,41.01,1906.96
1507102,2,202306,32.6,49.93,1627.72
1507102,2,202307,25.8,59.66,1539.23
1507102,2,202308,25.3,56.15,1420.6
1507102,2,202309,33.8,51.36,1735.97
1507102,2,202310,35.1,50.18,1761.32
1507102,2,202311,39.9,48.42,1931.96
1507102,2,202312,42.1,39.65,1669.26
1507102,2,202401,62.5,40.51,2531.88
1507102,2,202402,73.6,42.14,3101.5
1507102,2,202403,60.4,45.8,2766.32
1507102,2,202404,61.7,43.98,2713.57
1507102,2,202405,49.4,52.56,2596.46
1507102,2,202406,40.5,50.31,2037.56
1507102,2,202407,37.3,46.36,1729.23
1507102,2,202408,41.2,58.01,2390.01
1507102,2,202409,35.0,56.42,1974.7
1507102,2,202410,44.0,54.2,2384.8
1507102,2,202411,77.5,50.32,3899.8
1507102,2,202412,75.6,45.39,3431.48
1507102,3,202201,4.3,92.16,396.29
1507102,3,202202,5.3,92.1,488.13
1507102,3,202203,5.0,89.29,446.45
1507102,3,202204,4.5,89.83,404.24
1507102,3,202205,6.0,102.84,617.04
1507102,3,202206,6.8,80.64,548.35
1507102,3,202207,6.5,79.81,518.76
1507102,3,202208,6.2,84.37,523.09
1507102,3,202209,6.7,94.18,631.01
1507102,3,202210,7.0,90.6,634.2
1507102,3,202211,6.6,97.26,641.92
1507102,3,202212,6.2,90.93,563.77
1507102,3,202301,5.2,91.85,477.62
1507102,3,202302,4.8,97.01,465.65
1507102,3,202303,5.0,97.85,489.25
1507102,3,202304,4.5,96.46,434.07
1507102,3,202305,4.3,92.6,398.18
1507102,3,202306,5.2,93.51,486.25
1507102,3,202307,7.0,85.63,599.41
1507102,3,202308,4.8,84.0,403.2
1507102,3,202309,5.1,83.55,426.1
1507102,3,202310,5.8,91.73,532.03
1507102,3,202311,7.1,94.1,668.11
1507102,3,202312,8.9,101.82,906.2
1507102,3,202401,7.0,110.47,773.29
1507102,3,202402,9.1,97.0,882.7
1507102,3,202403,8.4,102.37,859.91
1507102,3,202404,8.7,99.09,862.08
1507102,3,202405,6.6,90.01,594.07
1507102,3,202406,7.4,91.83,679.54
1507102,3,202407,8.8,99.66,877.01
1507102,3,202408,7.2,88.52,637.34
1507102,3,202409,4.5,88.54,398.43
1507102,3,202410,5.3,94.04,498.41
1507102,3,202411,5.4,101.73,549.34
1507102,3,202412,7.1,98.6,700.06
1507151,1,202201,342.4,10.89,3728.74
1507151,1,202202,379.1,12.54,4753.91
1507151,1,202203,271.4,13.96,3788.74
1507151,1,202204,275.3,14.62,4024.89
1507151,1,202205,350.4,13.79,4832.02
1507151,1,202206,464.0,14.09,6537.76
1507151,1,202207,379.0,12.25,4642.75
1507151,1,202208,488.2,10.92,5331.14
1507151,1,202209,643.4,9.09,5848.51
1507151,1,202210,685.8,10.16,6967.73
1507151,1,202211,835.6,9.29,7762.72
1507151,1,202212,577.4,11.54,6663.2
1507151,1,202301,341.8,13.54,4627.97
1507151,1,202302,386.5,13.88,5364.62
1507151,1,202303,319.5,15.23,4865.99
1507151,1,202304,236.1,12.7,2998.47
1507151,1,202305,283.6,14.33,4063.99
1507151,1,202306,450.1,14.29,6431.93
1507151,1,202307,418.7,12.82,5367.73
1507151,1,202308,823.5,10.31,8490.28
1507151,1,202309,715.4,9.87,7061.0
1507151,1,202310,754.8,8.52,6430.9
1507151,1,202311,572.6,10.22,5851.97
1507151,1,202312,551.8,9.97,5501.45
1507151,1,202401,474.8,13.45,6386.06
1507151,1,202402,317.4,14.9,4729.26
1507151,1,202403,530.6,14.67,7783.9
1507151,1,202404,410.0,15.79,6473.9
1507151,1,202405,379.3,14.86,5636.4
1507151,1,202406,521.5,14.22,7415.73
1507151,1,202407,812.1,12.0,9745.2
1507151,1,202408,1005.5,11.74,11804.57
1507151,1,202409,770.6,9.58,7382.35
1507151,1,202410,823.8,9.16,7546.01
1507151,1,202411,546.5,10.34,5650.81
1507151,1,202412,639.0,11.26,7195.14
1507151,2,202201,75.0,41.41,3105.75
1507151,2,202202,72.8,36.03,2622.98
1507151,2,202203,68.7,37.47,2574.19
1507151,2,202204,48.0,39.22,1882.56
1507151,2,202205,40.2,43.04,1730.21
1507151,2,202206,41.6,48.04,1998.46
1507151,2,202207,28.8,50.52,1454.98
1507151,2,202208,24.7,44.54,1100.14
1507151,2,202209,32.1,49.9,1601.79
1507151,2,202210,42.0,46.63,1958.46
1507151,2,202211,51.2,42.39,2170.37
1507151,2,202212,41.9,42.64,1786.62
1507151,2,202301,76.6,41.82,3203.41
1507151,2,202302,63.1,39.16,2471.0
1507151,2,202303,59.6,37.28,2221.89
1507151,2,202304,49.6,38.37,1903.15
1507151,2,202305,65.7,45.72,3003.8
1507151,2,202306,63.3,50.66,3206.78
1507151,2,202307,52.0,44.95,2337.4
1507151,2,202308,46.6,53.46,2491.24
1507151,2,202309,52.6,49.12,2583.71
1507151,2,202310,47.0,43.24,2032.28
1507151,2,202311,63.3,45.07,2852.93
1507151,2,202312,67.5,42.62,2876.85
1507151,2,202401,86.0,39.16,3367.76
1507151,2,202402,97.3,36.93,3593.29
1507151,2,202403,81.9,43.42,3556.1
1507151,2,202404,53.0,40.98,2171.94
1507151,2,202405,52.7,48.54,2558.06
1507151,2,202406,40.3,45.65,1839.69
1507151,2,202407,44.6,52.84,2356.66
1507151,2,202408,45.6,53.71,2449.18
1507151,2,202409,46.0,54.06,2486.76
1507151,2,202410,43.8,53.06,2324.03
1507151,2,202411,71.4,43.98,3140.17
1507151,2,202412,75.1,43.49,3266.1
1507151,3,202201,5.0,87.64,438.2
1507151,3,202202,6.5,98.0,637.0
1507151,3,202203,7.3,83.85,612.1
1507151,3,202204,9.0,91.53,823.77
1507151,3,202205,6.5,92.18,599.17
1507151,3,202206,7.2,90.47,651.38
1507151,3,202207,9.6,84.88,814.85
1507151,3,202208,8.7,83.58,727.15
1507151,3,202209,9.0,87.78,790.02
1507151,3,202210,8.2,91.55,750.71
1507151,3,202211,7.6,96.43,732.87
1507151,3,202212,9.4,86.91,816.95
1507151,3,202301,6.6,97.48,643.37
1507151,3,202302,7.0,88.91,622.37
1507151,3,202303,7.8,91.96,717.29
1507151,3,202304,9.7,93.07,902.78
1507151,3,202305,9.4,97.74,918.76
1507151,3,202306,11.5,88.63,1019.24
1507151,3,202307,10.9,87.46,953.31
1507151,3,202308,10.8,89.31,964.55
1507151,3,202309,10.5,85.81,901.0
1507151,3,202310,11.1,82.17,912.09
1507151,3,202311,10.9,90.17,982.85
1507151,3,202312,7.9,95.83,757.06
1507151,3,202401,8.2,104.67,858.29
1507151,3,202402,9.0,101.97,917.73
1507151,3,202403,11.5,104.59,1202.79
1507151,3,202404,8.8,104.85,922.68
1507151,3,202405,10.2,102.8,1048.56
1507151,3,202406,9.7,95.1,922.47
1507151,3,202407,10.5,87.06,914.13
1507151,3,202408,8.7,85.85,746.89
1507151,3,202409,9.2,86.99,800.31
1507151,3,202410,9.8,89.35,875.63
1507151,3,202411,7.9,97.68,771.67
1507151,3,202412,10.5,110.02,1155.21
1507201,1,202201,882.7,10.05,8871.14
1507201,1,202202,1094.8,11.46,12546.41
1507201,1,202203,893.9,11.73,10485.45
1507201,1,202204,827.7,12.3,10180.71
1507201,1,202205,847.8,12.59,10673.8
1507201,1,202206,1100.8,11.65,12824.32
1507201,1,202207,1317.4,12.36,16283.06
1507201,1,202208,1538.8,8.87,13649.16
1507201,1,202209,1825.6,8.62,15736.67
1507201,1,202210,1240.1,7.8,9672.78
1507201,1,202211,920.0,8.51,7829.2
1507201,1,202212,948.5,9.33,8849.5
1507201,1,202301,855.9,11.52,9859.97
1507201,1,202302,865.9,11.93,10330.19
1507201,1,202303,771.6,12.92,9969.07
1507201,1,202304,822.3,13.07,10747.46
1507201,1,202305,663.8,12.16,8071.81
1507201,1,202306,807.2,11.81,9533.03
1507201,1,202307,789.3,10.83,8548.12
1507201,1,202308,1141.9,9.92,11327.65
1507201,1,202309,971.7,9.29,9027.09
1507201,1,202310,1280.1,8.62,11034.46
1507201,1,202311,1011.9,8.92,9026.15
1507201,1,202312,968.4,9.07,8783.39
1507201,1,202401,1080.8,11.76,12710.21
1507201,1,202402,954.7,12.22,11666.43
1507201,1,202403,619.1,14.05,8698.36
1507201,1,202404,587.1,14.8,8689.08
1507201,1,202405,529.0,13.41,7093.89
1507201,1,202406,531.2,12.02,6385.02
1507201,1,202407,815.5,11.44,9329.32
1507201,1,202408,1226.9,10.43,12796.57
1507201,1,202409,1572.7,9.22,14500.29
1507201,1,202410,1827.0,8.8,16077.6
1507201,1,202411,1662.9,9.64,16030.36
1507201,1,202412,1359.0,10.51,14283.09
1507201,2,202201,60.0,38.35,2301.0
1507201,2,202202,62.0,39.35,2439.7
1507201,2,202203,71.7,40.43,2898.83
1507201,2,202204,91.6,38.27,3505.53
1507201,2,202205,102.5,43.36,4444.4
1507201,2,202206,70.1,42.16,2955.42
1507201,2,202207,61.9,49.72,3077.67
1507201,2,202208,66.0,51.85,3422.1
1507201,2,202209,70.2,53.49,3755.0
1507201,2,202210,66.2,43.02,2847.92
1507201,2,202211,71.8,41.45,2976.11
1507201,2,202212,76.7,40.77,3127.06
1507201,2,202301,80.8,36.41,2941.93
1507201,2,202302,79.2,38.9,3080.88
1507201,2,202303,77.4,40.72,3151.73
1507201,2,202304,67.6,39.36,2660.74
1507201,2,202305,51.0,45.67,2329.17
1507201,2,202306,58.9,45.9,2703.51
1507201,2,202307,59.4,54.91,3261.65
1507201,2,202308,78.0,52.71,4111.38
1507201,2,202309,74.0,49.65,3674.1
1507201,2,202310,67.0,45.84,3071.28
1507201,2,202311,65.3,46.26,3020.78
1507201,2,202312,76.4,44.91,3431.12
1507201,2,202401,93.7,39.44,3695.53
1507201,2,202402,89.9,39.17,3521.38
1507201,2,202403,66.8,39.48,2637.26
1507201,2,202404,59.4,47.1,2797.74
1507201,2,202405,59.3,42.82,2539.23
1507201,2,202406,64.3,54.01,3472.84
1507201,2,202407,44.5,52.24,2324.68
1507201,2,202408,50.1,53.99,2704.9
1507201,2,202409,56.4,52.33,2951.41
1507201,2,202410,57.7,51.26,2957.7
1507201,2,202411,61.3,45.42,2784.25
1507201,2,202412,65.2,45.95,2995.94
1507201,3,202201,10.4,94.29,980.62
1507201,3,202202,12.3,99.76,1227.05
1507201,3,202203,10.1,91.34,922.53
1507201,3,202204,12.9,93.3,1203.57
1507201,3,202205,15.2,98.79,1501.61
1507201,3,202206,14.6,79.76,1164.5
1507201,3,202207,20.7,90.08,1864.66
1507201,3,202208,21.3,86.23,1836.7
1507201,3,202209,17.5,90.9,1590.75
1507201,3,202210,14.6,91.62,1337.65
1507201,3,202211,12.1,87.06,1053.43
1507201,3,202212,11.3,92.71,1047.62
1507201,3,202301,10.8,91.53,988.52
1507201,3,202302,10.2,96.66,985.93
1507201,3,202303,10.3,98.61,1015.68
1507201,3,202304,8.9,97.88,871.13
1507201,3,202305,9.4,97.37,915.28
1507201,3,202306,8.3,98.27,815.64
1507201,3,202307,11.1,86.82,963.7
1507201,3,202308,12.4,93.17,1155.31
1507201,3,202309,12.5,89.93,1124.12
1507201,3,202310,14.7,85.05,1250.23
1507201,3,202311,11.5,92.9,1068.35
1507201,3,202312,10.0,96.97,969.7
1507201,3,202401,8.0,98.06,784.48
1507201,3,202402,11.0,97.81,1075.91
1507201,3,202403,12.7,96.9,1230.63
1507201,3,202404,16.3,97.43,1588.11
1507201,3,202405,20.4,93.09,1899.04
1507201,3,202406,16.6,100.27,1664.48
1507201,3,202407,14.0,81.52,1141.28
1507201,3,202408,10.4,91.88,955.55
1507201,3,202409,9.6,94.62,908.35
1507201,3,202410,10.3,89.85,925.46
1507201,3,202411,7.6,96.08,730.21
1507201,3,202412,7.5,98.42,738.15
1507300,1,202201,847.3,11.63,9854.1
1507300,1,202202,873.4,13.31,11624.95
1507300,1,202203,698.5,14.62,10212.07
1507300,1,202204,752.4,16.02,12053.45
1507300,1,202205,839.8,14.09,11832.78
1507300,1,202206,687.8,13.23,9099.59
1507300,1,202207,961.1,12.95,12446.24
1507300,1,202208,1364.5,10.45,14259.02
1507300,1,202209,1764.6,9.19,16216.67
1507300,1,202210,1822.7,9.6,17497.92
1507300,1,202211,1184.6,10.36,12272.46
1507300,1,202212,1489.2,10.94,16291.85
1507300,1,202301,1327.4,12.42,16486.31
1507300,1,202302,865.3,12.83,11101.8
1507300,1,202303,706.0,14.71,10385.26
1507300,1,202304,774.9,16.06,12444.89
1507300,1,202305,959.1,13.87,13302.72
1507300,1,202306,977.8,13.62,13317.64
1507300,1,202307,1384.7,12.24,16948.73
1507300,1,202308,1144.0,10.79,12343.76
1507300,1,202309,1197.0,10.34,12376.98
1507300,1,202310,994.8,10.08,10027.58
1507300,1,202311,1020.6,10.43,10644.86
1507300,1,202312,1448.4,10.64,15410.98
1507300,1,202401,1791.4,11.94,21389.32
1507300,1,202402,1368.9,14.51,19862.74
1507300,1,202403,974.3,14.93,14546.3
1507300,1,202404,884.0,17.19,15195.96
1507300,1,202405,1020.3,16.83,17171.65
1507300,1,202406,853.2,15.82,13497.62
1507300,1,202407,1012.1,12.36,12509.56
1507300,1,202408,1728.8,11.93,20624.58
1507300,1,202409,1563.6,11.07,17309.05
1507300,1,202410,1509.5,10.63,16045.98
1507300,1,202411,1575.4,10.42,16415.67
1507300,1,202412,1538.0,12.37,19025.06
1507300,2,202201,247.4,36.94,9138.96
1507300,2,202202,311.0,36.56,11370.16
1507300,2,202203,281.7,35.64,10039.79
1507300,2,202204,266.4,37.67,10035.29
1507300,2,202205,313.7,40.51,12707.99
1507300,2,202206,221.9,49.25,10928.58
1507300,2,202207,236.9,44.96,10651.02
1507300,2,202208,231.8,44.31,10271.06
1507300,2,202209,215.0,45.34,9748.1
1507300,2,202210,244.6,42.79,10466.43
1507300,2,202211,277.9,43.54,12099.77
1507300,2,202212,245.3,35.34,8668.9
1507300,2,202301,256.0,35.97,9208.32
1507300,2,202302,237.9,36.48,8678.59
1507300,2,202303,248.3,39.41,9785.5
1507300,2,202304,318.0,40.75,12958.5
1507300,2,202305,300.3,46.1,13843.83
1507300,2,202306,192.4,46.5,8946.6
1507300,2,202307,178.8,47.55,8501.94
1507300,2,202308,191.8,51.03,9787.55
1507300,2,202309,231.8,44.86,10398.55
1507300,2,202310,217.4,41.96,9122.1
1507300,2,202311,202.2,44.64,9026.21
1507300,2,202312,252.1,39.74,10018.45
1507300,2,202401,328.7,40.28,13240.04
1507300,2,202402,355.3,35.94,12769.48
1507300,2,202403,289.0,40.93,11828.77
1507300,2,202404,382.9,42.2,16158.38
1507300,2,202405,303.3,44.05,13360.36
1507300,2,202406,264.8,47.92,12689.22
1507300,2,202407,206.2,50.72,10458.46
1507300,2,202408,249.6,48.61,12133.06
1507300,2,202409,268.7,48.9,13139.43
1507300,2,202410,288.5,48.22,13911.47
1507300,2,202411,248.5,43.19,10732.72
1507300,2,202412,358.3,37.92,13586.74
1507300,3,202201,21.3,89.27,1901.45
1507300,3,202202,22.3,91.63,2043.35
1507300,3,202203,19.0,91.15,1731.85
1507300,3,202204,15.1,93.96,1418.8
1507300,3,202205,18.4,87.29,1606.14
1507300,3,202206,18.2,86.44,1573.21
1507300,3,202207,18.6,81.78,1521.11
1507300,3,202208,21.5,82.61,1776.12
1507300,3,202209,20.4,85.07,1735.43
1507300,3,202210,22.0,86.71,1907.62
1507300,3,202211,33.4,99.37,3318.96
1507300,3,202212,30.3,92.57,2804.87
1507300,3,202301,32.0,97.44,3118.08
1507300,3,202302,28.7,87.57,2513.26
1507300,3,202303,25.5,99.65,2541.08
1507300,3,202304,26.5,87.34,2314.51
1507300,3,202305,27.7,96.22,2665.29
1507300,3,202306,31.2,91.44,2852.93
1507300,3,202307,29.2,92.35,2696.62
1507300,3,202308,21.8,85.24,1858.23
1507300,3,202309,17.4,88.86,1546.16
1507300,3,202310,21.0,93.91,1972.11
1507300,3,202311,17.2,89.35,1536.82
1507300,3,202312,20.7,99.39,2057.37
1507300,3,202401,26.0,105.18,2734.68
1507300,3,202402,22.7,102.34,2323.12
1507300,3,202403,27.7,110.65,3065.0
1507300,3,202404,27.1,102.73,2783.98
1507300,3,202405,26.4,89.39,2359.9
1507300,3,202406,26.8,99.06,2654.81
1507300,3,202407,23.2,89.17,2068.74
1507300,3,202408,20.6,95.09,1958.85
1507300,3,202409,16.7,93.52,1561.78
1507300,3,202410,16.8,82.62,1388.02
1507300,3,202411,27.6,100.18,2764.97
1507300,3,202412,19.0,99.01,1881.19
1507409,1,202201,446.7,11.1,4958.37
1507409,1,202202,282.9,12.74,3604.15
1507409,1,202203,311.8,13.11,4087.7
1507409,1,202204,289.8,13.36,3871.73
1507409,1,202205,341.3,13.98,4771.37
1507409,1,202206,399.9,13.22,5286.68
1507409,1,202207,481.2,11.86,5707.03
1507409,1,202208,554.6,9.97,5529.36
1507409,1,202209,719.1,8.26,5939.77
1507409,1,202210,684.1,8.81,6026.92
1507409,1,202211,492.1,8.85,4355.08
1507409,1,202212,527.0,9.99,5264.73
1507409,1,202301,392.1,11.27,4418.97
1507409,1,202302,278.2,12.86,3577.65
1507409,1,202303,234.0,13.07,3058.38
1507409,1,202304,275.4,13.22,3640.79
1507409,1,202305,306.2,14.64,4482.77
1507409,1,202306,250.4,12.27,3072.41
1507409,1,202307,336.0,11.65,3914.4
1507409,1,202308,569.3,10.94,6228.14
1507409,1,202309,598.3,9.98,5971.03
1507409,1,202310,630.8,9.58,6043.06
1507409,1,202311,752.1,9.68,7280.33
1507409,1,202312,724.6,10.81,7832.93
1507409,1,202401,676.6,12.92,8741.67
1507409,1,202402,304.6,13.61,4145.61
1507409,1,202403,415.6,13.0,5402.8
1507409,1,202404,424.2,14.21,6027.88
1507409,1,202405,644.1,14.76,9506.92
1507409,1,202406,510.9,12.92,6600.83
1507409,1,202407,411.7,13.08,5385.04
1507409,1,202408,534.4,10.76,5750.14
1507409,1,202409,608.9,9.91,6034.2
1507409,1,202410,756.6,10.08,7626.53
1507409,1,202411,864.0,9.78,8449.92
1507409,1,202412,688.0,10.89,7492.32
1507409,2,202201,60.8,33.68,2047.74
1507409,2,202202,72.1,39.57,2853.0
1507409,2,202203,68.8,37.41,2573.81
1507409,2,202204,65.7,43.08,2830.36
1507409,2,202205,61.5,48.99,3012.88
1507409,2,202206,47.9,47.77,2288.18
1507409,2,202207,27.3,51.97,1418.78
1507409,2,202208,36.0,51.83,1865.88
1507409,2,202209,31.0,52.2,1618.2
1507409,2,202210,29.3,48.63,1424.86
1507409,2,202211,30.5,43.85,1337.42
1507409,2,202212,62.8,39.78,2498.18
1507409,2,202301,68.3,44.09,3011.35
1507409,2,202302,53.9,40.66,2191.57
1507409,2,202303,47.4,42.45,2012.13
1507409,2,202304,46.2,44.16,2040.19
1507409,2,202305,46.9,49.14,2304.67
1507409,2,202306,43.0,48.11,2068.73
1507409,2,202307,32.4,53.1,1720.44
1507409,2,202308,35.0,55.2,1932.0
1507409,2,202309,32.7,56.41,1844.61
1507409,2,202310,45.6,57.5,2622.0
1507409,2,202311,50.0,47.76,2388.0
1507409,2,202312,48.1,41.88,2014.43
1507409,2,202401,62.1,39.83,2473.44
1507409,2,202402,67.1,39.48,2649.11
1507409,2,202403,57.2,40.68,2326.9
1507409,2,202404,60.3,38.88,2344.46
1507409,2,202405,57.0,46.99,2678.43
1507409,2,202406,58.2,54.15,3151.53
1507409,2,202407,53.2,55.12,2932.38
1507409,2,202408,43.7,55.17,2410.93
1507409,2,202409,31.4,50.64,1590.1
1507409,2,202410,38.9,55.06,2141.83
1507409,2,202411,48.8,49.86,2433.17
1507409,2,202412,56.0,44.93,2516.08
1507409,3,202201,4.6,96.13,442.2
1507409,3,202202,5.4,97.49,526.45
1507409,3,202203,4.5,90.67,408.02
1507409,3,202204,6.0,88.01,528.06
1507409,3,202205,4.6,92.46,425.32
1507409,3,202206,5.5,91.19,501.54
1507409,3,202207,6.7,82.73,554.29
1507409,3,202208,7.5,87.22,654.15
1507409,3,202209,7.1,90.6,643.26
1507409,3,202210,6.3,85.73,540.1
1507409,3,202211,5.3,83.75,443.88
1507409,3,202212,4.2,86.81,364.6
1507409,3,202301,4.0,95.19,380.76
1507409,3,202302,3.7,97.03,359.01
1507409,3,202303,3.5,98.29,344.02
1507409,3,202304,6.0,96.33,577.98
1507409,3,202305,4.5,92.33,415.48
1507409,3,202306,6.4,93.93,601.15
1507409,3,202307,5.3,85.42,452.73
1507409,3,202308,4.8,93.73,449.9
1507409,3,202309,4.5,93.01,418.54
1507409,3,202310,4.1,94.81,388.72
1507409,3,202311,5.5,90.56,498.08
1507409,3,202312,6.0,95.85,575.1
1507409,3,202401,5.5,106.01,583.06
1507409,3,202402,8.8,102.01,897.69
1507409,3,202403,7.4,98.74,730.68
1507409,3,202404,6.9,96.48,665.71
1507409,3,202405,6.0,93.9,563.4
1507409,3,202406,5.5,88.97,489.34
1507409,3,202407,5.6,106.37,595.67
1507409,3,202408,7.1,82.87,588.38
1507409,3,202409,7.7,87.74,675.6
1507409,3,202410,8.9,97.14,864.55
1507409,3,202411,6.6,93.94,620.0
1507409,3,202412,6.9,98.37,678.75
1507458,1,202201,483.2,11.43,5522.98
1507458,1,202202,430.2,13.32,5730.26
1507458,1,202203,480.0,15.1,7248.0
1507458,1,202204,461.1,15.68,7230.05
1507458,1,202205,625.5,14.54,9094.77
1507458,1,202206,480.8,14.76,7096.61
1507458,1,202207,444.4,11.79,5239.48
1507458,1,202208,709.1,9.9,7020.09
1507458,1,202209,978.8,10.35,10130.58
1507458,1,202210,954.2,8.65,8253.83
1507458,1,202211,971.7,9.45,9182.56
1507458,1,202212,947.4,11.02,10440.35
1507458,1,202301,640.0,12.42,7948.8
1507458,1,202302,481.5,13.66,6577.29
1507458,1,202303,467.0,13.9,6491.3
1507458,1,202304,538.1,15.09,8119.93
1507458,1,202305,435.8,15.51,6759.26
1507458,1,202306,506.0,13.8,6982.8
1507458,1,202307,606.5,11.97,7259.8
1507458,1,202308,818.3,10.49,8583.97
1507458,1,202309,929.7,9.81,9120.36
1507458,1,202310,885.8,10.05,8902.29
1507458,1,202311,1104.5,10.39,11475.76
1507458,1,202312,828.3,10.73,8887.66
1507458,1,202401,661.7,11.6,7675.72
1507458,1,202402,427.4,14.62,6248.59
1507458,1,202403,377.0,14.64,5519.28
1507458,1,202404,450.2,16.23,7306.75
1507458,1,202405,522.1,14.75,7700.98
1507458,1,202406,664.1,13.63,9051.68
1507458,1,202407,840.5,13.06,10976.93
1507458,1,202408,1371.3,13.05,17895.46
1507458,1,202409,1131.9,11.01,12462.22
1507458,1,202410,838.3,10.31,8642.87
1507458,1,202411,720.7,10.79,7776.35
1507458,1,202412,635.0,10.63,6750.05
1507458,2,202201,51.2,39.85,2040.32
1507458,2,202202,59.6,40.66,2423.34
1507458,2,202203,57.0,40.28,2295.96
1507458,2,202204,53.8,40.24,2164.91
1507458,2,202205,53.1,43.72,2321.53
1507458,2,202206,45.6,45.47,2073.43
1507458,2,202207,44.8,47.64,2134.27
1507458,2,202208,34.7,51.84,1798.85
1507458,2,202209,29.4,48.02,1411.79
1507458,2,202210,38.9,47.25,1838.02
1507458,2,202211,51.2,41.13,2105.86
1507458,2,202212,61.8,42.75,2641.95
1507458,2,202301,65.7,38.43,2524.85
1507458,2,202302,61.6,40.28,2481.25
1507458,2,202303,61.9,37.7,2333.63
1507458,2,202304,59.7,39.98,2386.81
1507458,2,202305,55.1,47.96,2642.6
1507458,2,202306,74.0,46.76,3460.24
1507458,2,202307,46.1,46.89,2161.63
1507458,2,202308,74.9,49.0,3670.1
1507458,2,202309,47.3,52.93,2503.59
1507458,2,202310,51.9,50.12,2601.23
1507458,2,202311,44.3,43.2,1913.76
1507458,2,202312,55.6,40.23,2236.79
1507458,2,202401,72.9,42.01,3062.53
1507458,2,202402,71.2,42.38,3017.46
1507458,2,202403,78.8,40.48,3189.82
1507458,2,202404,60.8,44.4,2699.52
1507458,2,202405,36.3,48.77,1770.35
1507458,2,202406,41.0,55.89,2291.49
1507458,2,202407,39.1,49.79,1946.79
1507458,2,202408,35.4,51.93,1838.32
1507458,2,202409,35.8,51.43,1841.19
1507458,2,202410,44.8,52.31,2343.49
1507458,2,202411,44.3,46.1,2042.23
1507458,2,202412,57.3,43.87,2513.75
1507458,3,202201,10.8,96.04,1037.23
1507458,3,202202,9.4,91.8,862.92
1507458,3,202203,11.1,94.14,1044.95
1507458,3,202204,7.8,87.61,683.36
1507458,3,202205,8.0,88.84,710.72
1507458,3,202206,10.0,93.98,939.8
1507458,3,202207,15.2,94.91,1442.63
1507458,3,202208,11.4,83.71,954.29
1507458,3,202209,9.1,87.19,793.43
1507458,3,202210,10.1,89.03,899.2
1507458,3,202211,10.0,82.58,825.8
1507458,3,202212,8.4,87.52,735.17
1507458,3,202301,6.9,87.7,605.13
1507458,3,202302,7.1,101.47,720.44
1507458,3,202303,8.8,108.52,954.98
1507458,3,202304,8.9,101.69,905.04
1507458,3,202305,12.1,93.81,1135.1
1507458,3,202306,11.8,90.36,1066.25
1507458,3,202307,13.3,87.19,1159.63
1507458,3,202308,13.4,92.77,1243.12
1507458,3,202309,11.7,89.7,1049.49
1507458,3,202310,13.1,91.08,1193.15
1507458,3,202311,9.4,88.58,832.65
1507458,3,202312,8.6,99.35,854.41
1507458,3,202401,8.3,101.49,842.37
1507458,3,202402,9.4,105.1,987.94
1507458,3,202403,10.9,107.49,1171.64
1507458,3,202404,9.5,92.26,876.47
1507458,3,202405,8.7,95.77,833.2
1507458,3,202406,10.2,92.23,940.75
1507458,3,202407,8.5,89.75,762.88
1507458,3,202408,11.9,86.41,1028.28
1507458,3,202409,11.5,88.86,1021.89
1507458,3,202410,9.2,89.25,821.1
1507458,3,202411,7.8,101.29,790.06
1507458,3,202412,9.2,102.02,938.58
1507466,1,202201,73.7,10.89,802.59
1507466,1,202202,101.6,12.61,1281.18
1507466,1,202203,116.3,13.1,1523.53
1507466,1,202204,106.1,13.32,1413.25
1507466,1,202205,103.5,13.11,1356.88
1507466,1,202206,83.3,13.24,1102.89
1507466,1,202207,102.8,11.22,1153.42
1507466,1,202208,179.8,11.51,2069.5
1507466,1,202209,191.2,9.6,1835.52
1507466,1,202210,170.2,8.63,1468.83
1507466,1,202211,118.9,9.23,1097.45
1507466,1,202212,153.0,9.88,1511.64
1507466,1,202301,125.0,12.43,1553.75
1507466,1,202302,76.1,12.15,924.62
1507466,1,202303,64.3,13.19,848.12
1507466,1,202304,56.2,14.02,787.92
1507466,1,202305,68.9,14.6,1005.94
1507466,1,202306,91.6,14.03,1285.15
1507466,1,202307,105.6,12.79,1350.62
1507466,1,202308,155.6,10.97,1706.93
1507466,1,202309,177.5,9.73,1727.08
1507466,1,202310,222.9,9.81,2186.65
1507466,1,202311,183.9,9.22,1695.56
1507466,1,202312,274.0,9.74,2668.76
1507466,1,202401,166.0,12.65,2099.9
1507466,1,202402,107.6,13.0,1398.8
1507466,1,202403,79.4,14.58,1157.65
1507466,1,202404,79.1,15.06,1191.25
1507466,1,202405,65.0,14.81,962.65
1507466,1,202406,91.8,14.33,1315.49
1507466,1,202407,84.0,12.9,1083.6
1507466,1,202408,124.2,11.18,1388.56
1507466,1,202409,122.5,9.9,1212.75
1507466,1,202410,140.7,9.83,1383.08
1507466,1,202411,169.7,9.83,1668.15
1507466,1,202412,233.6,10.97,2562.59
1507466,2,202201,18.0,40.86,735.48
1507466,2,202202,19.1,40.05,764.96
1507466,2,202203,22.1,40.33,891.29
1507466,2,202204,15.8,40.7,643.06
1507466,2,202205,13.9,46.33,643.99
1507466,2,202206,10.1,50.68,511.87
1507466,2,202207,10.7,48.53,519.27
1507466,2,202208,10.5,55.31,580.76
1507466,2,202209,13.8,53.43,737.33
1507466,2,202210,14.4,46.61,671.18
1507466,2,202211,14.6,47.13,688.1
1507466,2,202212,16.2,43.35,702.27
1507466,2,202301,24.9,42.49,1058.0
1507466,2,202302,17.5,43.04,753.2
1507466,2,202303,15.9,40.7,647.13
1507466,2,202304,15.8,44.01,695.36
1507466,2,202305,13.0,41.02,533.26
1507466,2,202306,13.5,53.2,718.2
1507466,2,202307,12.3,55.65,684.5
1507466,2,202308,12.7,57.6,731.52
1507466,2,202309,13.2,50.46,666.07
1507466,2,202310,14.1,52.79,744.34
1507466,2,202311,12.7,49.25,625.47
1507466,2,202312,16.3,41.9,682.97
1507466,2,202401,13.6,44.58,606.29
1507466,2,202402,14.6,42.28,617.29
1507466,2,202403,17.8,38.84,691.35
1507466,2,202404,21.2,46.29,981.35
1507466,2,202405,27.1,46.77,1267.47
1507466,2,202406,18.2,48.05,874.51
1507466,2,202407,13.0,55.93,727.09
1507466,2,202408,14.0,55.71,779.94
1507466,2,202409,19.7,58.91,1160.53
1507466,2,202410,24.4,52.72,1286.37
1507466,2,202411,18.8,50.53,949.96
1507466,2,202412,19.9,46.11,917.59
1507466,3,202201,1.5,93.16,139.74
1507466,3,202202,2.4,98.28,235.87
1507466,3,202203,2.1,91.76,192.7
1507466,3,202204,3.0,95.33,285.99
1507466,3,202205,3.2,89.93,287.78
1507466,3,202206,2.8,92.18,258.1
1507466,3,202207,4.0,82.24,328.96
1507466,3,202208,3.8,83.58,317.6
1507466,3,202209,3.1,79.28,245.77
1507466,3,202210,2.6,86.9,225.94
1507466,3,202211,2.9,88.12,255.55
1507466,3,202212,2.3,97.26,223.7
1507466,3,202301,2.1,95.44,200.42
1507466,3,202302,1.9,97.14,184.57
1507466,3,202303,1.8,95.2,171.36
1507466,3,202304,1.8,96.54,173.77
1507466,3,202305,2.9,103.38,299.8
1507466,3,202306,3.4,76.22,259.15
1507466,3,202307,3.3,88.52,292.12
1507466,3,202308,2.8,93.31,261.27
1507466,3,202309,2.5,86.48,216.2
1507466,3,202310,2.3,93.22,214.41
1507466,3,202311,3.2,99.28,317.7
1507466,3,202312,2.9,95.09,275.76
1507466,3,202401,3.0,98.97,296.91
1507466,3,202402,2.7,107.97,291.52
1507466,3,202403,2.2,104.81,230.58
1507466,3,202404,2.4,99.8,239.52
1507466,3,202405,2.1,100.22,210.46
1507466,3,202406,3.0,98.92,296.76
1507466,3,202407,2.6,91.91,238.97
1507466,3,202408,2.4,92.77,222.65
1507466,3,202409,3.0,94.59,283.77
1507466,3,202410,2.5,92.13,230.32
1507466,3,202411,2.4,103.15,247.56
1507466,3,202412,1.5,95.09,142.64
1507474,1,202201,881.4,11.03,9721.84
1507474,1,202202,795.2,12.62,10035.42
1507474,1,202203,594.3,14.46,8593.58
1507474,1,202204,702.7,13.33,9366.99
1507474,1,202205,800.6,13.78,11032.27
1507474,1,202206,959.6,12.93,12407.63
1507474,1,202207,1070.2,11.48,12285.9
1507474,1,202208,1422.5,11.98,17041.55
1507474,1,202209,1805.2,9.38,16932.78
1507474,1,202210,1694.5,9.46,16029.97
1507474,1,202211,1411.2,9.21,12997.15
1507474,1,202212,1374.4,10.75,14774.8
1507474,1,202301,888.7,12.71,11295.38
1507474,1,202302,660.7,13.06,8628.74
1507474,1,202303,610.1,14.34,8748.83
1507474,1,202304,443.0,14.08,6237.44
1507474,1,202305,626.8,13.58,8511.94
1507474,1,202306,619.1,14.16,8766.46
1507474,1,202307,741.8,11.84,8782.91
1507474,1,202308,930.5,9.65,8979.33
1507474,1,202309,1143.6,10.88,12442.37
1507474,1,202310,1174.3,9.24,10850.53
1507474,1,202311,1165.2,9.84,11465.57
1507474,1,202312,1052.7,11.82,12442.91
1507474,1,202401,845.3,12.52,10583.16
1507474,1,202402,649.6,13.82,8977.47
1507474,1,202403,758.1,14.02,10628.56
1507474,1,202404,483.8,14.06,6802.23
1507474,1,202405,561.5,14.78,8298.97
1507474,1,202406,648.2,14.19,9197.96
1507474,1,202407,916.0,12.81,11733.96
1507474,1,202408,864.3,11.02,9524.59
1507474,1,202409,1016.1,10.33,10496.31
1507474,1,202410,1169.1,9.09,10627.12
1507474,1,202411,1459.5,10.56,15412.32
1507474,1,202412,1323.3,11.38,15059.15
1507474,2,202201,68.2,40.39,2754.6
1507474,2,202202,78.2,37.81,2956.74
1507474,2,202203,75.9,41.36,3139.22
1507474,2,202204,80.2,41.15,3300.23
1507474,2,202205,72.0,45.05,3243.6
1507474,2,202206,55.0,46.07,2533.85
1507474,2,202207,48.5,50.16,2432.76
1507474,2,202208,65.7,57.65,3787.6
1507474,2,202209,45.7,48.61,2221.48
1507474,2,202210,60.9,49.45,3011.5
1507474,2,202211,85.6,43.99,3765.54
1507474,2,202212,98.1,37.26,3655.21
1507474,2,202301,139.3,41.87,5832.49
1507474,2,202302,140.0,38.69,5416.6
1507474,2,202303,120.6,41.38,4990.43
1507474,2,202304,88.3,45.49,4016.77
1507474,2,202305,79.9,47.35,3783.27
1507474,2,202306,75.5,51.14,3861.07
1507474,2,202307,63.6,50.63,3220.07
1507474,2,202308,51.3,55.76,2860.49
1507474,2,202309,43.9,52.38,2299.48
1507474,2,202310,55.2,45.53,2513.26
1507474,2,202311,50.4,48.78,2458.51
1507474,2,202312,60.3,45.81,2762.34
1507474,2,202401,48.1,45.54,2190.47
1507474,2,202402,74.0,46.05,3407.7
1507474,2,202403,96.4,43.95,4236.78
1507474,2,202404,86.9,46.13,4008.7
1507474,2,202405,104.4,51.33,5358.85
1507474,2,202406,101.9,49.98,5092.96
1507474,2,202407,84.6,50.51,4273.15
1507474,2,202408,69.6,54.57,3798.07
1507474,2,202409,62.7,58.53,3669.83
1507474,2,202410,74.7,50.55,3776.08
1507474,2,202411,78.5,49.74,3904.59
1507474,2,202412,96.4,46.26,4459.46
1507474,3,202201,8.1,91.84,743.9
1507474,3,202202,6.3,101.93,642.16
1507474,3,202203,7.8,104.67,816.43
1507474,3,202204,8.1,86.13,697.65
1507474,3,202205,10.5,96.72,1015.56
1507474,3,202206,11.0,84.76,932.36
1507474,3,202207,9.9,84.21,833.68
1507474,3,202208,9.9,85.8,849.42
1507474,3,202209,9.8,92.19,903.46
1507474,3,202210,13.0,88.54,1151.02
1507474,3,202211,10.6,91.88,973.93
1507474,3,202212,8.8,96.74,851.31
1507474,3,202301,7.8,103.57,807.85
1507474,3,202302,7.8,101.78,793.88
1507474,3,202303,6.3,103.6,652.68
1507474,3,202304,6.6,93.57,617.56
1507474,3,202305,6.2,85.82,532.08
1507474,3,202306,6.2,99.47,616.71
1507474,3,202307,8.6,84.25,724.55
1507474,3,202308,8.9,85.67,762.46
1507474,3,202309,7.8,87.28,680.78
1507474,3,202310,7.8,88.53,690.53
1507474,3,202311,7.5,90.26,676.95
1507474,3,202312,7.6,98.67,749.89
1507474,3,202401,5.7,104.7,596.79
1507474,3,202402,5.3,106.28,563.28
1507474,3,202403,4.8,105.14,504.67
1507474,3,202404,5.2,98.05,509.86
1507474,3,202405,5.8,95.19,552.1
1507474,3,202406,5.9,99.71,588.29
1507474,3,202407,8.4,89.78,754.15
1507474,3,202408,12.5,88.93,1111.62
1507474,3,202409,13.0,96.53,1254.89
1507474,3,202410,10.0,94.2,942.0
1507474,3,202411,9.6,94.78,909.89
1507474,3,202412,8.8,97.67,859.5
1507508,1,202201,558.3,12.72,7101.58
1507508,1,202202,397.0,13.24,5256.28
1507508,1,202203,371.8,13.1,4870.58
1507508,1,202204,351.0,12.99,4559.49
1507508,1,202205,420.0,14.0,5880.0
1507508,1,202206,481.1,12.68,6100.35
1507508,1,202207,457.5,10.72,4904.4
1507508,1,202208,445.7,10.53,4693.22
1507508,1,202209,633.0,9.29,5880.57
1507508,1,202210,929.2,9.34,8678.73
1507508,1,202211,859.7,9.63,8278.91
1507508,1,202212,848.8,9.99,8479.51
1507508,1,202301,792.8,12.36,9799.01
1507508,1,202302,621.4,12.9,8016.06
1507508,1,202303,432.6,13.85,5991.51
1507508,1,202304,430.9,14.11,6080.0
1507508,1,202305,556.8,14.97,8335.3
1507508,1,202306,636.4,13.04,8298.66
1507508,1,202307,792.5,12.82,10159.85
1507508,1,202308,780.9,11.71,9144.34
1507508,1,202309,831.5,9.44,7849.36
1507508,1,202310,852.1,8.17,6961.66
1507508,1,202311,813.3,10.32,8393.26
1507508,1,202312,892.7,10.53,9400.13
1507508,1,202401,454.2,11.91,5409.52
1507508,1,202402,434.5,13.35,5800.58
1507508,1,202403,406.0,14.4,5846.4
1507508,1,202404,318.8,16.06,5119.93
1507508,1,202405,430.2,14.82,6375.56
1507508,1,202406,443.3,14.66,6498.78
1507508,1,202407,532.8,12.75,6793.2
1507508,1,202408,950.8,10.96,10420.77
1507508,1,202409,1186.2,9.98,11838.28
1507508,1,202410,1217.5,10.11,12308.92
1507508,1,202411,1109.8,10.61,11774.98
1507508,1,202412,862.6,11.7,10092.42
1507508,2,202201,43.3,39.7,1719.01
1507508,2,202202,52.5,36.93,1938.82
1507508,2,202203,48.7,40.03,1949.46
1507508,2,202204,63.7,39.07,2488.76
1507508,2,202205,63.1,40.97,2585.21
1507508,2,202206,45.4,46.06,2091.12
1507508,2,202207,54.1,50.31,2721.77
1507508,2,202208,47.6,52.23,2486.15
1507508,2,202209,32.4,52.88,1713.31
1507508,2,202210,36.9,47.45,1750.9
1507508,2,202211,58.4,45.17,2637.93
1507508,2,202212,52.0,43.09,2240.68
1507508,2,202301,56.6,37.86,2142.88
1507508,2,202302,46.2,38.06,1758.37
1507508,2,202303,40.0,45.22,1808.8
1507508,2,202304,36.6,43.68,1598.69
1507508,2,202305,30.1,46.41,1396.94
1507508,2,202306,28.5,50.86,1449.51
1507508,2,202307,41.6,47.82,1989.31
1507508,2,202308,38.7,50.37,1949.32
1507508,2,202309,45.5,48.6,2211.3
1507508,2,202310,57.0,49.67,2831.19
1507508,2,202311,47.1,44.42,2092.18
1507508,2,202312,46.6,42.05,1959.53
1507508,2,202401,62.8,40.25,2527.7
1507508,2,202402,57.2,36.82,2106.1
1507508,2,202403,65.3,42.73,2790.27
1507508,2,202404,78.7,39.8,3132.26
1507508,2,202405,46.7,45.31,2115.98
1507508,2,202406,39.7,47.29,1877.41
1507508,2,202407,36.5,50.8,1854.2
1507508,2,202408,33.5,54.58,1828.43
1507508,2,202409,33.1,56.47,1869.16
1507508,2,202410,36.1,46.72,1686.59
1507508,2,202411,44.5,45.69,2033.2
1507508,2,202412,54.9,39.82,2186.12
1507508,3,202201,7.1,96.58,685.72
1507508,3,202202,7.0,99.82,698.74
1507508,3,202203,5.5,89.73,493.52
1507508,3,202204,6.4,89.63,573.63
1507508,3,202205,6.6,94.48,623.57
1507508,3,202206,6.1,86.35,526.73
1507508,3,202207,6.2,82.19,509.58
1507508,3,202208,7.8,81.97,639.37
1507508,3,202209,9.7,80.26,778.52
1507508,3,202210,7.1,79.15,561.96
1507508,3,202211,5.9,82.68,487.81
1507508,3,202212,6.9,92.91,641.08
1507508,3,202301,6.2,101.83,631.35
1507508,3,202302,7.0,112.53,787.71
1507508,3,202303,6.5,98.26,638.69
1507508,3,202304,7.6,90.43,687.27
1507508,3,202305,6.1,93.47,570.17
1507508,3,202306,7.7,94.04,724.11
1507508,3,202307,5.5,93.43,513.86
1507508,3,202308,7.8,92.19,719.08
1507508,3,202309,7.8,91.31,712.22
1507508,3,202310,8.4,91.23,766.33
1507508,3,202311,8.2,97.11,796.3
1507508,3,202312,5.6,90.86,508.82
1507508,3,202401,7.7,92.48,712.1
1507508,3,202402,7.8,114.4,892.32
1507508,3,202403,8.7,102.01,887.49
1507508,3,202404,7.2,102.82,740.3
1507508,3,202405,8.0,84.49,675.92
1507508,3,202406,6.6,101.86,672.28
1507508,3,202407,7.7,97.63,751.75
1507508,3,202408,6.9,84.49,582.98
1507508,3,202409,18.5,90.7,1677.95
1507508,3,202410,14.7,95.55,1404.58
1507508,3,202411,14.3,91.25,1304.88
1507508,3,202412,10.3,102.59,1056.68
1507607,1,202201,1448.3,11.11,16090.61
1507607,1,202202,1339.2,12.1,16204.32
1507607,1,202203,1050.6,12.43,13058.96
1507607,1,202204,818.9,13.44,11006.02
1507607,1,202205,807.8,12.68,10242.9
1507607,1,202206,982.0,11.44,11234.08
1507607,1,202207,1435.2,10.28,14753.86
1507607,1,202208,2155.7,9.73,20974.96
1507607,1,202209,1761.7,8.68,15291.56
1507607,1,202210,1739.2,7.86,13670.11
1507607,1,202211,1674.4,9.09,15220.3
1507607,1,202212,1825.4,9.31,16994.47
1507607,1,202301,1378.9,11.99,16533.01
1507607,1,202302,1106.3,11.4,12611.82
1507607,1,202303,795.0,12.97,10311.15
1507607,1,202304,946.7,12.93,12240.83
1507607,1,202305,1010.6,12.46,12592.08
1507607,1,202306,1064.7,11.94,12712.52
1507607,1,202307,1303.2,12.1,15768.72
1507607,1,202308,2028.7,9.98,20246.43
1507607,1,202309,1847.7,8.71,16093.47
1507607,1,202310,1748.8,7.98,13955.42
1507607,1,202311,2292.1,8.31,19047.35
1507607,1,202312,1977.3,9.65,19080.94
1507607,1,202401,1837.9,11.11,20419.07
1507607,1,202402,1560.7,12.54,19571.18
1507607,1,202403,1280.0,12.1,15488.0
1507607,1,202404,1108.8,13.82,15323.62
1507607,1,202405,1358.2,14.27,19381.51
1507607,1,202406,1802.3,13.75,24781.62
1507607,1,202407,2327.0,10.44,24293.88
1507607,1,202408,1936.7,9.86,19095.86
1507607,1,202409,2784.0,8.99,25028.16
1507607,1,202410,2494.3,9.13,22772.96
1507607,1,202411,2020.3,8.83,17839.25
1507607,1,202412,1793.0,11.17,20027.81
1507607,2,202201,130.0,38.25,4972.5
1507607,2,202202,154.2,38.62,5955.2
1507607,2,202203,96.5,38.4,3705.6
1507607,2,202204,109.8,42.65,4682.97
1507607,2,202205,84.2,43.93,3698.91
1507607,2,202206,65.5,50.33,3296.62
1507607,2,202207,70.0,54.86,3840.2
1507607,2,202208,82.3,51.95,4275.48
1507607,2,202209,84.2,56.81,4783.4
1507607,2,202210,76.8,51.18,3930.62
1507607,2,202211,93.3,50.08,4672.46
1507607,2,202212,98.7,41.5,4096.05
1507607,2,202301,132.1,37.47,4949.79
1507607,2,202302,167.9,38.4,6447.36
1507607,2,202303,181.9,39.51,7186.87
1507607,2,202304,147.9,41.28,6105.31
1507607,2,202305,149.8,41.93,6281.11
1507607,2,202306,97.8,52.95,5178.51
1507607,2,202307,123.6,48.18,5955.05
1507607,2,202308,87.8,56.38,4950.16
1507607,2,202309,63.1,58.99,3722.27
1507607,2,202310,102.5,48.39,4959.98
1507607,2,202311,101.5,47.72,4843.58
1507607,2,202312,123.2,42.44,5228.61
1507607,2,202401,114.7,44.07,5054.83
1507607,2,202402,198.4,38.92,7721.73
1507607,2,202403,237.4,42.01,9973.17
1507607,2,202404,234.7,47.55,11159.98
1507607,2,202405,167.4,48.48,8115.55
1507607,2,202406,152.9,48.16,7363.66
1507607,2,202407,118.5,58.43,6923.96
1507607,2,202408,128.5,52.38,6730.83
1507607,2,202409,108.2,55.13,5965.07
1507607,2,202410,150.4,53.79,8090.02
1507607,2,202411,136.3,48.89,6663.71
1507607,2,202412,138.0,51.04,7043.52
1507607,3,202201,21.0,100.61,2112.81
1507607,3,202202,15.3,101.78,1557.23
1507607,3,202203,14.3,95.47,1365.22
1507607,3,202204,16.6,95.76,1589.62
1507607,3,202205,18.3,89.06,1629.8
1507607,3,202206,20.0,83.57,1671.4
1507607,3,202207,21.0,79.16,1662.36
1507607,3,202208,16.3,85.98,1401.47
1507607,3,202209,22.0,89.25,1963.5
1507607,3,202210,24.8,85.1,2110.48
1507607,3,202211,25.5,95.51,2435.5
1507607,3,202212,25.0,90.93,2273.25
1507607,3,202301,21.7,98.88,2145.7
1507607,3,202302,18.9,98.13,1854.66
1507607,3,202303,16.6,104.74,1738.68
1507607,3,202304,25.1,98.81,2480.13
1507607,3,202305,24.9,93.33,2323.92
1507607,3,202306,18.9,91.14,1722.55
1507607,3,202307,21.7,83.62,1814.55
1507607,3,202308,16.1,78.69,1266.91
1507607,3,202309,20.2,86.41,1745.48
1507607,3,202310,22.0,89.92,1978.24
1507607,3,202311,20.0,96.12,1922.4
1507607,3,202312,17.2,95.62,1644.66
1507607,3,202401,20.6,99.88,2057.53
1507607,3,202402,20.6,88.91,1831.55
1507607,3,202403,15.1,104.98,1585.2
1507607,3,202404,22.7,101.18,2296.79
1507607,3,202405,20.3,101.24,2055.17
1507607,3,202406,18.2,94.41,1718.26
1507607,3,202407,27.7,97.59,2703.24
1507607,3,202408,33.6,88.89,2986.7
1507607,3,202409,28.3,91.96,2602.47
1507607,3,202410,21.4,95.42,2041.99
1507607,3,202411,18.8,100.46,1888.65
1507607,3,202412,18.5,102.22,1891.07
1507706,1,202201,803.8,9.83,7901.35
1507706,1,202202,910.6,11.44,10417.26
1507706,1,202203,719.0,12.26,8814.94
1507706,1,202204,694.2,13.65,9475.83
1507706,1,202205,596.6,12.58,7505.23
1507706,1,202206,539.3,12.3,6633.39
1507706,1,202207,643.2,10.73,6901.54
1507706,1,202208,1270.7,9.21,11703.15
1507706,1,202209,1481.6,8.71,12904.74
1507706,1,202210,1480.6,8.66,12822.0
1507706,1,202211,1098.0,9.18,10079.64
1507706,1,202212,1168.3,9.4,10982.02
1507706,1,202301,726.5,10.16,7381.24
1507706,1,202302,493.5,11.18,5517.33
1507706,1,202303,459.3,12.82,5888.23
1507706,1,202304,713.8,11.87,8472.81
1507706,1,202305,993.9,14.26,14173.01
1507706,1,202306,879.2,12.55,11033.96
1507706,1,202307,867.1,10.68,9260.63
1507706,1,202308,776.3,9.34,7250.64
1507706,1,202309,1014.7,9.5,9639.65
1507706,1,202310,1175.9,8.24,9689.42
1507706,1,202311,1336.6,8.57,11454.66
1507706,1,202312,1337.0,9.5,12701.5
1507706,1,202401,988.4,11.55,11416.02
1507706,1,202402,885.3,13.09,11588.58
1507706,1,202403,646.9,14.4,9315.36
1507706,1,202404,691.2,14.64,10119.17
1507706,1,202405,643.4,13.57,8730.94
1507706,1,202406,812.0,13.35,10840.2
1507706,1,202407,1016.7,11.1,11285.37
1507706,1,202408,1182.3,9.38,11089.97
1507706,1,202409,1511.9,9.08,13728.05
1507706,1,202410,1112.8,8.71,9692.49
1507706,1,202411,942.4,9.1,8575.84
1507706,1,202412,892.0,9.79,8732.68
1507706,2,202201,87.4,41.42,3620.11
1507706,2,202202,102.7,35.19,3614.01
1507706,2,202203,100.0,37.56,3756.0
1507706,2,202204,89.1,38.23,3406.29
1507706,2,202205,80.5,43.37,3491.28
1507706,2,202206,63.9,48.0,3067.2
1507706,2,202207,61.5,53.0,3259.5
1507706,2,202208,54.1,51.35,2778.04
1507706,2,202209,41.2,49.35,2033.22
1507706,2,202210,65.1,44.77,2914.53
1507706,2,202211,67.6,42.35,2862.86
1507706,2,202212,82.8,42.28,3500.78
1507706,2,202301,80.9,42.56,3443.1
1507706,2,202302,78.6,38.95,3061.47
1507706,2,202303,69.4,43.26,3002.24
1507706,2,202304,86.0,41.28,3550.08
1507706,2,202305,95.3,45.89,4373.32
1507706,2,202306,78.3,49.55,3879.76
1507706,2,202307,62.0,57.08,3538.96
1507706,2,202308,44.8,54.18,2427.26
1507706,2,202309,60.9,48.33,2943.3
1507706,2,202310,60.5,52.76,3191.98
1507706,2,202311,59.8,51.33,3069.53
1507706,2,202312,76.9,42.75,3287.48
1507706,2,202401,85.2,40.43,3444.64
1507706,2,202402,71.8,43.13,3096.73
1507706,2,202403,63.1,46.65,2943.62
1507706,2,202404,74.2,46.9,3479.98
1507706,2,202405,63.8,44.81,2858.88
1507706,2,202406,68.6,54.25,3721.55
1507706,2,202407,66.0,56.03,3697.98
1507706,2,202408,77.7,53.28,4139.86
1507706,2,202409,64.6,58.57,3783.62
1507706,2,202410,75.3,53.4,4021.02
1507706,2,202411,95.4,51.9,4951.26
1507706,2,202412,92.2,42.63,3930.49
1507706,3,202201,10.0,91.66,916.6
1507706,3,202202,9.4,102.1,959.74
1507706,3,202203,11.3,96.91,1095.08
1507706,3,202204,8.2,95.53,783.35
1507706,3,202205,8.3,94.09,780.95
1507706,3,202206,12.9,88.81,1145.65
1507706,3,202207,11.2,80.92,906.3
1507706,3,202208,11.4,78.21,891.59
1507706,3,202209,14.7,92.15,1354.6
1507706,3,202210,12.7,88.21,1120.27
1507706,3,202211,10.0,90.36,903.6
1507706,3,202212,12.2,101.45,1237.69
1507706,3,202301,10.5,93.36,980.28
1507706,3,202302,9.8,87.46,857.11
1507706,3,202303,7.0,89.94,629.58
1507706,3,202304,8.3,93.88,779.2
1507706,3,202305,10.9,94.15,1026.24
1507706,3,202306,10.7,97.33,1041.43
1507706,3,202307,9.2,92.56,851.55
1507706,3,202308,9.6,77.41,743.14
1507706,3,202309,9.5,102.07,969.66
1507706,3,202310,9.7,88.95,862.82
1507706,3,202311,9.2,99.53,915.68
1507706,3,202312,12.9,99.08,1278.13
1507706,3,202401,12.3,102.28,1258.04
1507706,3,202402,8.4,101.82,855.29
1507706,3,202403,9.4,96.72,909.17
1507706,3,202404,10.2,93.87,957.47
1507706,3,202405,13.8,96.4,1330.32
1507706,3,202406,13.3,87.96,1169.87
1507706,3,202407,13.0,100.06,1300.78
1507706,3,202408,18.4,91.81,1689.3
1507706,3,202409,13.1,102.31,1340.26
1507706,3,202410,14.6,92.25,1346.85
1507706,3,202411,13.3,94.37,1255.12
1507706,3,202412,11.1,103.12,1144.63
1507755,1,202201,160.1,11.23,1797.92
1507755,1,202202,175.7,14.41,2531.84
1507755,1,202203,97.9,13.8,1351.02
1507755,1,202204,77.0,15.24,1173.48
1507755,1,202205,78.7,14.38,1131.71
1507755,1,202206,116.8,13.46,1572.13
1507755,1,202207,137.4,11.93,1639.18
1507755,1,202208,148.1,10.33,1529.87
1507755,1,202209,205.9,9.35,1925.16
1507755,1,202210,254.7,10.34,2633.6
1507755,1,202211,225.5,9.87,2225.68
1507755,1,202212,164.7,11.36,1870.99
1507755,1,202301,150.5,13.37,2012.18
1507755,1,202302,121.7,13.51,1644.17
1507755,1,202303,104.7,15.07,1577.83
1507755,1,202304,94.0,15.13,1422.22
1507755,1,202305,123.2,13.92,1714.94
1507755,1,202306,142.1,13.66,1941.09
1507755,1,202307,197.1,12.85,2532.73
1507755,1,202308,271.9,10.89,2960.99
1507755,1,202309,288.8,10.05,2902.44
1507755,1,202310,244.6,9.77,2389.74
1507755,1,202311,271.8,11.35,3084.93
1507755,1,202312,236.6,10.19,2410.95
1507755,1,202401,290.5,13.29,3860.74
1507755,1,202402,203.1,14.14,2871.83
1507755,1,202403,171.9,14.83,2549.28
1507755,1,202404,149.2,15.47,2308.12
1507755,1,202405,138.0,15.84,2185.92
1507755,1,202406,141.6,14.85,2102.76
1507755,1,202407,175.6,13.08,2296.85
1507755,1,202408,223.5,12.25,2737.88
1507755,1,202409,296.8,11.3,3353.84
1507755,1,202410,293.8,10.66,3131.91
1507755,1,202411,236.1,10.32,2436.55
1507755,1,202412,192.4,11.89,2287.64
1507755,2,202201,20.5,39.46,808.93
1507755,2,202202,23.8,36.52,869.18
1507755,2,202203,30.8,40.56,1249.25
1507755,2,202204,19.9,41.06,817.09
1507755,2,202205,14.4,46.24,665.86
1507755,2,202206,17.2,48.34,831.45
1507755,2,202207,15.8,52.36,827.29
1507755,2,202208,19.1,50.7,968.37
1507755,2,202209,15.8,48.88,772.3
1507755,2,202210,17.7,49.42,874.73
1507755,2,202211,22.9,43.9,1005.31
1507755,2,202212,25.7,44.77,1150.59
1507755,2,202301,19.6,40.86,800.86
1507755,2,202302,37.6,37.14,1396.46
1507755,2,202303,32.9,39.55,1301.2
1507755,2,202304,21.4,41.18,881.25
1507755,2,202305,20.8,49.38,1027.1
1507755,2,202306,19.9,52.29,1040.57
1507755,2,202307,21.1,52.72,1112.39
1507755,2,202308,22.2,54.61,1212.34
1507755,2,202309,19.6,52.65,1031.94
1507755,2,202310,15.0,52.52,787.8
1507755,2,202311,20.2,48.03,970.21
1507755,2,202312,17.5,44.83,784.52
1507755,2,202401,27.3,41.88,1143.32
1507755,2,202402,24.6,40.03,984.74
1507755,2,202403,28.1,43.72,1228.53
1507755,2,202404,22.5,48.58,1093.05
1507755,2,202405,18.9,51.36,970.7
1507755,2,202406,15.4,56.54,870.72
1507755,2,202407,17.6,55.36,974.34
1507755,2,202408,15.3,53.24,814.57
1507755,2,202409,19.1,52.55,1003.7
1507755,2,202410,18.4,55.98,1030.03
1507755,2,202411,20.6,44.28,912.17
1507755,2,202412,24.4,48.47,1182.67
1507755,3,202201,2.8,102.59,287.25
1507755,3,202202,3.3,96.63,318.88
1507755,3,202203,3.6,91.01,327.64
1507755,3,202204,4.0,92.51,370.04
1507755,3,202205,4.1,89.44,366.7
1507755,3,202206,3.2,95.39,305.25
1507755,3,202207,3.9,84.88,331.03
1507755,3,202208,4.0,90.66,362.64
1507755,3,202209,3.1,85.8,265.98
1507755,3,202210,2.7,87.5,236.25
1507755,3,202211,2.6,88.42,229.89
1507755,3,202212,3.0,91.5,274.5
1507755,3,202301,2.8,102.94,288.23
1507755,3,202302,2.6,95.66,248.72
1507755,3,202303,2.5,103.3,258.25
1507755,3,202304,2.5,103.61,259.02
1507755,3,202305,2.1,90.87,190.83
1507755,3,202306,2.9,96.44,279.68
1507755,3,202307,2.5,93.51,233.78
1507755,3,202308,2.8,91.89,257.29
1507755,3,202309,2.7,85.96,232.09
1507755,3,202310,3.1,90.25,279.78
1507755,3,202311,2.7,93.04,251.21
1507755,3,202312,2.2,107.03,235.47
1507755,3,202401,2.7,102.2,275.94
1507755,3,202402,2.3,102.09,234.81
1507755,3,202403,2.5,96.55,241.38
1507755,3,202404,3.3,95.37,314.72
1507755,3,202405,2.8,93.93,263.0
1507755,3,202406,3.0,96.0,288.0
1507755,3,202407,2.9,85.82,248.88
1507755,3,202408,3.1,88.38,273.98
1507755,3,202409,3.1,83.96,260.28
1507755,3,202410,3.6,101.13,364.07
1507755,3,202411,2.9,97.72,283.39
1507755,3,202412,3.5,101.68,355.88
1507805,1,202201,555.4,10.75,5970.55
1507805,1,202202,374.3,12.09,4525.29
1507805,1,202203,266.5,13.93,3712.34
1507805,1,202204,326.9,14.07,4599.48
1507805,1,202205,415.8,14.11,5866.94
1507805,1,202206,407.4,12.47,5080.28
1507805,1,202207,664.0,10.95,7270.8
1507805,1,202208,814.2,10.75,8752.65
1507805,1,202209,1170.0,9.13,10682.1
1507805,1,202210,1185.4,9.15,10846.41
1507805,1,202211,857.2,8.69,7449.07
1507805,1,202212,841.6,9.98,8399.17
1507805,1,202301,788.2,12.53,9876.15
1507805,1,202302,567.1,12.71,7207.84
1507805,1,202303,387.8,14.67,5689.03
1507805,1,202304,420.7,12.83,5397.58
1507805,1,202305,391.2,13.7,5359.44
1507805,1,202306,607.4,13.06,7932.64
1507805,1,202307,663.7,13.0,8628.1
1507805,1,202308,1103.7,10.06,11103.22
1507805,1,202309,767.8,10.08,7739.42
1507805,1,202310,901.6,9.93,8952.89
1507805,1,202311,1164.7,9.4,10948.18
1507805,1,202312,810.8,10.47,8489.08
1507805,1,202401,690.1,12.38,8543.44
1507805,1,202402,553.0,12.61,6973.33
1507805,1,202403,450.5,14.2,6397.1
1507805,1,202404,486.0,15.86,7707.96
1507805,1,202405,416.2,14.91,6205.54
1507805,1,202406,519.6,13.48,7004.21
1507805,1,202407,734.2,12.36,9074.71
1507805,1,202408,850.9,11.33,9640.7
1507805,1,202409,827.4,10.45,8646.33
1507805,1,202410,1139.8,9.45,10771.11
1507805,1,202411,1216.2,10.86,13207.93
1507805,1,202412,833.2,11.75,9790.1
1507805,2,202201,98.2,40.64,3990.85
1507805,2,202202,87.7,35.21,3087.92
1507805,2,202203,89.7,39.34,3528.8
1507805,2,202204,114.4,33.63,3847.27
1507805,2,202205,75.8,41.53,3147.97
1507805,2,202206,56.3,42.24,2378.11
1507805,2,202207,43.5,51.96,2260.26
1507805,2,202208,36.1,51.95,1875.4
1507805,2,202209,38.6,46.38,1790.27
1507805,2,202210,41.4,47.15,1952.01
1507805,2,202211,41.0,45.91,1882.31
1507805,2,202212,51.7,42.8,2212.76
1507805,2,202301,72.7,37.56,2730.61
1507805,2,202302,66.1,33.53,2216.33
1507805,2,202303,67.6,36.65,2477.54
1507805,2,202304,84.7,42.34,3586.2
1507805,2,202305,54.5,48.93,2666.68
1507805,2,202306,72.8,47.23,3438.34
1507805,2,202307,53.4,48.29,2578.69
1507805,2,202308,53.1,57.12,3033.07
1507805,2,202309,67.9,50.8,3449.32
1507805,2,202310,89.5,44.54,3986.33
1507805,2,202311,92.8,43.79,4063.71
1507805,2,202312,81.0,42.84,3470.04
1507805,2,202401,75.5,39.56,2986.78
1507805,2,202402,73.3,40.35,2957.66
1507805,2,202403,106.4,36.64,3898.5
1507805,2,202404,82.5,39.28,3240.6
1507805,2,202405,75.1,43.98,3302.9
1507805,2,202406,52.9,48.36,2558.24
1507805,2,202407,41.4,52.42,2170.19
1507805,2,202408,45.2,54.17,2448.48
1507805,2,202409,47.3,58.32,2758.54
1507805,2,202410,53.0,47.27,2505.31
1507805,2,202411,48.8,44.91,2191.61
1507805,2,202412,63.1,40.73,2570.06
1507805,3,202201,7.7,89.29,687.53
1507805,3,202202,9.2,93.6,861.12
1507805,3,202203,8.1,100.19,811.54
1507805,3,202204,7.0,98.89,692.23
1507805,3,202205,8.0,93.02,744.16
1507805,3,202206,9.1,87.28,794.25
1507805,3,202207,10.2,82.92,845.78
1507805,3,202208,10.4,86.26,897.1
1507805,3,202209,10.9,93.27,1016.64
1507805,3,202210,8.1,87.92,712.15
1507805,3,202211,8.8,87.94,773.87
1507805,3,202212,7.1,91.97,652.99
1507805,3,202301,4.3,97.16,417.79
1507805,3,202302,4.7,101.98,479.31
1507805,3,202303,4.9,94.77,464.37
1507805,3,202304,6.0,98.39,590.34
1507805,3,202305,7.8,96.3,751.14
1507805,3,202306,8.3,92.37,766.67
1507805,3,202307,12.0,84.05,1008.6
1507805,3,202308,9.5,87.33,829.64
1507805,3,202309,6.2,86.43,535.87
1507805,3,202310,7.0,90.46,633.22
1507805,3,202311,6.3,90.53,570.34
1507805,3,202312,5.3,102.59,543.73
1507805,3,202401,5.5,103.21,567.66
1507805,3,202402,5.2,95.02,494.1
1507805,3,202403,5.2,95.67,497.48
1507805,3,202404,8.0,106.33,850.64
1507805,3,202405,8.3,96.33,799.54
1507805,3,202406,8.1,92.46,748.93
1507805,3,202407,11.3,97.5,1101.75
1507805,3,202408,9.7,90.68,879.6
1507805,3,202409,7.3,86.8,633.64
1507805,3,202410,5.9,89.12,525.81
1507805,3,202411,6.4,100.3,641.92
1507805,3,202412,4.9,110.81,542.97
1507904,1,202201,516.8,12.67,6547.86
1507904,1,202202,385.2,13.89,5350.43
1507904,1,202203,358.2,13.18,4721.08
1507904,1,202204,379.4,15.76,5979.34
1507904,1,202205,305.1,14.88,4539.89
1507904,1,202206,445.4,13.16,5861.46
1507904,1,202207,712.2,11.31,8054.98
1507904,1,202208,892.2,11.32,10099.7
1507904,1,202209,835.6,10.05,8397.78
1507904,1,202210,764.5,8.81,6735.25
1507904,1,202211,820.2,9.7,7955.94
1507904,1,202212,714.7,12.56,8976.63
1507904,1,202301,665.2,12.49,8308.35
1507904,1,202302,612.3,13.29,8137.47
1507904,1,202303,622.9,14.02,8733.06
1507904,1,202304,435.3,16.5,7182.45
1507904,1,202305,483.6,15.39,7442.6
1507904,1,202306,513.2,14.8,7595.36
1507904,1,202307,616.4,12.64,7791.3
1507904,1,202308,879.1,11.89,10452.5
1507904,1,202309,1137.0,9.79,11131.23
1507904,1,202310,1392.4,9.94,13840.46
1507904,1,202311,1226.5,10.36,12706.54
1507904,1,202312,935.5,11.97,11197.94
1507904,1,202401,703.7,13.17,9267.73
1507904,1,202402,424.3,13.88,5889.28
1507904,1,202403,533.2,15.37,8195.28
1507904,1,202404,468.0,14.42,6748.56
1507904,1,202405,542.4,13.64,7398.34
1507904,1,202406,676.7,14.93,10103.13
1507904,1,202407,603.9,12.72,7681.61
1507904,1,202408,642.1,11.45,7352.04
1507904,1,202409,1065.3,11.05,11771.56
1507904,1,202410,1119.1,10.98,12287.72
1507904,1,202411,915.7,10.89,9971.97
1507904,1,202412,798.5,12.77,10196.84
1507904,2,202201,113.4,37.58,4261.57
1507904,2,202202,100.2,40.23,4031.05
1507904,2,202203,138.7,39.95,5541.06
1507904,2,202204,95.5,41.1,3925.05
1507904,2,202205,97.4,50.64,4932.34
1507904,2,202206,101.4,50.89,5160.25
1507904,2,202207,61.7,46.73,2883.24
1507904,2,202208,66.4,50.75,3369.8
1507904,2,202209,40.5,57.52,2329.56
1507904,2,202210,61.3,46.06,2823.48
1507904,2,202211,59.7,45.15,2695.46
1507904,2,202212,83.6,44.27,3700.97
1507904,2,202301,107.7,42.07,4530.94
1507904,2,202302,131.4,41.4,5439.96
1507904,2,202303,134.8,42.25,5695.3
1507904,2,202304,109.9,43.34,4763.07
1507904,2,202305,83.9,44.98,3773.82
1507904,2,202306,71.8,51.42,3691.96
1507904,2,202307,53.5,51.83,2772.9
1507904,2,202308,53.9,52.54,2831.91
1507904,2,202309,56.5,56.95,3217.68
1507904,2,202310,57.1,49.36,2818.46
1507904,2,202311,52.0,50.97,2650.44
1507904,2,202312,56.3,43.85,2468.76
1507904,2,202401,43.0,41.95,1803.85
1507904,2,202402,59.7,37.72,2251.88
1507904,2,202403,77.9,47.01,3662.08
1507904,2,202404,49.3,44.94,2215.54
1507904,2,202405,59.1,43.38,2563.76
1507904,2,202406,58.9,54.89,3233.02
1507904,2,202407,47.9,54.78,2623.96
1507904,2,202408,49.5,53.35,2640.82
1507904,2,202409,69.7,57.53,4009.84
1507904,2,202410,63.9,45.99,2938.76
1507904,2,202411,78.8,46.9,3695.72
1507904,2,202412,98.8,44.29,4375.85
1507904,3,202201,9.1,101.2,920.92
1507904,3,202202,8.9,100.0,890.0
1507904,3,202203,9.5,92.5,878.75
1507904,3,202204,7.0,99.51,696.57
1507904,3,202205,8.6,95.32,819.75
1507904,3,202206,11.1,89.46,993.01
1507904,3,202207,16.1,81.19,1307.16
1507904,3,202208,17.7,88.05,1558.48
1507904,3,202209,21.3,85.61,1823.49
1507904,3,202210,22.2,87.52,1942.94
1507904,3,202211,21.0,90.33,1896.93
1507904,3,202212,15.6,92.56,1443.94
1507904,3,202301,13.8,94.29,1301.2
1507904,3,202302,9.0,91.98,827.82
1507904,3,202303,9.8,90.34,885.33
1507904,3,202304,11.6,97.86,1135.18
1507904,3,202305,11.3,82.92,937.0
1507904,3,202306,9.1,94.15,856.76
1507904,3,202307,14.1,91.01,1283.24
1507904,3,202308,14.7,86.66,1273.9
1507904,3,202309,18.7,93.41,1746.77
1507904,3,202310,17.7,89.62,1586.27
1507904,3,202311,18.7,95.58,1787.35
1507904,3,202312,18.2,87.42,1591.04
1507904,3,202401,12.8,91.41,1170.05
1507904,3,202402,10.8,101.83,1099.76
1507904,3,202403,10.1,104.44,1054.84
1507904,3,202404,9.1,104.99,955.41
1507904,3,202405,14.4,96.34,1387.3
1507904,3,202406,14.3,95.45,1364.94
1507904,3,202407,15.4,95.84,1475.94
1507904,3,202408,11.6,90.79,1053.16
1507904,3,202409,14.1,94.9,1338.09
1507904,3,202410,12.4,89.11,1104.96
1507904,3,202411,15.1,89.47,1351.0
1507904,3,202412,11.7,97.48,1140.52
1507953,1,202201,1978.0,11.76,23261.28
1507953,1,202202,1703.6,12.7,21635.72
1507953,1,202203,1158.4,13.3,15406.72
1507953,1,202204,1420.1,14.06,19966.61
1507953,1,202205,939.3,14.5,13619.85
1507953,1,202206,1133.9,11.98,13584.12
1507953,1,202207,1565.3,10.67,16701.75
1507953,1,202208,1762.9,9.52,16782.81
1507953,1,202209,2062.4,9.62,19840.29
1507953,1,202210,3327.1,9.36,31141.66
1507953,1,202211,3608.6,8.91,32152.63
1507953,1,202212,2488.3,9.0,22394.7
1507953,1,202301,1878.8,11.25,21136.5
1507953,1,202302,1282.3,13.22,16952.01
1507953,1,202303,1425.8,13.71,19547.72
1507953,1,202304,1320.7,14.21,18767.15
1507953,1,202305,999.9,13.4,13398.66
1507953,1,202306,1359.0,13.53,18387.27
1507953,1,202307,1918.4,11.84,22713.86
1507953,1,202308,2785.3,10.73,29886.27
1507953,1,202309,2963.2,9.6,28446.72
1507953,1,202310,2832.8,9.44,26741.63
1507953,1,202311,3917.6,9.74,38157.42
1507953,1,202312,3020.4,9.95,30052.98
1507953,1,202401,2665.8,12.32,32842.66
1507953,1,202402,1842.3,13.9,25607.97
1507953,1,202403,1802.5,15.14,27289.85
1507953,1,202404,1248.0,14.94,18645.12
1507953,1,202405,1292.3,13.62,17601.13
1507953,1,202406,1277.3,12.83,16387.76
1507953,1,202407,1562.2,11.83,18480.83
1507953,1,202408,2644.7,10.92,28880.12
1507953,1,202409,2658.9,9.83,26136.99
1507953,1,202410,3294.8,9.03,29752.04
1507953,1,202411,4020.7,9.35,37593.54
1507953,1,202412,3109.7,9.74,30288.48
1507953,2,202201,336.1,38.75,13023.88
1507953,2,202202,284.2,37.51,10660.34
1507953,2,202203,277.0,39.68,10991.36
1507953,2,202204,384.1,40.69,15629.03
1507953,2,202205,266.3,45.99,12247.14
1507953,2,202206,221.4,49.36,10928.3
1507953,2,202207,143.6,51.37,7376.73
1507953,2,202208,201.6,52.33,10549.73
1507953,2,202209,161.4,49.43,7978.0
1507953,2,202210,181.3,47.7,8648.01
1507953,2,202211,207.8,41.39,8600.84
1507953,2,202212,231.0,41.38,9558.78
1507953,2,202301,228.2,38.76,8845.03
1507953,2,202302,250.9,39.98,10030.98
1507953,2,202303,331.2,39.29,13012.85
1507953,2,202304,401.0,39.07,15667.07
1507953,2,202305,269.9,52.38,14137.36
1507953,2,202306,193.0,49.73,9597.89
1507953,2,202307,145.8,56.85,8288.73
1507953,2,202308,236.5,52.42,12397.33
1507953,2,202309,210.9,57.57,12141.51
1507953,2,202310,252.9,47.49,12010.22
1507953,2,202311,281.0,47.21,13266.01
1507953,2,202312,413.8,40.99,16961.66
1507953,2,202401,341.6,48.16,16451.46
1507953,2,202402,255.8,40.8,10436.64
1507953,2,202403,348.2,44.08,15348.66
1507953,2,202404,328.9,45.98,15122.82
1507953,2,202405,273.9,48.54,13295.11
1507953,2,202406,284.0,53.62,15228.08
1507953,2,202407,237.9,58.77,13981.38
1507953,2,202408,264.8,57.79,15302.79
1507953,2,202409,235.1,55.36,13015.14
1507953,2,202410,265.0,53.62,14209.3
1507953,2,202411,286.0,53.48,15295.28
1507953,2,202412,270.4,44.03,11905.71
1507953,3,202201,21.6,85.37,1843.99
1507953,3,202202,25.3,88.43,2237.28
1507953,3,202203,21.0,97.12,2039.52
1507953,3,202204,21.0,85.42,1793.82
1507953,3,202205,25.1,89.15,2237.67
1507953,3,202206,24.3,83.75,2035.12
1507953,3,202207,24.7,81.59,2015.27
1507953,3,202208,17.0,84.96,1444.32
1507953,3,202209,24.7,85.45,2110.62
1507953,3,202210,25.3,89.72,2269.92
1507953,3,202211,21.6,85.18,1839.89
1507953,3,202212,31.8,88.69,2820.34
1507953,3,202301,24.8,104.15,2582.92
1507953,3,202302,22.8,98.11,2236.91
1507953,3,202303,20.4,100.28,2045.71
1507953,3,202304,28.5,94.04,2680.14
1507953,3,202305,38.2,95.75,3657.65
1507953,3,202306,45.6,80.17,3655.75
1507953,3,202307,51.1,93.99,4802.89
1507953,3,202308,38.4,86.0,3302.4
1507953,3,202309,47.8,83.36,3984.61
1507953,3,202310,37.9,86.09,3262.81
1507953,3,202311,25.2,92.37,2327.72
1507953,3,202312,23.7,95.88,2272.36
1507953,3,202401,26.0,102.98,2677.48
1507953,3,202402,23.3,97.07,2261.73
1507953,3,202403,25.8,106.8,2755.44
1507953,3,202404,30.2,97.53,2945.41
1507953,3,202405,33.5,94.45,3164.08
1507953,3,202406,38.1,93.22,3551.68
1507953,3,202407,35.7,95.25,3400.42
1507953,3,202408,30.9,91.21,2818.39
1507953,3,202409,24.3,89.68,2179.22
1507953,3,202410,26.3,92.77,2439.85
1507953,3,202411,24.7,103.31,2551.76
1507953,3,202412,25.2,105.54,2659.61
1507961,1,202201,165.1,11.69,1930.02
1507961,1,202202,213.4,12.71,2712.31
1507961,1,202203,221.7,13.8,3059.46
1507961,1,202204,142.1,14.16,2012.14
1507961,1,202205,143.9,14.4,2072.16
1507961,1,202206,120.0,12.47,1496.4
1507961,1,202207,122.3,11.4,1394.22
1507961,1,202208,135.6,10.6,1437.36
1507961,1,202209,176.1,9.02,1588.42
1507961,1,202210,201.9,8.35,1685.86
1507961,1,202211,220.2,9.48,2087.5
1507961,1,202212,226.4,10.01,2266.26
1507961,1,202301,175.2,11.06,1937.71
1507961,1,202302,149.7,13.31,1992.51
1507961,1,202303,108.8,14.91,1622.21
1507961,1,202304,88.6,13.1,1160.66
1507961,1,202305,82.3,14.61,1202.4
1507961,1,202306,128.3,11.43,1466.47
1507961,1,202307,154.9,11.51,1782.9
1507961,1,202308,141.4,11.52,1628.93
1507961,1,202309,190.0,9.45,1795.5
1507961,1,202310,178.2,9.32,1660.82
1507961,1,202311,268.9,9.98,2683.62
1507961,1,202312,208.5,9.65,2012.02
1507961,1,202401,205.1,12.22,2506.32
1507961,1,202402,203.4,13.49,2743.87
1507961,1,202403,137.1,15.79,2164.81
1507961,1,202404,134.5,13.85,1862.82
1507961,1,202405,156.4,14.11,2206.8
1507961,1,202406,175.2,12.84,2249.57
1507961,1,202407,216.6,11.56,2503.9
1507961,1,202408,194.9,11.53,2247.2
1507961,1,202409,263.2,9.97,2624.1
1507961,1,202410,254.1,9.35,2375.84
1507961,1,202411,268.7,9.7,2606.39
1507961,1,202412,279.1,10.59,2955.67
1507961,2,202201,20.6,36.52,752.31
1507961,2,202202,19.3,37.94,732.24
1507961,2,202203,18.0,40.37,726.66
1507961,2,202204,16.2,43.39,702.92
1507961,2,202205,16.5,46.58,768.57
1507961,2,202206,16.7,51.39,858.21
1507961,2,202207,16.5,56.03,924.5
1507961,2,202208,14.1,50.71,715.01
1507961,2,202209,18.5,58.5,1082.25
1507961,2,202210,21.6,43.73,944.57
1507961,2,202211,30.7,43.28,1328.7
1507961,2,202212,35.0,42.04,1471.4
1507961,2,202301,31.1,41.85,1301.54
1507961,2,202302,38.2,39.42,1505.84
1507961,2,202303,34.1,39.72,1354.45
1507961,2,202304,32.7,48.33,1580.39
1507961,2,202305,29.3,45.55,1334.62
1507961,2,202306,22.5,47.81,1075.73
1507961,2,202307,19.7,57.54,1133.54
1507961,2,202308,17.8,56.15,999.47
1507961,2,202309,15.6,55.85,871.26
1507961,2,202310,12.3,50.81,624.96
1507961,2,202311,14.8,43.69,646.61
1507961,2,202312,20.5,43.47,891.14
1507961,2,202401,29.8,39.2,1168.16
1507961,2,202402,34.7,41.81,1450.81
1507961,2,202403,29.7,43.69,1297.59
1507961,2,202404,23.5,47.44,1114.84
1507961,2,202405,20.9,48.38,1011.14
1507961,2,202406,16.1,54.24,873.26
1507961,2,202407,11.0,52.49,577.39
1507961,2,202408,9.9,58.66,580.73
1507961,2,202409,16.7,56.8,948.56
1507961,2,202410,26.8,50.2,1345.36
1507961,2,202411,31.4,49.91,1567.17
1507961,2,202412,31.4,47.47,1490.56
1507961,3,202201,4.5,93.43,420.44
1507961,3,202202,6.6,91.17,601.72
1507961,3,202203,6.2,86.16,534.19
1507961,3,202204,5.8,93.12,540.1
1507961,3,202205,5.3,93.16,493.75
1507961,3,202206,5.8,82.46,478.27
1507961,3,202207,3.3,88.03,290.5
1507961,3,202208,4.9,84.95,416.26
1507961,3,202209,4.0,78.08,312.32
1507961,3,202210,3.8,90.07,342.27
1507961,3,202211,3.2,88.82,284.22
1507961,3,202212,3.2,87.62,280.38
1507961,3,202301,3.4,103.29,351.19
1507961,3,202302,4.4,103.98,457.51
1507961,3,202303,5.7,92.97,529.93
1507961,3,202304,7.7,97.83,753.29
1507961,3,202305,6.9,94.56,652.46
1507961,3,202306,6.2,90.48,560.98
1507961,3,202307,7.0,86.48,605.36
1507961,3,202308,5.6,87.33,489.05
1507961,3,202309,4.7,93.0,437.1
1507961,3,202310,4.5,92.67,417.02
1507961,3,202311,4.6,85.0,391.0
1507961,3,202312,3.2,86.61,277.15
1507961,3,202401,4.5,93.18,419.31
1507961,3,202402,4.7,96.27,452.47
1507961,3,202403,5.6,98.46,551.38
1507961,3,202404,4.1,97.88,401.31
1507961,3,202405,4.2,96.88,406.9
1507961,3,202406,4.3,94.12,404.72
1507961,3,202407,4.8,91.93,441.26
1507961,3,202408,5.2,96.74,503.05
1507961,3,202409,6.4,84.74,542.34
1507961,3,202410,6.1,95.87,584.81
1507961,3,202411,5.0,98.81,494.05
1507961,3,202412,7.3,93.99,686.13
1507979,1,202201,334.1,11.6,3875.56
1507979,1,202202,294.4,13.96,4109.82
1507979,1,202203,262.3,13.31,3491.21
1507979,1,202204,235.2,13.69,3219.89
1507979,1,202205,280.2,13.11,3673.42
1507979,1,202206,350.0,12.04,4214.0
1507979,1,202207,382.8,11.91,4559.15
1507979,1,202208,467.5,10.61,4960.18
1507979,1,202209,817.7,10.23,8365.07
1507979,1,202210,1104.0,9.76,10775.04
1507979,1,202211,693.8,10.82,7506.92
1507979,1,202212,487.9,10.46,5103.43
1507979,1,202301,345.5,12.08,4173.64
1507979,1,202302,386.6,12.67,4898.22
1507979,1,202303,311.5,14.98,4666.27
1507979,1,202304,316.8,14.9,4720.32
1507979,1,202305,474.2,14.95,7089.29
1507979,1,202306,465.8,12.78,5952.92
1507979,1,202307,579.3,12.46,7218.08
1507979,1,202308,686.0,11.07,7594.02
1507979,1,202309,637.5,10.08,6426.0
1507979,1,202310,797.8,9.35,7459.43
1507979,1,202311,601.5,10.63,6393.95
1507979,1,202312,682.5,12.14,8285.55
1507979,1,202401,465.6,12.07,5619.79
1507979,1,202402,355.7,14.62,5200.33
1507979,1,202403,265.4,13.06,3466.12
1507979,1,202404,236.7,15.97,3780.1
1507979,1,202405,261.0,13.74,3586.14
1507979,1,202406,213.5,13.74,2933.49
1507979,1,202407,310.7,11.95,3712.86
1507979,1,202408,397.8,11.3,4495.14
1507979,1,202409,597.5,10.89,6506.78
1507979,1,202410,694.0,9.19,6377.86
1507979,1,202411,575.6,10.26,5905.66
1507979,1,202412,487.7,11.13,5428.1
1507979,2,202201,69.8,37.35,2607.03
1507979,2,202202,79.4,36.51,2898.89
1507979,2,202203,87.2,36.72,3201.98
1507979,2,202204,67.0,41.57,2785.19
1507979,2,202205,51.8,39.85,2064.23
1507979,2,202206,55.6,43.5,2418.6
1507979,2,202207,60.4,44.91,2712.56
1507979,2,202208,82.5,49.28,4065.6
1507979,2,202209,80.5,46.06,3707.83
1507979,2,202210,60.9,42.91,2613.22
1507979,2,202211,99.2,44.91,4455.07
1507979,2,202212,117.4,41.85,4913.19
1507979,2,202301,75.7,36.87,2791.06
1507979,2,202302,68.3,34.19,2335.18
1507979,2,202303,67.1,41.14,2760.49
1507979,2,202304,78.7,40.79,3210.17
1507979,2,202305,45.3,43.99,1992.75
1507979,2,202306,46.6,46.55,2169.23
1507979,2,202307,54.9,46.76,2567.12
1507979,2,202308,32.3,48.52,1567.2
1507979,2,202309,47.4,50.34,2386.12
1507979,2,202310,65.5,45.28,2965.84
1507979,2,202311,62.8,44.01,2763.83
1507979,2,202312,61.0,39.87,2432.07
1507979,2,202401,64.5,36.88,2378.76
1507979,2,202402,47.1,41.19,1940.05
1507979,2,202403,56.5,40.06,2263.39
1507979,2,202404,64.9,42.03,2727.75
1507979,2,202405,50.8,45.95,2334.26
1507979,2,202406,62.0,43.92,2723.04
1507979,2,202407,58.9,49.26,2901.41
1507979,2,202408,60.1,47.61,2861.36
1507979,2,202409,57.1,50.81,2901.25
1507979,2,202410,73.1,48.83,3569.47
1507979,2,202411,100.6,45.01,4528.01
1507979,2,202412,94.5,43.85,4143.82
1507979,3,202201,7.9,95.81,756.9
1507979,3,202202,7.6,97.85,743.66
1507979,3,202203,4.9,88.32,432.77
1507979,3,202204,7.2,90.42,651.02
1507979,3,202205,8.2,85.44,700.61
1507979,3,202206,9.3,88.99,827.61
1507979,3,202207,5.1,81.06,413.41
1507979,3,202208,5.9,84.95,501.21
1507979,3,202209,5.4,84.62,456.95
1507979,3,202210,8.1,89.96,728.68
1507979,3,202211,6.6,84.77,559.48
1507979,3,202212,9.1,94.82,862.86
1507979,3,202301,9.9,93.34,924.07
1507979,3,202302,9.3,94.55,879.32
1507979,3,202303,10.8,97.76,1055.81
1507979,3,202304,8.3,102.34,849.42
1507979,3,202305,7.6,89.74,682.02
1507979,3,202306,10.0,83.07,830.7
1507979,3,202307,8.5,84.64,719.44
1507979,3,202308,7.1,86.31,612.8
1507979,3,202309,7.5,97.43,730.72
1507979,3,202310,6.8,92.57,629.48
1507979,3,202311,10.3,90.14,928.44
1507979,3,202312,10.7,95.73,1024.31
1507979,3,202401,8.5,110.61,940.18
1507979,3,202402,6.9,101.8,702.42
1507979,3,202403,8.0,101.09,808.72
1507979,3,202404,10.4,98.11,1020.34
1507979,3,202405,10.7,100.64,1076.85
1507979,3,202406,8.9,91.84,817.38
1507979,3,202407,7.4,96.26,712.32
1507979,3,202408,7.9,96.35,761.16
1507979,3,202409,9.2,95.02,874.18
1507979,3,202410,8.5,93.23,792.46
1507979,3,202411,10.3,90.64,933.59
1507979,3,202412,10.4,99.0,1029.6
1508001,1,202201,2403.6,11.78,28314.41
1508001,1,202202,1589.1,11.58,18401.78
1508001,1,202203,1377.8,13.07,18007.85
1508001,1,202204,1880.3,14.32,26925.9
1508001,1,202205,2102.7,12.59,26472.99
1508001,1,202206,1855.3,12.91,23951.92
1508001,1,202207,2138.2,11.55,24696.21
1508001,1,202208,2515.6,10.1,25407.56
1508001,1,202209,2692.1,8.96,24121.22
1508001,1,202210,2207.1,8.37,18473.43
1508001,1,202211,2192.4,9.95,21814.38
1508001,1,202212,2871.2,10.28,29515.94
1508001,1,202301,2230.3,11.77,26250.63
1508001,1,202302,1881.0,12.53,23568.93
1508001,1,202303,1736.9,13.71,23812.9
1508001,1,202304,2484.0,14.12,35074.08
1508001,1,202305,2233.4,13.96,31178.26
1508001,1,202306,2819.9,13.27,37420.07
1508001,1,202307,2642.8,11.13,29414.36
1508001,1,202308,2902.4,9.63,27950.11
1508001,1,202309,3305.2,9.51,31432.45
1508001,1,202310,3014.9,8.38,25264.86
1508001,1,202311,2938.0,9.32,27382.16
1508001,1,202312,3191.3,10.1,32232.13
1508001,1,202401,2262.2,12.29,27802.44
1508001,1,202402,1977.1,14.63,28924.97
1508001,1,202403,2027.8,12.86,26077.51
1508001,1,202404,1612.5,16.26,26219.25
1508001,1,202405,2143.7,14.01,30033.24
1508001,1,202406,2342.0,13.48,31570.16
1508001,1,202407,2614.4,11.17,29202.85
1508001,1,202408,2153.2,11.28,24288.1
1508001,1,202409,2636.7,9.83,25918.76
1508001,1,202410,3309.8,9.44,31244.51
1508001,1,202411,4514.1,8.91,40220.63
1508001,1,202412,3987.5,10.77,42945.38
1508001,2,202201,153.1,38.71,5926.5
1508001,2,202202,181.4,32.58,5910.01
1508001,2,202203,185.6,37.72,7000.83
1508001,2,202204,132.1,37.05,4894.3
1508001,2,202205,158.1,42.04,6646.52
1508001,2,202206,178.5,46.75,8344.88
1508001,2,202207,154.8,47.69,7382.41
1508001,2,202208,102.6,46.7,4791.42
1508001,2,202209,114.4,49.93,5711.99
1508001,2,202210,135.8,44.95,6104.21
1508001,2,202211,144.8,49.54,7173.39
1508001,2,202212,212.1,35.01,7425.62
1508001,2,202301,208.7,34.21,7139.63
1508001,2,202302,302.2,38.28,11568.22
1508001,2,202303,282.5,37.23,10517.47
1508001,2,202304,230.9,41.24,9522.32
1508001,2,202305,214.5,40.56,8700.12
1508001,2,202306,218.3,46.19,10083.28
1508001,2,202307,194.0,49.54,9610.76
1508001,2,202308,155.2,47.96,7443.39
1508001,2,202309,129.1,48.99,6324.61
1508001,2,202310,114.5,43.04,4928.08
1508001,2,202311,90.3,43.71,3947.01
1508001,2,202312,131.9,42.61,5620.26
1508001,2,202401,151.9,36.45,5536.76
1508001,2,202402,164.0,35.5,5822.0
1508001,2,202403,208.3,41.16,8573.63
1508001,2,202404,182.7,38.6,7052.22
1508001,2,202405,226.3,46.48,10518.42
1508001,2,202406,157.2,48.05,7553.46
1508001,2,202407,115.9,49.32,5716.19
1508001,2,202408,93.8,55.16,5174.01
1508001,2,202409,124.7,52.75,6577.92
1508001,2,202410,171.9,48.59,8352.62
1508001,2,202411,163.6,40.02,6547.27
1508001,2,202412,153.6,42.72,6561.79
1508001,3,202201,15.0,91.76,1376.4
1508001,3,202202,15.1,93.83,1416.83
1508001,3,202203,17.6,99.3,1747.68
1508001,3,202204,16.3,97.49,1589.09
1508001,3,202205,14.0,88.43,1238.02
1508001,3,202206,14.1,84.69,1194.13
1508001,3,202207,23.0,79.68,1832.64
1508001,3,202208,25.0,85.68,2142.0
1508001,3,202209,19.6,88.86,1741.66
1508001,3,202210,24.7,87.96,2172.61
1508001,3,202211,21.0,85.93,1804.53
1508001,3,202212,29.5,101.36,2990.12
1508001,3,202301,25.0,88.63,2215.75
1508001,3,202302,24.1,103.67,2498.45
1508001,3,202303,25.4,99.54,2528.32
1508001,3,202304,30.3,98.69,2990.31
1508001,3,202305,24.6,89.99,2213.75
1508001,3,202306,30.8,90.1,2775.08
1508001,3,202307,24.8,90.05,2233.24
1508001,3,202308,22.6,87.61,1979.99
1508001,3,202309,22.4,81.12,1817.09
1508001,3,202310,25.6,98.91,2532.1
1508001,3,202311,21.5,96.69,2078.84
1508001,3,202312,27.2,96.57,2626.7
1508001,3,202401,29.4,102.76,3021.14
1508001,3,202402,24.7,112.08,2768.38
1508001,3,202403,19.0,98.52,1871.88
1508001,3,202404,23.8,95.38,2270.04
1508001,3,202405,16.1,101.42,1632.86
1508001,3,202406,21.7,96.49,2093.83
1508001,3,202407,19.7,87.61,1725.92
1508001,3,202408,26.9,96.48,2595.31
1508001,3,202409,19.7,93.52,1842.34
1508001,3,202410,18.2,90.14,1640.55
1508001,3,202411,20.6,99.61,2051.97
1508001,3,202412,22.4,101.84,2281.22
1508035,1,202201,851.6,11.28,9606.05
1508035,1,202202,902.0,12.64,11401.28
1508035,1,202203,907.1,12.69,11511.1
1508035,1,202204,682.7,14.1,9626.07
1508035,1,202205,929.5,14.56,13533.52
1508035,1,202206,936.8,11.55,10820.04
1508035,1,202207,1040.9,11.55,12022.4
1508035,1,202208,1201.7,10.37,12461.63
1508035,1,202209,1335.7,9.48,12662.44
1508035,1,202210,851.0,9.67,8229.17
1508035,1,202211,936.9,10.22,9575.12
1508035,1,202212,727.7,9.98,7262.45
1508035,1,202301,973.2,12.13,11804.92
1508035,1,202302,1074.0,13.02,13983.48
1508035,1,202303,977.1,13.43,13122.45
1508035,1,202304,783.1,14.39,11268.81
1508035,1,202305,644.6,14.34,9243.56
1508035,1,202306,676.3,13.1,8859.53
1508035,1,202307,1228.1,11.22,13779.28
1508035,1,202308,1174.5,10.26,12050.37
1508035,1,202309,868.9,9.38,8150.28
1508035,1,202310,1296.6,8.88,11513.81
1508035,1,202311,1667.3,9.75,16256.18
1508035,1,202312,1808.2,10.72,19383.9
1508035,1,202401,1543.3,12.79,19738.81
1508035,1,202402,1348.8,12.89,17386.03
1508035,1,202403,990.3,13.98,13844.39
1508035,1,202404,578.8,15.92,9214.5
1508035,1,202405,661.3,14.27,9436.75
1508035,1,202406,882.4,13.48,11894.75
1508035,1,202407,1011.6,12.07,12210.01
1508035,1,202408,1170.0,11.53,13490.1
1508035,1,202409,1136.6,10.56,12002.5
1508035,1,202410,1078.5,10.17,10968.34
1508035,1,202411,1619.2,9.98,16159.62
1508035,1,202412,1885.1,10.43,19661.59
1508035,2,202201,66.6,40.81,2717.95
1508035,2,202202,70.4,39.97,2813.89
1508035,2,202203,97.0,39.81,3861.57
1508035,2,202204,74.5,40.73,3034.38
1508035,2,202205,48.1,44.66,2148.15
1508035,2,202206,59.4,49.95,2967.03
1508035,2,202207,58.0,45.72,2651.76
1508035,2,202208,59.0,55.07,3249.13
1508035,2,202209,71.7,49.59,3555.6
1508035,2,202210,90.5,48.17,4359.38
1508035,2,202211,69.8,44.83,3129.13
1508035,2,202212,57.5,41.54,2388.55
1508035,2,202301,77.9,38.13,2970.33
1508035,2,202302,75.1,40.08,3010.01
1508035,2,202303,70.9,41.95,2974.26
1508035,2,202304,53.9,39.08,2106.41
1508035,2,202305,58.0,43.85,2543.3
1508035,2,202306,55.9,52.61,2940.9
1508035,2,202307,48.7,54.79,2668.27
1508035,2,202308,36.8,54.63,2010.38
1508035,2,202309,52.4,51.11,2678.16
1508035,2,202310,58.7,52.14,3060.62
1508035,2,202311,78.9,44.07,3477.12
1508035,2,202312,55.5,42.99,2385.95
1508035,2,202401,67.6,39.61,2677.64
1508035,2,202402,64.9,40.98,2659.6
1508035,2,202403,68.8,40.16,2763.01
1508035,2,202404,78.3,46.69,3655.83
1508035,2,202405,71.2,49.66,3535.79
1508035,2,202406,60.2,50.78,3056.96
1508035,2,202407,53.6,57.99,3108.26
1508035,2,202408,38.5,53.28,2051.28
1508035,2,202409,37.5,54.82,2055.75
1508035,2,202410,57.3,50.66,2902.82
1508035,2,202411,59.2,50.44,2986.05
1508035,2,202412,85.5,46.42,3968.91
1508035,3,202201,10.0,91.66,916.6
1508035,3,202202,10.8,98.49,1063.69
1508035,3,202203,12.2,90.75,1107.15
1508035,3,202204,11.7,94.99,1111.38
1508035,3,202205,11.0,92.11,1013.21
1508035,3,202206,11.8,86.01,1014.92
1508035,3,202207,14.8,88.08,1303.58
1508035,3,202208,15.2,91.38,1388.98
1508035,3,202209,12.7,81.08,1029.72
1508035,3,202210,12.0,91.57,1098.84
1508035,3,202211,15.0,95.02,1425.3
1508035,3,202212,14.3,91.74,1311.88
1508035,3,202301,12.4,102.49,1270.88
1508035,3,202302,13.7,97.96,1342.05
1508035,3,202303,11.0,104.85,1153.35
1508035,3,202304,11.7,84.07,983.62
1508035,3,202305,16.5,100.61,1660.06
1508035,3,202306,16.6,85.88,1425.61
1508035,3,202307,20.0,89.14,1782.8
1508035,3,202308,16.3,84.48,1377.02
1508035,3,202309,13.2,95.63,1262.32
1508035,3,202310,15.2,89.76,1364.35
1508035,3,202311,9.4,91.1,856.34
1508035,3,202312,9.9,101.96,1009.4
1508035,3,202401,11.9,106.06,1262.11
1508035,3,202402,12.3,101.33,1246.36
1508035,3,202403,8.0,97.31,778.48
1508035,3,202404,7.3,94.63,690.8
1508035,3,202405,8.8,103.6,911.68
1508035,3,202406,11.3,96.28,1087.96
1508035,3,202407,13.2,92.95,1226.94
1508035,3,202408,13.2,93.64,1236.05
1508035,3,202409,14.7,83.59,1228.77
1508035,3,202410,14.5,92.77,1345.16
1508035,3,202411,12.7,95.76,1216.15
1508035,3,202412,12.9,105.15,1356.44
1508050,1,202201,685.4,11.01,7546.25
1508050,1,202202,500.3,12.8,6403.84
1508050,1,202203,568.8,15.98,9089.42
1508050,1,202204,445.6,14.27,6358.71
1508050,1,202205,589.9,13.15,7757.18
1508050,1,202206,782.2,13.1,10246.82
1508050,1,202207,664.6,11.32,7523.27
1508050,1,202208,848.7,9.91,8410.62
1508050,1,202209,1044.5,10.56,11029.92
1508050,1,202210,1599.4,9.68,15482.19
1508050,1,202211,1048.8,9.67,10141.9
1508050,1,202212,1091.6,10.2,11134.32
1508050,1,202301,794.0,11.87,9424.78
1508050,1,202302,485.8,14.38,6985.8
1508050,1,202303,433.3,14.46,6265.52
1508050,1,202304,426.9,12.5,5336.25
1508050,1,202305,377.4,16.08,6068.59
1508050,1,202306,496.6,13.44,6674.3
1508050,1,202307,726.7,12.26,8909.34
1508050,1,202308,861.8,11.39,9815.9
1508050,1,202309,850.4,10.09,8580.54
1508050,1,202310,880.3,9.88,8697.36
1508050,1,202311,857.0,9.65,8270.05
1508050,1,202312,795.6,10.14,8067.38
1508050,1,202401,817.3,12.66,10347.02
1508050,1,202402,664.2,14.82,9843.44
1508050,1,202403,424.7,14.29,6068.96
1508050,1,202404,389.9,14.57,5680.84
1508050,1,202405,455.9,15.69,7153.07
1508050,1,202406,658.7,13.49,8885.86
1508050,1,202407,936.5,12.23,11453.4
1508050,1,202408,1353.9,10.97,14852.28
1508050,1,202409,1287.9,10.18,13110.82
1508050,1,202410,1361.6,9.12,12417.79
1508050,1,202411,877.6,9.94,8723.34
1508050,1,202412,857.9,11.31,9702.85
1508050,2,202201,75.1,35.35,2654.78
1508050,2,202202,45.5,38.22,1739.01
1508050,2,202203,50.4,37.42,1885.97
1508050,2,202204,71.6,42.94,3074.5
1508050,2,202205,58.7,42.98,2522.93
1508050,2,202206,37.3,45.83,1709.46
1508050,2,202207,42.9,46.98,2015.44
1508050,2,202208,48.3,50.13,2421.28
1508050,2,202209,43.8,49.27,2158.03
1508050,2,202210,48.5,48.53,2353.7
1508050,2,202211,49.6,43.65,2165.04
1508050,2,202212,67.9,44.68,3033.77
1508050,2,202301,76.0,40.38,3068.88
1508050,2,202302,64.3,36.71,2360.45
1508050,2,202303,68.0,37.41,2543.88
1508050,2,202304,57.6,43.1,2482.56
1508050,2,202305,72.3,43.12,3117.58
1508050,2,202306,71.2,50.24,3577.09
1508050,2,202307,58.0,53.61,3109.38
1508050,2,202308,54.4,54.63,2971.87
1508050,2,202309,65.4,49.08,3209.83
1508050,2,202310,63.5,51.07,3242.94
1508050,2,202311,79.2,46.11,3651.91
1508050,2,202312,108.4,40.71,4412.96
1508050,2,202401,94.4,40.56,3828.86
1508050,2,202402,124.5,40.89,5090.8
1508050,2,202403,132.3,39.53,5229.82
1508050,2,202404,104.9,44.12,4628.19
1508050,2,202405,75.3,50.51,3803.4
1508050,2,202406,66.4,53.0,3519.2
1508050,2,202407,55.7,53.31,2969.37
1508050,2,202408,46.4,54.67,2536.69
1508050,2,202409,55.8,51.68,2883.74
1508050,2,202410,50.7,49.24,2496.47
1508050,2,202411,58.2,43.51,2532.28
1508050,2,202412,66.7,44.01,2935.47
1508050,3,202201,5.0,103.38,516.9
1508050,3,202202,6.4,95.78,612.99
1508050,3,202203,4.0,101.85,407.4
1508050,3,202204,4.3,92.79,399.0
1508050,3,202205,5.0,87.79,438.95
1508050,3,202206,6.0,97.13,582.78
1508050,3,202207,3.9,83.75,326.62
1508050,3,202208,4.7,83.55,392.68
1508050,3,202209,4.6,87.31,401.63
1508050,3,202210,4.4,86.04,378.58
1508050,3,202211,6.4,93.57,598.85
1508050,3,202212,5.2,94.79,492.91
1508050,3,202301,5.2,100.88,524.58
1508050,3,202302,4.7,96.2,452.14
1508050,3,202303,4.8,90.61,434.93
1508050,3,202304,5.4,92.48,499.39
1508050,3,202305,6.2,90.18,559.12
1508050,3,202306,5.2,92.13,479.08
1508050,3,202307,5.5,85.19,468.54
1508050,3,202308,5.7,81.77,466.09
1508050,3,202309,4.1,83.79,343.54
1508050,3,202310,3.7,92.57,342.51
1508050,3,202311,4.8,96.87,464.98
1508050,3,202312,4.3,94.0,404.2
1508050,3,202401,6.9,100.23,691.59
1508050,3,202402,6.9,106.24,733.06
1508050,3,202403,6.5,103.1,670.15
1508050,3,202404,7.7,106.23,817.97
1508050,3,202405,7.8,96.44,752.23
1508050,3,202406,7.2,90.44,651.17
1508050,3,202407,5.2,97.29,505.91
1508050,3,202408,6.1,89.96,548.76
1508050,3,202409,7.6,88.59,673.28
1508050,3,202410,5.9,98.59,581.68
1508050,3,202411,3.9,104.5,407.55
1508050,3,202412,3.5,101.04,353.64
1508084,1,202201,1027.0,11.23,11533.21
1508084,1,202202,1109.0,13.03,14450.27
1508084,1,202203,1071.8,15.41,16516.44
1508084,1,202204,973.2,13.55,13186.86
1508084,1,202205,819.0,13.98,11449.62
1508084,1,202206,750.5,14.75,11069.88
1508084,1,202207,883.2,12.25,10819.2
1508084,1,202208,1158.7,10.54,12212.7
1508084,1,202209,1458.7,9.74,14207.74
1508084,1,202210,1570.8,9.69,15221.05
1508084,1,202211,1334.7,10.69,14267.94
1508084,1,202212,1291.9,10.46,13513.27
1508084,1,202301,1252.8,12.02,15058.66
1508084,1,202302,1072.6,12.87,13804.36
1508084,1,202303,811.6,14.83,12036.03
1508084,1,202304,613.4,14.08,8636.67
1508084,1,202305,557.5,14.41,8033.58
1508084,1,202306,601.6,13.18,7929.09
1508084,1,202307,823.8,13.17,10849.45
1508084,1,202308,1120.4,10.89,12201.16
1508084,1,202309,975.1,10.41,10150.79
1508084,1,202310,1027.4,9.1,9349.34
1508084,1,202311,1127.0,10.28,11585.56
1508084,1,202312,879.0,10.52,9247.08
1508084,1,202401,874.1,12.69,11092.33
1508084,1,202402,712.1,15.99,11386.48
1508084,1,202403,571.8,16.05,9177.39
1508084,1,202404,595.0,15.58,9270.1
1508084,1,202405,699.4,17.97,12568.22
1508084,1,202406,682.3,13.68,9333.86
1508084,1,202407,828.4,13.74,11382.22
1508084,1,202408,1136.1,10.74,12201.71
1508084,1,202409,1128.2,10.47,11812.25
1508084,1,202410,929.5,9.57,8895.32
1508084,1,202411,785.9,10.74,8440.57
1508084,1,202412,787.8,11.63,9162.11
1508084,2,202201,128.1,35.29,4520.65
1508084,2,202202,114.1,36.59,4174.92
1508084,2,202203,119.8,40.78,4885.44
1508084,2,202204,144.8,41.98,6078.7
1508084,2,202205,139.8,42.53,5945.69
1508084,2,202206,110.4,46.65,5150.16
1508084,2,202207,137.2,47.79,6556.79
1508084,2,202208,179.9,48.64,8750.34
1508084,2,202209,126.2,54.95,6934.69
1508084,2,202210,114.5,48.03,5499.44
1508084,2,202211,137.4,49.16,6754.58
1508084,2,202212,120.9,39.81,4813.03
1508084,2,202301,192.9,39.31,7582.9
1508084,2,202302,193.0,37.9,7314.7
1508084,2,202303,192.5,40.08,7715.4
1508084,2,202304,151.1,41.3,6240.43
1508084,2,202305,117.5,46.31,5441.42
1508084,2,202306,77.6,48.72,3780.67
1508084,2,202307,111.3,47.16,5248.91
1508084,2,202308,128.2,52.58,6740.76
1508084,2,202309,140.6,49.55,6966.73
1508084,2,202310,150.8,45.58,6873.46
1508084,2,202311,104.8,45.64,4783.07
1508084,2,202312,117.3,42.7,5008.71
1508084,2,202401,140.0,38.85,5439.0
1508084,2,202402,131.4,38.21,5020.79
1508084,2,202403,107.6,37.14,3996.26
1508084,2,202404,101.2,38.67,3913.4
1508084,2,202405,109.7,45.2,4958.44
1508084,2,202406,109.6,51.17,5608.23
1508084,2,202407,126.0,50.23,6328.98
1508084,2,202408,172.6,56.5,9751.9
1508084,2,202409,172.0,51.16,8799.52
1508084,2,202410,158.1,48.69,7697.89
1508084,2,202411,230.4,45.09,10388.74
1508084,2,202412,165.5,44.45,7356.48
1508084,3,202201,13.5,95.25,1285.88
1508084,3,202202,12.8,93.23,1193.34
1508084,3,202203,12.4,96.45,1195.98
1508084,3,202204,11.2,84.11,942.03
1508084,3,202205,14.2,88.25,1253.15
1508084,3,202206,11.2,89.7,1004.64
1508084,3,202207,9.7,88.38,857.29
1508084,3,202208,15.3,84.47,1292.39
1508084,3,202209,12.1,76.59,926.74
1508084,3,202210,14.1,90.14,1270.97
1508084,3,202211,16.3,97.42,1587.95
1508084,3,202212,14.2,88.89,1262.24
1508084,3,202301,10.6,96.39,1021.73
1508084,3,202302,11.9,103.3,1229.27
1508084,3,202303,14.9,102.65,1529.48
1508084,3,202304,14.5,101.84,1476.68
1508084,3,202305,12.1,98.47,1191.49
1508084,3,202306,13.5,84.1,1135.35
1508084,3,202307,10.6,86.63,918.28
1508084,3,202308,9.9,90.78,898.72
1508084,3,202309,10.6,88.35,936.51
1508084,3,202310,11.3,92.47,1044.91
1508084,3,202311,9.2,92.99,855.51
1508084,3,202312,10.3,94.33,971.6
1508084,3,202401,11.5,101.02,1161.73
1508084,3,202402,10.9,97.41,1061.77
1508084,3,202403,7.6,98.62,749.51
1508084,3,202404,9.5,99.78,947.91
1508084,3,202405,15.2,96.96,1473.79
1508084,3,202406,16.2,97.0,1571.4
1508084,3,202407,15.6,90.84,1417.1
1508084,3,202408,14.1,99.35,1400.83
1508084,3,202409,15.5,97.99,1518.84
1508084,3,202410,14.9,91.95,1370.06
1508084,3,202411,15.6,98.17,1531.45
1508084,3,202412,11.3,106.38,1202.09
1508100,1,202201,2406.5,10.35,24907.28
1508100,1,202202,1693.2,12.76,21605.23
1508100,1,202203,1576.4,13.65,21517.86
1508100,1,202204,1703.7,14.12,24056.24
1508100,1,202205,1273.0,13.34,16981.82
1508100,1,202206,1350.5,12.68,17124.34
1508100,1,202207,1786.2,12.4,22148.88
1508100,1,202208,2517.6,9.8,24672.48
1508100,1,202209,3656.0,8.63,31551.28
1508100,1,202210,3310.9,8.13,26917.62
1508100,1,202211,2847.1,9.93,28271.7
1508100,1,202212,2132.5,10.87,23180.28
1508100,1,202301,1991.3,11.1,22103.43
1508100,1,202302,1608.9,12.38,19918.18
1508100,1,202303,1391.4,13.51,18797.81
1508100,1,202304,1359.7,14.95,20327.52
1508100,1,202305,1626.3,12.88,20946.74
1508100,1,202306,1639.8,11.64,19087.27
1508100,1,202307,1753.9,12.95,22713.0
1508100,1,202308,2436.5,10.56,25729.44
1508100,1,202309,1632.7,9.73,15886.17
1508100,1,202310,1930.3,9.09,17546.43
1508100,1,202311,1797.2,9.73,17486.76
1508100,1,202312,2384.3,9.64,22984.65
1508100,1,202401,1858.7,11.67,21691.03
1508100,1,202402,1486.3,13.52,20094.78
1508100,1,202403,1395.0,12.84,17911.8
1508100,1,202404,1256.2,14.51,18227.46
1508100,1,202405,1318.6,14.13,18631.82
1508100,1,202406,1644.2,13.25,21785.65
1508100,1,202407,1888.9,11.84,22364.58
1508100,1,202408,2202.6,10.37,22840.96
1508100,1,202409,2230.0,9.09,20270.7
1508100,1,202410,2128.2,9.69,20622.26
1508100,1,202411,2392.9,9.81,23474.35
1508100,1,202412,2432.2,10.17,24735.47
1508100,2,202201,203.4,35.55,7230.87
1508100,2,202202,193.2,36.6,7071.12
1508100,2,202203,177.4,41.8,7415.32
1508100,2,202204,175.0,39.9,6982.5
1508100,2,202205,157.8,40.7,6422.46
1508100,2,202206,174.3,49.33,8598.22
1508100,2,202207,150.6,50.62,7623.37
1508100,2,202208,156.3,52.67,8232.32
1508100,2,202209,157.6,48.91,7708.22
1508100,2,202210,212.7,44.91,9552.36
1508100,2,202211,201.3,43.53,8762.59
1508100,2,202212,205.1,41.78,8569.08
1508100,2,202301,258.5,39.46,10200.41
1508100,2,202302,238.6,39.44,9410.38
1508100,2,202303,249.9,38.55,9633.64
1508100,2,202304,333.8,43.0,14353.4
1508100,2,202305,204.1,45.51,9288.59
1508100,2,202306,227.5,47.23,10744.82
1508100,2,202307,166.2,51.79,8607.5
1508100,2,202308,195.8,51.34,10052.37
1508100,2,202309,203.0,53.04,10767.12
1508100,2,202310,219.8,51.11,11233.98
1508100,2,202311,216.4,46.67,10099.39
1508100,2,202312,221.7,38.79,8599.74
1508100,2,202401,210.5,39.19,8249.49
1508100,2,202402,228.0,38.92,8873.76
1508100,2,202403,219.5,39.52,8674.64
1508100,2,202404,214.0,42.55,9105.7
1508100,2,202405,147.6,49.5,7306.2
1508100,2,202406,145.6,52.61,7660.02
1508100,2,202407,177.9,52.28,9300.61
1508100,2,202408,193.8,55.99,10850.86
1508100,2,202409,182.7,54.29,9918.78
1508100,2,202410,299.7,50.73,15203.78
1508100,2,202411,246.2,50.06,12324.77
1508100,2,202412,251.7,42.3,10646.91
1508100,3,202201,19.6,79.67,1561.53
1508100,3,202202,25.9,90.9,2354.31
1508100,3,202203,28.1,97.94,2752.11
1508100,3,202204,32.6,88.24,2876.62
1508100,3,202205,32.0,92.34,2954.88
1508100,3,202206,29.2,91.25,2664.5
1508100,3,202207,22.9,84.84,1942.84
1508100,3,202208,25.7,77.46,1990.72
1508100,3,202209,32.8,82.24,2697.47
1508100,3,202210,37.1,90.34,3351.61
1508100,3,202211,37.7,95.84,3613.17
1508100,3,202212,35.5,83.54,2965.67
1508100,3,202301,44.0,98.86,4349.84
1508100,3,202302,25.7,92.2,2369.54
1508100,3,202303,26.3,98.91,2601.33
1508100,3,202304,22.2,95.65,2123.43
1508100,3,202305,32.4,105.32,3412.37
1508100,3,202306,28.4,88.38,2509.99
1508100,3,202307,35.1,93.51,3282.2
1508100,3,202308,30.4,92.54,2813.22
1508100,3,202309,32.0,87.88,2812.16
1508100,3,202310,29.2,91.33,2666.84
1508100,3,202311,27.4,93.6,2564.64
1508100,3,202312,27.6,92.89,2563.76
1508100,3,202401,30.6,98.09,3001.55
1508100,3,202402,27.3,100.94,2755.66
1508100,3,202403,31.3,96.59,3023.27
1508100,3,202404,35.9,97.64,3505.28
1508100,3,202405,31.0,96.25,2983.75
1508100,3,202406,43.8,95.05,4163.19
1508100,3,202407,44.2,94.22,4164.52
1508100,3,202408,35.8,90.48,3239.18
1508100,3,202409,37.3,88.67,3307.39
1508100,3,202410,40.2,96.31,3871.66
1508100,3,202411,37.7,101.12,3812.22
1508100,3,202412,33.3,97.71,3253.74
1508126,1,202201,739.6,12.83,9489.07
1508126,1,202202,586.1,13.09,7672.05
1508126,1,202203,367.7,13.91,5114.71
1508126,1,202204,478.3,14.43,6901.87
1508126,1,202205,428.4,13.51,5787.68
1508126,1,202206,560.4,13.14,7363.66
1508126,1,202207,622.0,11.35,7059.7
1508126,1,202208,767.1,11.3,8668.23
1508126,1,202209,1176.8,10.09,11873.91
1508126,1,202210,1322.6,10.18,13464.07
1508126,1,202211,1468.2,9.05,13287.21
1508126,1,202212,1226.8,11.81,14488.51
1508126,1,202301,1012.1,11.54,11679.63
1508126,1,202302,569.1,12.99,7392.61
1508126,1,202303,513.2,14.3,7338.76
1508126,1,202304,506.2,16.12,8159.94
1508126,1,202305,703.6,14.92,10497.71
1508126,1,202306,695.0,13.62,9465.9
1508126,1,202307,875.9,12.0,10510.8
1508126,1,202308,1073.4,10.43,11195.56
1508126,1,202309,1470.2,10.81,15892.86
1508126,1,202310,1368.0,10.26,14035.68
1508126,1,202311,1447.5,10.92,15806.7
1508126,1,202312,860.3,11.39,9798.82
1508126,1,202401,581.2,11.36,6602.43
1508126,1,202402,380.3,13.46,5118.84
1508126,1,202403,501.4,15.68,7861.95
1508126,1,202404,598.7,15.39,9213.99
1508126,1,202405,748.4,14.89,11143.68
1508126,1,202406,713.5,13.55,9667.93
1508126,1,202407,782.0,13.59,10627.38
1508126,1,202408,961.2,11.87,11409.44
1508126,1,202409,1477.9,10.87,16064.77
1508126,1,202410,1945.4,9.92,19298.37
1508126,1,202411,1813.1,10.7,19400.17
1508126,1,202412,1449.4,10.85,15725.99
1508126,2,202201,91.4,41.32,3776.65
1508126,2,202202,85.5,36.0,3078.0
1508126,2,202203,73.1,40.46,2957.63
1508126,2,202204,66.4,43.83,2910.31
1508126,2,202205,70.9,47.14,3342.23
1508126,2,202206,65.6,45.59,2990.7
1508126,2,202207,62.0,50.33,3120.46
1508126,2,202208,61.1,52.54,3210.19
1508126,2,202209,92.9,51.98,4828.94
1508126,2,202210,76.1,48.66,3703.03
1508126,2,202211,71.1,48.33,3436.26
1508126,2,202212,77.3,39.01,3015.47
1508126,2,202301,95.1,40.23,3825.87
1508126,2,202302,117.3,36.56,4288.49
1508126,2,202303,128.8,42.01,5410.89
1508126,2,202304,134.7,44.51,5995.5
1508126,2,202305,106.9,55.33,5914.78
1508126,2,202306,84.2,52.96,4459.23
1508126,2,202307,103.5,53.76,5564.16
1508126,2,202308,54.2,54.51,2954.44
1508126,2,202309,64.8,52.05,3372.84
1508126,2,202310,82.9,50.64,4198.06
1508126,2,202311,133.9,47.45,6353.56
1508126,2,202312,99.5,39.24,3904.38
1508126,2,202401,106.1,42.71,4531.53
1508126,2,202402,91.2,41.52,3786.62
1508126,2,202403,73.1,46.16,3374.3
1508126,2,202404,79.5,44.66,3550.47
1508126,2,202405,94.2,46.77,4405.73
1508126,2,202406,106.2,52.95,5623.29
1508126,2,202407,82.2,55.12,4530.86
1508126,2,202408,89.6,55.53,4975.49
1508126,2,202409,85.3,51.51,4393.8
1508126,2,202410,102.1,51.84,5292.86
1508126,2,202411,136.0,47.21,6420.56
1508126,2,202412,133.4,44.47,5932.3
1508126,3,202201,9.2,102.37,941.8
1508126,3,202202,9.1,101.14,920.37
1508126,3,202203,11.7,86.1,1007.37
1508126,3,202204,13.0,97.75,1270.75
1508126,3,202205,12.6,90.54,1140.8
1508126,3,202206,17.7,83.6,1479.72
1508126,3,202207,15.5,85.71,1328.5
1508126,3,202208,18.5,86.37,1597.84
1508126,3,202209,19.4,82.0,1590.8
1508126,3,202210,19.2,86.78,1666.18
1508126,3,202211,16.0,88.52,1416.32
1508126,3,202212,13.6,96.46,1311.86
1508126,3,202301,12.0,96.99,1163.88
1508126,3,202302,13.1,91.13,1193.8
1508126,3,202303,10.5,96.28,1010.94
1508126,3,202304,10.5,91.95,965.48
1508126,3,202305,15.2,87.74,1333.65
1508126,3,202306,16.1,96.31,1550.59
1508126,3,202307,17.9,92.37,1653.42
1508126,3,202308,12.7,83.83,1064.64
1508126,3,202309,11.8,83.28,982.7
1508126,3,202310,12.5,90.33,1129.12
1508126,3,202311,11.9,87.61,1042.56
1508126,3,202312,9.1,95.25,866.78
1508126,3,202401,11.0,102.61,1128.71
1508126,3,202402,13.3,104.61,1391.31
1508126,3,202403,11.8,104.0,1227.2
1508126,3,202404,13.9,96.28,1338.29
1508126,3,202405,19.6,97.54,1911.78
1508126,3,202406,22.5,100.52,2261.7
1508126,3,202407,18.0,82.98,1493.64
1508126,3,202408,13.3,92.87,1235.17
1508126,3,202409,13.9,86.88,1207.63
1508126,3,202410,20.3,101.14,2053.14
1508126,3,202411,20.7,101.25,2095.88
1508126,3,202412,16.1,104.12,1676.33
1508159,1,202201,629.2,10.94,6883.45
1508159,1,202202,479.8,13.38,6419.72
1508159,1,202203,499.4,12.8,6392.32
1508159,1,202204,858.1,14.34,12305.15
1508159,1,202205,604.6,14.05,8494.63
1508159,1,202206,599.6,12.36,7411.06
1508159,1,202207,857.5,10.79,9252.42
1508159,1,202208,1510.0,9.3,14043.0
1508159,1,202209,1639.3,9.1,14917.63
1508159,1,202210,1831.7,9.3,17034.81
1508159,1,202211,1508.8,8.89,13413.23
1508159,1,202212,1180.0,10.32,12177.6
1508159,1,202301,1065.2,10.96,11674.59
1508159,1,202302,801.8,12.89,10335.2
1508159,1,202303,848.9,13.17,11180.01
1508159,1,202304,596.0,14.22,8475.12
1508159,1,202305,815.8,13.6,11094.88
1508159,1,202306,935.4,12.29,11496.07
1508159,1,202307,1071.9,11.42,12241.1
1508159,1,202308,966.3,10.08,9740.3
1508159,1,202309,1048.7,9.04,9480.25
1508159,1,202310,1585.0,9.84,15596.4
1508159,1,202311,1464.7,9.48,13885.36
1508159,1,202312,1382.2,9.46,13075.61
1508159,1,202401,985.0,11.88,11701.8
1508159,1,202402,874.4,14.17,12390.25
1508159,1,202403,625.7,13.94,8722.26
1508159,1,202404,688.7,15.98,11005.43
1508159,1,202405,826.9,13.87,11469.1
1508159,1,202406,1012.4,13.88,14052.11
1508159,1,202407,1013.3,12.9,13071.57
1508159,1,202408,1205.0,11.21,13508.05
1508159,1,202409,1605.6,9.36,15028.42
1508159,1,202410,1620.3,9.23,14955.37
1508159,1,202411,1493.5,10.63,15875.9
1508159,1,202412,1912.1,10.53,20134.41
1508159,2,202201,131.9,39.58,5220.6
1508159,2,202202,138.2,38.34,5298.59
1508159,2,202203,154.7,37.54,5807.44
1508159,2,202204,133.5,39.78,5310.63
1508159,2,202205,191.5,45.42,8697.93
1508159,2,202206,148.2,51.81,7678.24
1508159,2,202207,95.7,51.25,4904.62
1508159,2,202208,81.0,53.17,4306.77
1508159,2,202209,76.1,48.2,3668.02
1508159,2,202210,80.5,46.82,3769.01
1508159,2,202211,114.2,45.84,5234.93
1508159,2,202212,110.4,38.43,4242.67
1508159,2,202301,159.1,37.9,6029.89
1508159,2,202302,220.9,37.56,8297.0
1508159,2,202303,189.3,37.44,7087.39
1508159,2,202304,199.4,40.52,8079.69
1508159,2,202305,125.8,43.23,5438.33
1508159,2,202306,115.1,44.92,5170.29
1508159,2,202307,98.0,45.92,4500.16
1508159,2,202308,112.7,49.35,5561.74
1508159,2,202309,101.9,51.99,5297.78
1508159,2,202310,180.4,48.78,8799.91
1508159,2,202311,140.1,42.37,5936.04
1508159,2,202312,208.8,39.15,8174.52
1508159,2,202401,260.4,37.98,9889.99
1508159,2,202402,261.7,37.1,9709.07
1508159,2,202403,237.9,39.38,9368.5
1508159,2,202404,289.9,43.51,12613.55
1508159,2,202405,340.4,49.96,17006.38
1508159,2,202406,220.6,46.01,10149.81
1508159,2,202407,178.9,52.08,9317.11
1508159,2,202408,142.1,52.72,7491.51
1508159,2,202409,117.0,49.59,5802.03
1508159,2,202410,150.3,45.57,6849.17
1508159,2,202411,180.6,45.24,8170.34
1508159,2,202412,152.0,45.89,6975.28
1508159,3,202201,12.0,90.87,1090.44
1508159,3,202202,12.5,94.79,1184.88
1508159,3,202203,8.0,97.63,781.04
1508159,3,202204,9.9,86.43,855.66
1508159,3,202205,12.6,92.07,1160.08
1508159,3,202206,10.4,89.08,926.43
1508159,3,202207,13.3,80.65,1072.65
1508159,3,202208,14.1,80.11,1129.55
1508159,3,202209,18.0,87.24,1570.32
1508159,3,202210,14.7,96.83,1423.4
1508159,3,202211,14.1,88.68,1250.39
1508159,3,202212,13.9,94.24,1309.94
1508159,3,202301,8.5,93.11,791.44
1508159,3,202302,9.5,97.86,929.67
1508159,3,202303,11.2,93.02,1041.82
1508159,3,202304,8.2,92.76,760.63
1508159,3,202305,12.1,103.12,1247.75
1508159,3,202306,14.0,88.97,1245.58
1508159,3,202307,15.4,79.99,1231.85
1508159,3,202308,18.2,88.56,1611.79
1508159,3,202309,16.1,91.52,1473.47
1508159,3,202310,15.8,91.54,1446.33
1508159,3,202311,17.6,90.43,1591.57
1508159,3,202312,16.0,89.76,1436.16
1508159,3,202401,10.7,95.31,1019.82
1508159,3,202402,11.9,99.48,1183.81
1508159,3,202403,13.0,97.85,1272.05
1508159,3,202404,16.4,94.9,1556.36
1508159,3,202405,15.6,100.68,1570.61
1508159,3,202406,13.8,96.23,1327.97
1508159,3,202407,12.9,95.69,1234.4
1508159,3,202408,19.0,85.61,1626.59
1508159,3,202409,19.1,85.78,1638.4
1508159,3,202410,22.8,92.26,2103.53
1508159,3,202411,25.3,96.73,2447.27
1508159,3,202412,17.5,97.93,1713.78
1508209,1,202201,1360.8,11.6,15785.28
1508209,1,202202,1213.7,11.97,14527.99
1508209,1,202203,842.5,13.86,11677.05
1508209,1,202204,803.5,13.35,10726.72
1508209,1,202205,803.7,13.86,11139.28
1508209,1,202206,1084.8,11.41,12377.57
1508209,1,202207,1401.1,11.51,16126.66
1508209,1,202208,1875.8,9.93,18626.69
1508209,1,202209,1929.5,9.81,18928.4
1508209,1,202210,1762.5,8.93,15739.12
1508209,1,202211,1895.4,9.86,18688.64
1508209,1,202212,1442.6,10.39,14988.61
1508209,1,202301,1627.8,11.7,19045.26
1508209,1,202302,1317.4,13.53,17824.42
1508209,1,202303,1093.3,14.47,15820.05
1508209,1,202304,1162.9,14.58,16955.08
1508209,1,202305,1182.5,12.4,14663.0
1508209,1,202306,994.6,12.38,12313.15
1508209,1,202307,1103.0,12.61,13908.83
1508209,1,202308,1846.3,9.89,18259.91
1508209,1,202309,2163.5,10.06,21764.81
1508209,1,202310,1683.4,9.63,16211.14
1508209,1,202311,1940.5,9.29,18027.24
1508209,1,202312,1625.6,9.53,15491.97
1508209,1,202401,1262.7,11.85,14963.0
1508209,1,202402,961.3,14.95,14371.44
1508209,1,202403,1175.4,13.8,16220.52
1508209,1,202404,802.6,14.18,11380.87
1508209,1,202405,844.4,13.71,11576.72
1508209,1,202406,1144.9,14.32,16394.97
1508209,1,202407,1974.6,12.05,23793.93
1508209,1,202408,2446.3,10.58,25881.85
1508209,1,202409,2216.5,10.71,23738.72
1508209,1,202410,3114.3,9.92,30893.86
1508209,1,202411,2111.7,9.53,20124.5
1508209,1,202412,2029.4,10.27,20841.94
1508209,2,202201,128.3,35.91,4607.25
1508209,2,202202,137.0,37.28,5107.36
1508209,2,202203,113.4,36.5,4139.1
1508209,2,202204,116.3,43.67,5078.82
1508209,2,202205,124.3,44.78,5566.15
1508209,2,202206,96.2,50.7,4877.34
1508209,2,202207,51.2,54.71,2801.15
1508209,2,202208,67.9,49.56,3365.12
1508209,2,202209,73.8,49.97,3687.79
1508209,2,202210,79.8,51.71,4126.46
1508209,2,202211,89.8,45.43,4079.61
1508209,2,202212,124.9,42.72,5335.73
1508209,2,202301,134.2,42.88,5754.5
1508209,2,202302,174.7,41.6,7267.52
1508209,2,202303,195.1,41.56,8108.36
1508209,2,202304,156.0,46.42,7241.52
1508209,2,202305,121.7,46.64,5676.09
1508209,2,202306,112.4,51.63,5803.21
1508209,2,202307,100.4,52.41,5261.96
1508209,2,202308,72.0,56.64,4078.08
1508209,2,202309,120.5,51.06,6152.73
1508209,2,202310,142.2,46.25,6576.75
1508209,2,202311,136.6,48.36,6605.98
1508209,2,202312,108.1,41.14,4447.23
1508209,2,202401,130.7,39.99,5226.69
1508209,2,202402,133.5,44.01,5875.34
1508209,2,202403,141.1,44.38,6262.02
1508209,2,202404,93.2,44.19,4118.51
1508209,2,202405,92.0,41.74,3840.08
1508209,2,202406,87.9,53.66,4716.71
1508209,2,202407,87.7,56.76,4977.85
1508209,2,202408,88.9,57.35,5098.42
1508209,2,202409,99.8,56.22,5610.76
1508209,2,202410,149.9,51.77,7760.32
1508209,2,202411,142.5,47.61,6784.42
1508209,2,202412,135.5,42.54,5764.17
1508209,3,202201,22.1,90.59,2002.04
1508209,3,202202,18.8,91.69,1723.77
1508209,3,202203,21.0,101.02,2121.42
1508209,3,202204,21.9,91.42,2002.1
1508209,3,202205,21.5,92.81,1995.42
1508209,3,202206,24.5,87.26,2137.87
1508209,3,202207,20.3,78.16,1586.65
1508209,3,202208,17.3,87.82,1519.29
1508209,3,202209,19.9,90.03,1791.6
1508209,3,202210,14.5,95.72,1387.94
1508209,3,202211,17.2,81.84,1407.65
1508209,3,202212,13.9,79.16,1100.32
1508209,3,202301,19.7,101.66,2002.7
1508209,3,202302,17.3,96.29,1665.82
1508209,3,202303,22.9,91.67,2099.24
1508209,3,202304,20.7,96.93,2006.45
1508209,3,202305,19.9,91.52,1821.25
1508209,3,202306,24.3,85.18,2069.87
1508209,3,202307,24.9,88.37,2200.41
1508209,3,202308,23.5,90.51,2126.98
1508209,3,202309,21.0,89.52,1879.92
1508209,3,202310,19.1,91.62,1749.94
1508209,3,202311,28.9,95.7,2765.73
1508209,3,202312,17.6,88.59,1559.18
1508209,3,202401,14.1,101.99,1438.06
1508209,3,202402,19.2,104.28,2002.18
1508209,3,202403,23.3,100.34,2337.92
1508209,3,202404,18.8,96.05,1805.74
1508209,3,202405,14.6,93.64,1367.14
1508209,3,202406,22.2,92.91,2062.6
1508209,3,202407,18.9,96.46,1823.09
1508209,3,202408,18.8,98.62,1854.06
1508209,3,202409,20.5,98.45,2018.22
1508209,3,202410,17.0,87.21,1482.57
1508209,3,202411,21.2,92.74,1966.09
1508209,3,202412,20.2,103.46,2089.89
1508308,1,202201,1909.4,11.84,22607.3
1508308,1,202202,1216.4,12.07,14681.95
1508308,1,202203,870.9,12.98,11304.28
1508308,1,202204,829.5,13.56,11248.02
1508308,1,202205,850.7,12.86,10940.0
1508308,1,202206,826.9,11.6,9592.04
1508308,1,202207,1065.0,11.15,11874.75
1508308,1,202208,1375.8,9.77,13441.57
1508308,1,202209,1785.3,9.81,17513.79
1508308,1,202210,2991.0,8.99,26889.09
1508308,1,202211,2662.1,8.69,23133.65
1508308,1,202212,2290.5,10.15,23248.58
1508308,1,202301,2117.4,11.61,24583.01
1508308,1,202302,1662.9,13.49,22432.52
1508308,1,202303,1579.2,13.16,20782.27
1508308,1,202304,1546.5,13.97,21604.6
1508308,1,202305,1602.8,13.45,21557.66
1508308,1,202306,2917.4,12.67,36963.46
1508308,1,202307,3306.6,10.94,36174.2
1508308,1,202308,2675.2,10.53,28169.86
1508308,1,202309,3136.1,9.55,29949.76
1508308,1,202310,2720.8,9.63,26201.3
1508308,1,202311,2901.3,9.35,27127.16
1508308,1,202312,1969.0,10.02,19729.38
1508308,1,202401,1493.2,12.33,18411.16
1508308,1,202402,1530.1,12.59,19263.96
1508308,1,202403,1709.6,14.79,25284.98
1508308,1,202404,1725.1,15.14,26118.01
1508308,1,202405,1995.1,14.92,29766.89
1508308,1,202406,2210.3,13.35,29507.5
1508308,1,202407,2504.6,11.57,28978.22
1508308,1,202408,2568.0,10.67,27400.56
1508308,1,202409,3386.7,9.88,33460.6
1508308,1,202410,4038.0,9.11,36786.18
1508308,1,202411,3428.4,10.37,35552.51
1508308,1,202412,2789.6,10.92,30462.43
1508308,2,202201,145.9,39.68,5789.31
1508308,2,202202,157.3,37.66,5923.92
1508308,2,202203,169.5,38.99,6608.8
1508308,2,202204,111.3,44.11,4909.44
1508308,2,202205,77.2,46.15,3562.78
1508308,2,202206,74.3,47.01,3492.84
1508308,2,202207,63.8,50.47,3219.99
1508308,2,202208,74.0,56.06,4148.44
1508308,2,202209,65.3,50.07,3269.57
1508308,2,202210,102.1,48.47,4948.79
1508308,2,202211,100.0,46.52,4652.0
1508308,2,202212,160.6,42.08,6758.05
1508308,2,202301,179.3,39.97,7166.62
1508308,2,202302,141.3,38.33,5416.03
1508308,2,202303,205.1,40.7,8347.57
1508308,2,202304,172.0,44.74,7695.28
1508308,2,202305,142.0,50.0,7100.0
1508308,2,202306,115.7,46.76,5410.13
1508308,2,202307,110.9,57.75,6404.48
1508308,2,202308,111.9,53.05,5936.3
1508308,2,202309,92.5,55.38,5122.65
1508308,2,202310,99.8,48.49,4839.3
1508308,2,202311,119.2,43.18,5147.06
1508308,2,202312,151.8,40.54,6153.97
1508308,2,202401,179.2,41.59,7452.93
1508308,2,202402,179.5,42.41,7612.59
1508308,2,202403,150.0,42.35,6352.5
1508308,2,202404,124.5,44.4,5527.8
1508308,2,202405,93.5,51.39,4804.96
1508308,2,202406,103.4,52.25,5402.65
1508308,2,202407,87.0,55.69,4845.03
1508308,2,202408,86.7,65.3,5661.51
1508308,2,202409,98.8,54.89,5423.13
1508308,2,202410,110.2,50.46,5560.69
1508308,2,202411,126.2,49.78,6282.24
1508308,2,202412,122.6,46.64,5718.06
1508308,3,202201,19.1,90.32,1725.11
1508308,3,202202,21.0,104.13,2186.73
1508308,3,202203,17.9,95.17,1703.54
1508308,3,202204,21.7,87.67,1902.44
1508308,3,202205,21.2,92.36,1958.03
1508308,3,202206,24.8,88.81,2202.49
1508308,3,202207,21.4,83.93,1796.1
1508308,3,202208,18.0,80.89,1456.02
1508308,3,202209,37.3,88.52,3301.8
1508308,3,202210,32.6,91.53,2983.88
1508308,3,202211,42.4,91.46,3877.9
1508308,3,202212,43.6,93.03,4056.11
1508308,3,202301,25.1,94.69,2376.72
1508308,3,202302,26.0,101.63,2642.38
1508308,3,202303,20.2,95.39,1926.88
1508308,3,202304,21.4,90.47,1936.06
1508308,3,202305,17.2,99.02,1703.14
1508308,3,202306,16.2,86.24,1397.09
1508308,3,202307,18.0,80.71,1452.78
1508308,3,202308,20.2,93.94,1897.59
1508308,3,202309,23.5,81.32,1911.02
1508308,3,202310,20.6,89.04,1834.22
1508308,3,202311,23.0,88.61,2038.03
1508308,3,202312,28.8,92.98,2677.82
1508308,3,202401,28.1,114.28,3211.27
1508308,3,202402,26.3,102.51,2696.01
1508308,3,202403,27.9,104.11,2904.67
1508308,3,202404,21.6,104.15,2249.64
1508308,3,202405,29.3,94.11,2757.42
1508308,3,202406,24.4,99.49,2427.56
1508308,3,202407,36.3,93.9,3408.57
1508308,3,202408,39.6,94.88,3757.25
1508308,3,202409,39.4,88.87,3501.48
1508308,3,202410,38.6,96.4,3721.04
1508308,3,202411,33.3,97.16,3235.43
1508308,3,202412,26.0,105.93,2754.18
1508357,1,202201,508.9,11.66,5933.77
1508357,1,202202,381.3,12.0,4575.6
1508357,1,202203,253.2,15.31,3876.49
1508357,1,202204,214.4,13.61,2917.98
1508357,1,202205,318.0,13.62,4331.16
1508357,1,202206,473.8,12.96,6140.45
1508357,1,202207,574.2,11.17,6413.81
1508357,1,202208,732.0,10.21,7473.72
1508357,1,202209,852.2,9.33,7951.03
1508357,1,202210,805.9,8.61,6938.8
1508357,1,202211,695.1,9.54,6631.25
1508357,1,202212,598.8,9.4,5628.72
1508357,1,202301,518.2,12.92,6695.14
1508357,1,202302,338.9,13.61,4612.43
1508357,1,202303,335.2,14.45,4843.64
1508357,1,202304,391.7,13.13,5143.02
1508357,1,202305,344.1,13.45,4628.15
1508357,1,202306,345.7,14.02,4846.71
1508357,1,202307,441.6,14.57,6434.11
1508357,1,202308,448.7,11.25,5047.88
1508357,1,202309,411.8,10.2,4200.36
1508357,1,202310,592.4,9.6,5687.04
1508357,1,202311,513.6,9.28,4766.21
1508357,1,202312,464.9,11.14,5178.99
1508357,1,202401,353.0,11.66,4115.98
1508357,1,202402,394.0,12.81,5047.14
1508357,1,202403,381.6,13.66,5212.66
1508357,1,202404,317.4,15.65,4967.31
1508357,1,202405,259.1,14.52,3762.13
1508357,1,202406,295.0,13.68,4035.6
1508357,1,202407,415.6,12.31,5116.04
1508357,1,202408,512.0,10.42,5335.04
1508357,1,202409,586.3,9.74,5710.56
1508357,1,202410,629.8,9.43,5939.01
1508357,1,202411,674.2,9.39,6330.74
1508357,1,202412,551.1,10.75,5924.32
1508357,2,202201,66.7,38.28,2553.28
1508357,2,202202,89.4,36.71,3281.87
1508357,2,202203,99.0,37.86,3748.14
1508357,2,202204,75.2,39.05,2936.56
1508357,2,202205,54.2,42.41,2298.62
1508357,2,202206,51.5,45.28,2331.92
1508357,2,202207,40.5,47.84,1937.52
1508357,2,202208,47.3,50.34,2381.08
1508357,2,202209,50.5,44.0,2222.0
1508357,2,202210,84.6,46.75,3955.05
1508357,2,202211,99.9,41.05,4100.89
1508357,2,202212,73.4,38.99,2861.87
1508357,2,202301,69.8,35.7,2491.86
1508357,2,202302,51.2,37.04,1896.45
1508357,2,202303,38.8,39.14,1518.63
1508357,2,202304,45.9,41.99,1927.34
1508357,2,202305,37.5,41.81,1567.88
1508357,2,202306,52.7,48.68,2565.44
1508357,2,202307,58.3,53.07,3093.98
1508357,2,202308,49.1,49.78,2444.2
1508357,2,202309,46.3,50.13,2321.02
1508357,2,202310,66.6,43.01,2864.47
1508357,2,202311,92.8,42.42,3936.58
1508357,2,202312,74.1,41.6,3082.56
1508357,2,202401,64.7,41.98,2716.11
1508357,2,202402,66.8,37.94,2534.39
1508357,2,202403,73.8,45.74,3375.61
1508357,2,202404,61.7,43.22,2666.67
1508357,2,202405,61.5,43.16,2654.34
1508357,2,202406,76.6,52.73,4039.12
1508357,2,202407,47.1,48.82,2299.42
1508357,2,202408,42.7,53.77,2295.98
1508357,2,202409,36.0,49.61,1785.96
1508357,2,202410,38.6,46.2,1783.32
1508357,2,202411,47.6,48.26,2297.18
1508357,2,202412,52.6,42.0,2209.2
1508357,3,202201,7.4,97.82,723.87
1508357,3,202202,6.7,90.59,606.95
1508357,3,202203,6.0,93.31,559.86
1508357,3,202204,5.6,88.18,493.81
1508357,3,202205,5.8,96.01,556.86
1508357,3,202206,5.4,80.77,436.16
1508357,3,202207,6.6,86.93,573.74
1508357,3,202208,6.6,86.05,567.93
1508357,3,202209,9.1,86.51,787.24
1508357,3,202210,7.0,77.64,543.48
1508357,3,202211,6.2,81.34,504.31
1508357,3,202212,5.3,93.24,494.17
1508357,3,202301,7.3,94.02,686.35
1508357,3,202302,4.9,96.08,470.79
1508357,3,202303,5.3,96.4,510.92
1508357,3,202304,5.9,91.46,539.61
1508357,3,202305,5.0,88.04,440.2
1508357,3,202306,9.1,90.79,826.19
1508357,3,202307,6.9,80.67,556.62
1508357,3,202308,6.9,85.79,591.95
1508357,3,202309,9.1,85.82,780.96
1508357,3,202310,7.3,90.68,661.96
1508357,3,202311,6.8,105.47,717.2
1508357,3,202312,5.8,91.79,532.38
1508357,3,202401,5.6,104.35,584.36
1508357,3,202402,6.8,104.18,708.42
1508357,3,202403,5.9,105.15,620.39
1508357,3,202404,3.8,99.05,376.39
1508357,3,202405,4.7,104.46,490.96
1508357,3,202406,5.6,97.57,546.39
1508357,3,202407,6.5,95.44,620.36
1508357,3,202408,6.5,85.13,553.34
1508357,3,202409,5.7,92.59,527.76
1508357,3,202410,5.7,91.91,523.89
1508357,3,202411,8.0,93.1,744.8
1508357,3,202412,6.9,97.03,669.51
1508407,1,202201,912.4,11.38,10383.11
1508407,1,202202,831.0,13.59,11293.29
1508407,1,202203,540.9,14.2,7680.78
1508407,1,202204,516.4,13.66,7054.02
1508407,1,202205,798.8,13.21,10552.15
1508407,1,202206,689.4,13.03,8982.88
1508407,1,202207,898.4,11.28,10133.95
1508407,1,202208,1067.8,11.02,11767.16
1508407,1,202209,1450.3,9.62,13951.89
1508407,1,202210,1467.6,9.19,13487.24
1508407,1,202211,1205.1,9.45,11388.19
1508407,1,202212,1061.5,10.88,11549.12
1508407,1,202301,895.6,12.51,11203.96
1508407,1,202302,732.1,13.93,10198.15
1508407,1,202303,509.1,14.88,7575.41
1508407,1,202304,670.2,15.05,10086.51
1508407,1,202305,826.7,14.01,11582.07
1508407,1,202306,709.8,13.3,9440.34
1508407,1,202307,818.3,12.24,10015.99
1508407,1,202308,970.5,12.38,12014.79
1508407,1,202309,932.0,9.54,8891.28
1508407,1,202310,778.1,9.65,7508.67
1508407,1,202311,804.7,10.26,8256.22
1508407,1,202312,787.6,11.0,8663.6
1508407,1,202401,580.7,13.67,7938.17
1508407,1,202402,604.5,14.1,8523.45
1508407,1,202403,723.8,15.14,10958.33
1508407,1,202404,785.7,16.33,12830.48
1508407,1,202405,748.5,16.77,12552.34
1508407,1,202406,591.2,15.36,9080.83
1508407,1,202407,898.2,12.87,11559.83
1508407,1,202408,1119.5,11.57,12952.62
1508407,1,202409,1376.8,10.63,14635.38
1508407,1,202410,1989.2,10.31,20508.65
1508407,1,202411,1402.4,10.16,14248.38
1508407,1,202412,712.6,12.16,8665.22
1508407,2,202201,170.3,39.29,6691.09
1508407,2,202202,143.7,35.45,5094.16
1508407,2,202203,149.7,35.68,5341.3
1508407,2,202204,262.4,40.41,10603.58
1508407,2,202205,237.0,51.75,12264.75
1508407,2,202206,202.0,50.29,10158.58
1508407,2,202207,181.9,54.51,9915.37
1508407,2,202208,144.1,53.35,7687.74
1508407,2,202209,236.2,51.37,12133.59
1508407,2,202210,227.1,50.59,11488.99
1508407,2,202211,234.3,43.58,10210.79
1508407,2,202212,281.2,42.62,11984.74
1508407,2,202301,212.7,43.19,9186.51
1508407,2,202302,189.4,41.2,7803.28
1508407,2,202303,188.0,43.33,8146.04
1508407,2,202304,218.0,43.69,9524.42
1508407,2,202305,147.4,50.93,7507.08
1508407,2,202306,138.6,49.79,6900.89
1508407,2,202307,128.2,58.79,7536.88
1508407,2,202308,98.0,55.39,5428.22
1508407,2,202309,106.7,51.87,5534.53
1508407,2,202310,146.1,47.43,6929.52
1508407,2,202311,131.5,44.95,5910.92
1508407,2,202312,219.0,41.26,9035.94
1508407,2,202401,255.6,42.1,10760.76
1508407,2,202402,268.9,38.76,10422.56
1508407,2,202403,247.7,45.11,11173.75
1508407,2,202404,180.4,45.2,8154.08
1508407,2,202405,150.8,48.77,7354.52
1508407,2,202406,154.8,49.29,7630.09
1508407,2,202407,129.1,52.84,6821.64
1508407,2,202408,137.9,50.02,6897.76
1508407,2,202409,124.6,59.54,7418.68
1508407,2,202410,160.9,48.67,7831.0
1508407,2,202411,204.2,45.45,9280.89
1508407,2,202412,168.3,48.25,8120.48
1508407,3,202201,17.2,90.14,1550.41
1508407,3,202202,19.7,90.39,1780.68
1508407,3,202203,21.7,92.51,2007.47
1508407,3,202204,21.1,94.31,1989.94
1508407,3,202205,20.5,94.79,1943.2
1508407,3,202206,19.2,88.32,1695.74
1508407,3,202207,18.9,96.5,1823.85
1508407,3,202208,16.9,81.79,1382.25
1508407,3,202209,16.5,88.54,1460.91
1508407,3,202210,18.2,82.59,1503.14
1508407,3,202211,23.3,97.55,2272.92
1508407,3,202212,19.5,99.22,1934.79
1508407,3,202301,15.6,102.03,1591.67
1508407,3,202302,18.9,90.97,1719.33
1508407,3,202303,12.7,101.98,1295.15
1508407,3,202304,17.9,92.54,1656.47
1508407,3,202305,14.5,95.75,1388.38
1508407,3,202306,19.0,84.42,1603.98
1508407,3,202307,18.3,89.94,1645.9
1508407,3,202308,20.6,86.44,1780.66
1508407,3,202309,29.8,85.35,2543.43
1508407,3,202310,21.4,93.52,2001.33
1508407,3,202311,16.5,93.36,1540.44
1508407,3,202312,16.9,95.43,1612.77
1508407,3,202401,22.2,106.09,2355.2
1508407,3,202402,20.7,113.32,2345.72
1508407,3,202403,19.8,103.67,2052.67
1508407,3,202404,20.3,91.47,1856.84
1508407,3,202405,17.2,89.91,1546.45
1508407,3,202406,19.7,94.61,1863.82
1508407,3,202407,19.4,97.0,1881.8
1508407,3,202408,26.1,91.99,2400.94
1508407,3,202409,27.7,94.54,2618.76
1508407,3,202410,19.1,94.01,1795.59
1508407,3,202411,18.0,101.99,1835.82
1508407,3,202412,19.7,103.25,2034.02
1600055,1,202201,145.3,10.73,1559.07
1600055,1,202202,151.1,11.86,1792.05
1600055,1,202203,156.7,13.66,2140.52
1600055,1,202204,98.2,14.05,1379.71
1600055,1,202205,90.1,13.59,1224.46
1600055,1,202206,122.4,11.96,1463.9
1600055,1,202207,150.1,11.32,1699.13
1600055,1,202208,192.4,10.07,1937.47
1600055,1,202209,196.9,9.25,1821.32
1600055,1,202210,265.0,9.23,2445.95
1600055,1,202211,289.0,9.26,2676.14
1600055,1,202212,242.8,10.36,2515.41
1600055,1,202301,240.6,11.67,2807.8
1600055,1,202302,198.3,13.04,2585.83
1600055,1,202303,136.2,14.19,1932.68
1600055,1,202304,139.9,13.09,1831.29
1600055,1,202305,120.9,13.53,1635.78
1600055,1,202306,170.6,12.56,2142.74
1600055,1,202307,196.2,11.27,2211.17
1600055,1,202308,223.7,10.27,2297.4
1600055,1,202309,226.8,10.26,2326.97
1600055,1,202310,313.3,8.8,2757.04
1600055,1,202311,275.8,9.99,2755.24
1600055,1,202312,220.4,9.57,2109.23
1600055,1,202401,177.4,11.88,2107.51
1600055,1,202402,170.5,13.46,2294.93
1600055,1,202403,158.1,14.7,2324.07
1600055,1,202404,157.4,15.15,2384.61
1600055,1,202405,170.0,14.85,2524.5
1600055,1,202406,268.1,13.12,3517.47
1600055,1,202407,246.2,11.8,2905.16
1600055,1,202408,246.5,11.29,2782.98
1600055,1,202409,239.5,9.79,2344.7
1600055,1,202410,296.1,8.95,2650.1
1600055,1,202411,342.6,9.34,3199.88
1600055,1,202412,271.0,10.33,2799.43
1600055,2,202201,12.7,37.04,470.41
1600055,2,202202,17.9,43.34,775.79
1600055,2,202203,16.5,38.16,629.64
1600055,2,202204,14.8,40.9,605.32
1600055,2,202205,10.7,42.35,453.14
1600055,2,202206,14.6,45.6,665.76
1600055,2,202207,11.7,53.38,624.55
1600055,2,202208,15.4,57.97,892.74
1600055,2,202209,13.3,49.42,657.29
1600055,2,202210,12.1,49.22,595.56
1600055,2,202211,18.3,45.5,832.65
1600055,2,202212,19.2,43.76,840.19
1600055,2,202301,20.2,45.5,919.1
1600055,2,202302,16.4,42.92,703.89
1600055,2,202303,15.9,40.24,639.82
1600055,2,202304,17.1,44.45,760.1
1600055,2,202305,12.2,48.29,589.14
1600055,2,202306,10.9,50.26,547.83
1600055,2,202307,10.3,50.06,515.62
1600055,2,202308,11.0,51.71,568.81
1600055,2,202309,15.7,56.0,879.2
1600055,2,202310,15.2,53.56,814.11
1600055,2,202311,14.9,46.32,690.17
1600055,2,202312,28.8,43.86,1263.17
1600055,2,202401,24.6,44.9,1104.54
1600055,2,202402,22.9,37.94,868.83
1600055,2,202403,20.2,41.35,835.27
1600055,2,202404,17.7,49.73,880.22
1600055,2,202405,16.3,49.33,804.08
1600055,2,202406,17.2,49.38,849.34
1600055,2,202407,16.0,55.24,883.84
1600055,2,202408,17.6,58.82,1035.23
1600055,2,202409,19.6,48.35,947.66
1600055,2,202410,19.4,52.71,1022.57
1600055,2,202411,21.3,47.7,1016.01
1600055,2,202412,27.1,41.41,1122.21
1600055,3,202201,2.0,99.05,198.1
1600055,3,202202,2.3,92.87,213.6
1600055,3,202203,2.8,94.51,264.63
1600055,3,202204,2.6,94.32,245.23
1600055,3,202205,3.0,87.91,263.73
1600055,3,202206,3.7,85.13,314.98
1600055,3,202207,2.8,82.95,232.26
1600055,3,202208,3.5,96.07,336.24
1600055,3,202209,3.1,84.17,260.93
1600055,3,202210,2.3,92.09,211.81
1600055,3,202211,2.4,86.17,206.81
1600055,3,202212,2.3,100.93,232.14
1600055,3,202301,1.7,96.62,164.25
1600055,3,202302,1.5,99.48,149.22
1600055,3,202303,2.4,89.84,215.62
1600055,3,202304,2.6,101.94,265.04
1600055,3,202305,3.4,100.05,340.17
1600055,3,202306,2.9,85.56,248.12
1600055,3,202307,2.5,94.1,235.25
1600055,3,202308,1.9,82.29,156.35
1600055,3,202309,2.6,91.59,238.13
1600055,3,202310,2.8,89.49,250.57
1600055,3,202311,2.4,100.07,240.17
1600055,3,202312,2.0,97.62,195.24
1600055,3,202401,2.6,107.13,278.54
1600055,3,202402,2.4,109.61,263.06
1600055,3,202403,2.3,100.77,231.77
1600055,3,202404,2.2,99.97,219.93
1600055,3,202405,2.2,91.95,202.29
1600055,3,202406,2.8,92.88,260.06
1600055,3,202407,2.2,101.47,223.23
1600055,3,202408,2.5,94.89,237.22
1600055,3,202409,3.1,87.46,271.13
1600055,3,202410,2.9,102.3,296.67
1600055,3,202411,3.3,99.11,327.06
1600055,3,202412,3.7,104.36,386.13
1600105,1,202201,281.1,11.6,3260.76
1600105,1,202202,265.6,12.69,3370.46
1600105,1,202203,205.5,13.02,2675.61
1600105,1,202204,202.0,12.77,2579.54
1600105,1,202205,234.8,13.46,3160.41
1600105,1,202206,240.5,12.21,2936.5
1600105,1,202207,309.4,11.48,3551.91
1600105,1,202208,316.1,10.17,3214.74
1600105,1,202209,346.4,10.06,3484.78
1600105,1,202210,354.5,8.86,3140.87
1600105,1,202211,288.5,8.82,2544.57
1600105,1,202212,312.8,10.25,3206.2
1600105,1,202301,251.7,11.92,3000.26
1600105,1,202302,224.7,13.95,3134.56
1600105,1,202303,223.5,14.53,3247.46
1600105,1,202304,228.5,14.52,3317.82
1600105,1,202305,260.1,14.99,3898.9
1600105,1,202306,271.2,12.28,3330.34
1600105,1,202307,289.8,11.42,3309.52
1600105,1,202308,344.7,10.08,3474.58
1600105,1,202309,293.6,9.46,2777.46
1600105,1,202310,270.6,8.7,2354.22
1600105,1,202311,244.9,9.96,2439.2
1600105,1,202312,221.7,10.44,2314.55
1600105,1,202401,243.4,11.38,2769.89
1600105,1,202402,190.3,12.87,2449.16
1600105,1,202403,176.7,14.71,2599.26
1600105,1,202404,235.9,15.46,3647.01
1600105,1,202405,224.9,16.0,3598.4
1600105,1,202406,294.6,15.66,4613.44
1600105,1,202407,283.2,12.51,3542.83
1600105,1,202408,338.9,10.44,3538.12
1600105,1,202409,338.3,9.01,3048.08
1600105,1,202410,366.7,9.81,3597.33
1600105,1,202411,442.2,9.62,4253.96
1600105,1,202412,282.5,10.74,3034.05
1600105,2,202201,28.7,38.43,1102.94
1600105,2,202202,29.9,37.89,1132.91
1600105,2,202203,27.5,39.09,1074.98
1600105,2,202204,21.6,46.06,994.9
1600105,2,202205,16.2,47.86,775.33
1600105,2,202206,14.8,49.01,725.35
1600105,2,202207,18.3,51.13,935.68
1600105,2,202208,19.1,52.53,1003.32
1600105,2,202209,19.5,52.12,1016.34
1600105,2,202210,17.9,47.39,848.28
1600105,2,202211,20.5,43.14,884.37
1600105,2,202212,28.7,43.83,1257.92
1600105,2,202301,34.3,40.77,1398.41
1600105,2,202302,31.3,41.71,1305.52
1600105,2,202303,19.2,44.21,848.83
1600105,2,202304,18.9,44.43,839.73
1600105,2,202305,18.1,47.65,862.46
1600105,2,202306,15.6,59.04,921.02
1600105,2,202307,15.3,53.43,817.48
1600105,2,202308,19.4,50.96,988.62
1600105,2,202309,20.2,52.14,1053.23
1600105,2,202310,26.9,54.37,1462.55
1600105,2,202311,21.8,43.87,956.37
1600105,2,202312,25.2,41.69,1050.59
1600105,2,202401,20.8,44.69,929.55
1600105,2,202402,23.9,40.75,973.92
1600105,2,202403,22.1,42.05,929.3
1600105,2,202404,29.8,47.43,1413.41
1600105,2,202405,28.5,46.89,1336.36
1600105,2,202406,29.5,48.55,1432.22
1600105,2,202407,22.9,51.23,1173.17
1600105,2,202408,18.1,57.54,1041.47
1600105,2,202409,16.5,55.63,917.9
1600105,2,202410,21.3,50.47,1075.01
1600105,2,202411,35.2,45.86,1614.27
1600105,2,202412,38.9,44.35,1725.22
1600105,3,202201,3.8,100.86,383.27
1600105,3,202202,2.6,91.42,237.69
1600105,3,202203,3.6,92.98,334.73
1600105,3,202204,2.5,100.12,250.3
1600105,3,202205,3.7,96.75,357.98
1600105,3,202206,4.1,89.48,366.87
1600105,3,202207,5.0,88.49,442.45
1600105,3,202208,4.9,88.84,435.32
1600105,3,202209,5.6,91.65,513.24
1600105,3,202210,4.9,94.37,462.41
1600105,3,202211,4.6,90.49,416.25
1600105,3,202212,4.5,89.34,402.03
1600105,3,202301,5.7,97.22,554.15
1600105,3,202302,5.3,99.85,529.2
1600105,3,202303,3.7,98.2,363.34
1600105,3,202304,3.5,91.65,320.78
1600105,3,202305,4.3,95.67,411.38
1600105,3,202306,5.6,83.95,470.12
1600105,3,202307,4.6,89.12,409.95
1600105,3,202308,7.0,88.64,620.48
1600105,3,202309,6.0,89.25,535.5
1600105,3,202310,5.6,94.74,530.54
1600105,3,202311,3.9,97.02,378.38
1600105,3,202312,4.7,107.74,506.38
1600105,3,202401,4.0,99.64,398.56
1600105,3,202402,3.4,104.48,355.23
1600105,3,202403,3.4,103.36,351.42
1600105,3,202404,4.9,100.96,494.7
1600105,3,202405,5.2,91.24,474.45
1600105,3,202406,4.4,88.87,391.03
1600105,3,202407,4.2,92.18,387.16
1600105,3,202408,5.8,84.45,489.81
1600105,3,202409,5.1,90.62,462.16
1600105,3,202410,5.3,91.28,483.78
1600105,3,202411,5.6,95.76,536.26
1600105,3,202412,2.6,105.95,275.47
1600154,1,202201,332.2,11.87,3943.21
1600154,1,202202,342.7,12.68,4345.44
1600154,1,202203,290.2,14.33,4158.57
1600154,1,202204,256.1,13.72,3513.69
1600154,1,202205,219.1,12.49,2736.56
1600154,1,202206,196.8,11.59,2280.91
1600154,1,202207,252.6,12.2,3081.72
1600154,1,202208,340.7,10.96,3734.07
1600154,1,202209,580.1,9.11,5284.71
1600154,1,202210,577.9,8.7,5027.73
1600154,1,202211,624.6,9.89,6177.29
1600154,1,202212,454.3,9.51,4320.39
1600154,1,202301,301.6,11.17,3368.87
1600154,1,202302,229.0,13.32,3050.28
1600154,1,202303,198.4,13.53,2684.35
1600154,1,202304,314.1,14.12,4435.09
1600154,1,202305,262.7,13.69,3596.36
1600154,1,202306,352.2,13.12,4620.86
1600154,1,202307,339.1,12.53,4248.92
1600154,1,202308,495.5,10.5,5202.75
1600154,1,202309,578.0,9.87,5704.86
1600154,1,202310,558.9,8.33,4655.64
1600154,1,202311,519.8,9.53,4953.69
1600154,1,202312,403.9,10.02,4047.08
1600154,1,202401,385.7,11.39,4393.12
1600154,1,202402,297.3,12.81,3808.41
1600154,1,202403,216.6,14.08,3049.73
1600154,1,202404,183.2,15.34,2810.29
1600154,1,202405,232.3,13.39,3110.5
1600154,1,202406,381.8,13.4,5116.12
1600154,1,202407,440.4,11.82,5205.53
1600154,1,202408,490.2,10.66,5225.53
1600154,1,202409,576.3,10.42,6005.05
1600154,1,202410,741.8,9.83,7291.89
1600154,1,202411,659.5,10.59,6984.1
1600154,1,202412,497.3,10.76,5350.95
1600154,2,202201,46.8,39.54,1850.47
1600154,2,202202,45.8,39.6,1813.68
1600154,2,202203,39.0,40.31,1572.09
1600154,2,202204,38.4,43.33,1663.87
1600154,2,202205,40.3,44.27,1784.08
1600154,2,202206,54.4,45.92,2498.05
1600154,2,202207,45.6,46.47,2119.03
1600154,2,202208,40.0,54.65,2186.0
1600154,2,202209,46.0,52.66,2422.36
1600154,2,202210,52.3,51.29,2682.47
1600154,2,202211,48.3,43.4,2096.22
1600154,2,202212,81.3,43.33,3522.73
1600154,2,202301,74.5,37.77,2813.86
1600154,2,202302,72.6,38.09,2765.33
1600154,2,202303,71.8,40.98,2942.36
1600154,2,202304,64.2,44.75,2872.95
1600154,2,202305,69.2,50.9,3522.28
1600154,2,202306,47.2,49.71,2346.31
1600154,2,202307,47.3,50.64,2395.27
1600154,2,202308,43.4,51.41,2231.19
1600154,2,202309,50.4,51.09,2574.94
1600154,2,202310,47.8,56.22,2687.32
1600154,2,202311,48.6,48.61,2362.45
1600154,2,202312,62.8,45.77,2874.36
1600154,2,202401,69.7,41.78,2912.07
1600154,2,202402,58.8,41.31,2429.03
1600154,2,202403,74.5,43.79,3262.36
1600154,2,202404,71.8,43.83,3146.99
1600154,2,202405,56.6,47.9,2711.14
1600154,2,202406,43.6,50.51,2202.24
1600154,2,202407,42.7,53.7,2292.99
1600154,2,202408,45.5,56.03,2549.37
1600154,2,202409,33.3,52.7,1754.91
1600154,2,202410,42.3,53.0,2241.9
1600154,2,202411,55.2,49.3,2721.36
1600154,2,202412,39.7,44.55,1768.64
1600154,3,202201,4.5,94.75,426.38
1600154,3,202202,3.8,99.34,377.49
1600154,3,202203,3.6,99.08,356.69
1600154,3,202204,4.2,99.35,417.27
1600154,3,202205,4.2,90.84,381.53
1600154,3,202206,3.8,88.51,336.34
1600154,3,202207,4.0,85.17,340.68
1600154,3,202208,3.2,83.51,267.23
1600154,3,202209,4.0,78.87,315.48
1600154,3,202210,2.4,92.57,222.17
1600154,3,202211,3.5,88.29,309.02
1600154,3,202212,4.1,90.68,371.79
1600154,3,202301,5.3,95.83,507.9
1600154,3,202302,7.0,92.78,649.46
1600154,3,202303,6.8,98.04,666.67
1600154,3,202304,5.2,98.93,514.44
1600154,3,202305,7.5,90.36,677.7
1600154,3,202306,5.2,95.63,497.28
1600154,3,202307,3.7,87.12,322.34
1600154,3,202308,5.9,81.49,480.79
1600154,3,202309,6.2,95.05,589.31
1600154,3,202310,3.9,91.7,357.63
1600154,3,202311,3.2,97.73,312.74
1600154,3,202312,3.9,100.78,393.04
1600154,3,202401,3.4,97.53,331.6
1600154,3,202402,3.2,100.38,321.22
1600154,3,202403,5.2,107.68,559.94
1600154,3,202404,7.4,109.74,812.08
1600154,3,202405,6.6,97.51,643.57
1600154,3,202406,6.0,91.37,548.22
1600154,3,202407,6.8,100.24,681.63
1600154,3,202408,5.6,88.55,495.88
1600154,3,202409,3.7,93.68,346.62
1600154,3,202410,2.5,92.29,230.73
1600154,3,202411,3.1,98.52,305.41
1600154,3,202412,4.2,95.49,401.06
1600204,1,202201,282.2,11.36,3205.79
1600204,1,202202,252.5,12.05,3042.62
1600204,1,202203,228.5,13.05,2981.92
1600204,1,202204,177.0,12.55,2221.35
1600204,1,202205,202.6,12.98,2629.75
1600204,1,202206,249.3,12.12,3021.52
1600204,1,202207,471.1,11.24,5295.16
1600204,1,202208,660.6,9.67,6388.0
1600204,1,202209,507.5,9.31,4724.82
1600204,1,202210,466.3,9.24,4308.61
1600204,1,202211,333.2,9.16,3052.11
1600204,1,202212,288.9,10.12,2923.67
1600204,1,202301,284.5,11.57,3291.66
1600204,1,202302,308.3,12.76,3933.91
1600204,1,202303,223.6,13.16,2942.58
1600204,1,202304,192.9,14.19,2737.25
1600204,1,202305,145.7,13.58,1978.61
1600204,1,202306,194.8,14.16,2758.37
1600204,1,202307,217.9,12.49,2721.57
1600204,1,202308,275.6,10.53,2902.07
1600204,1,202309,305.5,9.09,2777.0
1600204,1,202310,363.7,8.63,3138.73
1600204,1,202311,278.2,10.02,2787.56
1600204,1,202312,226.2,10.47,2368.31
1600204,1,202401,346.1,12.28,4250.11
1600204,1,202402,225.7,12.15,2742.26
1600204,1,202403,177.0,14.85,2628.45
1600204,1,202404,267.6,14.85,3973.86
1600204,1,202405,448.8,13.41,6018.41
1600204,1,202406,325.3,12.94,4209.38
1600204,1,202407,342.4,12.15,4160.16
1600204,1,202408,431.1,10.76,4638.64
1600204,1,202409,651.2,9.67,6297.1
1600204,1,202410,497.3,9.43,4689.54
1600204,1,202411,449.3,9.69,4353.72
1600204,1,202412,460.6,10.82,4983.69
1600204,2,202201,31.9,38.8,1237.72
1600204,2,202202,30.1,36.08,1086.01
1600204,2,202203,30.4,37.71,1146.38
1600204,2,202204,34.5,41.22,1422.09
1600204,2,202205,22.7,42.83,972.24
1600204,2,202206,31.3,49.78,1558.11
1600204,2,202207,24.9,54.4,1354.56
1600204,2,202208,24.3,53.97,1311.47
1600204,2,202209,20.5,53.52,1097.16
1600204,2,202210,28.0,45.15,1264.2
1600204,2,202211,28.8,44.46,1280.45
1600204,2,202212,29.5,42.61,1256.99
1600204,2,202301,29.4,42.53,1250.38
1600204,2,202302,30.5,43.42,1324.31
1600204,2,202303,33.4,42.96,1434.86
1600204,2,202304,31.5,45.27,1426.0
1600204,2,202305,27.3,53.39,1457.55
1600204,2,202306,21.2,50.55,1071.66
1600204,2,202307,17.8,52.12,927.74
1600204,2,202308,17.3,54.3,939.39
1600204,2,202309,21.2,50.51,1070.81
1600204,2,202310,26.7,50.48,1347.82
1600204,2,202311,33.8,42.93,1451.03
1600204,2,202312,35.5,42.16,1496.68
1600204,2,202401,39.9,42.04,1677.4
1600204,2,202402,38.0,43.32,1646.16
1600204,2,202403,26.4,44.7,1180.08
1600204,2,202404,26.0,42.84,1113.84
1600204,2,202405,23.4,53.92,1261.73
1600204,2,202406,18.6,52.63,978.92
1600204,2,202407,17.3,55.58,961.53
1600204,2,202408,19.3,51.55,994.92
1600204,2,202409,17.4,53.24,926.38
1600204,2,202410,18.9,55.06,1040.63
1600204,2,202411,32.0,49.01,1568.32
1600204,2,202412,26.3,45.2,1188.76
1600204,3,202201,3.4,95.53,324.8
1600204,3,202202,4.0,102.97,411.88
1600204,3,202203,4.1,93.87,384.87
1600204,3,202204,4.9,94.58,463.44
1600204,3,202205,4.1,90.56,371.3
1600204,3,202206,4.2,87.52,367.58
1600204,3,202207,5.0,87.3,436.5
1600204,3,202208,5.8,84.8,491.84
1600204,3,202209,4.1,87.34,358.09
1600204,3,202210,4.4,84.42,371.45
1600204,3,202211,3.7,87.17,322.53
1600204,3,202212,4.4,89.63,394.37
1600204,3,202301,5.8,96.68,560.74
1600204,3,202302,3.1,104.37,323.55
1600204,3,202303,3.1,96.21,298.25
1600204,3,202304,3.8,99.6,378.48
1600204,3,202305,4.1,94.85,388.88
1600204,3,202306,5.3,88.81,470.69
1600204,3,202307,5.3,94.74,502.12
1600204,3,202308,4.8,91.28,438.14
1600204,3,202309,4.0,88.74,354.96
1600204,3,202310,3.4,90.42,307.43
1600204,3,202311,3.2,94.04,300.93
1600204,3,202312,3.2,89.31,285.79
1600204,3,202401,3.8,98.12,372.86
1600204,3,202402,3.8,105.44,400.67
1600204,3,202403,3.6,94.47,340.09
1600204,3,202404,3.3,96.44,318.25
1600204,3,202405,3.5,95.31,333.58
1600204,3,202406,3.7,109.02,403.37
1600204,3,202407,3.8,95.31,362.18
1600204,3,202408,4.9,96.52,472.95
1600204,3,202409,6.4,88.51,566.46
1600204,3,202410,4.6,96.01,441.65
1600204,3,202411,5.5,89.01,489.56
1600204,3,202412,5.7,98.47,561.28
1600212,1,202201,128.8,11.05,1423.24
1600212,1,202202,125.2,13.51,1691.45
1600212,1,202203,129.7,13.83,1793.75
1600212,1,202204,139.8,13.25,1852.35
1600212,1,202205,139.9,12.74,1782.33
1600212,1,202206,120.8,12.55,1516.04
1600212,1,202207,177.9,10.67,1898.19
1600212,1,202208,310.1,9.81,3042.08
1600212,1,202209,246.7,9.42,2323.91
1600212,1,202210,321.8,9.49,3053.88
1600212,1,202211,283.1,9.56,2706.44
1600212,1,202212,249.2,9.05,2255.26
1600212,1,202301,175.1,11.98,2097.7
1600212,1,202302,150.7,13.08,1971.16
1600212,1,202303,181.0,14.23,2575.63
1600212,1,202304,183.2,15.48,2835.94
1600212,1,202305,245.1,12.58,3083.36
1600212,1,202306,292.4,12.66,3701.78
1600212,1,202307,314.4,12.15,3819.96
1600212,1,202308,446.3,9.76,4355.89
1600212,1,202309,446.3,10.39,4637.06
1600212,1,202310,465.3,9.49,4415.7
1600212,1,202311,362.1,10.07,3646.35
1600212,1,202312,301.4,10.26,3092.36
1600212,1,202401,214.0,12.75,2728.5
1600212,1,202402,220.3,14.27,3143.68
1600212,1,202403,148.5,14.64,2174.04
1600212,1,202404,172.2,14.99,2581.28
1600212,1,202405,170.6,14.67,2502.7
1600212,1,202406,239.9,12.96,3109.1
1600212,1,202407,301.5,12.15,3663.22
1600212,1,202408,450.4,10.88,4900.35
1600212,1,202409,482.9,10.21,4930.41
1600212,1,202410,323.3,10.17,3287.96
1600212,1,202411,309.7,9.5,2942.15
1600212,1,202412,224.2,10.89,2441.54
1600212,2,202201,14.3,36.7,524.81
1600212,2,202202,16.2,35.72,578.66
1600212,2,202203,21.7,37.35,810.5
1600212,2,202204,22.8,38.54,878.71
1600212,2,202205,17.6,41.82,736.03
1600212,2,202206,19.5,46.08,898.56
1600212,2,202207,12.3,54.08,665.18
1600212,2,202208,10.0,50.95,509.5
1600212,2,202209,15.6,50.93,794.51
1600212,2,202210,17.4,46.12,802.49
1600212,2,202211,17.1,46.45,794.3
1600212,2,202212,18.5,45.72,845.82
1600212,2,202301,17.3,38.95,673.84
1600212,2,202302,19.8,43.36,858.53
1600212,2,202303,20.1,41.47,833.55
1600212,2,202304,18.3,43.33,792.94
1600212,2,202305,13.1,47.75,625.52
1600212,2,202306,13.2,51.3,677.16
1600212,2,202307,11.3,58.02,655.63
1600212,2,202308,9.7,55.24,535.83
1600212,2,202309,14.0,54.33,760.62
1600212,2,202310,22.2,49.26,1093.57
1600212,2,202311,30.1,48.81,1469.18
1600212,2,202312,30.2,41.27,1246.35
1600212,2,202401,26.1,42.52,1109.77
1600212,2,202402,24.3,47.72,1159.6
1600212,2,202403,24.1,37.31,899.17
1600212,2,202404,19.2,45.48,873.22
1600212,2,202405,21.5,49.26,1059.09
1600212,2,202406,11.9,51.65,614.64
1600212,2,202407,11.3,54.35,614.16
1600212,2,202408,13.7,56.15,769.26
1600212,2,202409,12.0,54.23,650.76
1600212,2,202410,13.4,52.83,707.92
1600212,2,202411,17.8,47.43,844.25
1600212,2,202412,26.2,49.74,1303.19
1600212,3,202201,1.7,95.75,162.78
1600212,3,202202,2.0,98.02,196.04
1600212,3,202203,2.3,94.82,218.09
1600212,3,202204,2.1,93.94,197.27
1600212,3,202205,2.0,88.97,177.94
1600212,3,202206,2.0,83.35,166.7
1600212,3,202207,2.1,86.78,182.24
1600212,3,202208,2.2,89.05,195.91
1600212,3,202209,2.6,80.39,209.01
1600212,3,202210,2.3,94.29,216.87
1600212,3,202211,3.1,92.75,287.53
1600212,3,202212,3.6,90.7,326.52
1600212,3,202301,3.1,96.25,298.38
1600212,3,202302,2.5,108.91,272.27
1600212,3,202303,2.2,103.2,227.04
1600212,3,202304,2.5,102.06,255.15
1600212,3,202305,2.8,92.43,258.8
1600212,3,202306,2.8,93.35,261.38
1600212,3,202307,2.6,90.3,234.78
1600212,3,202308,2.9,87.22,252.94
1600212,3,202309,2.9,89.22,258.74
1600212,3,202310,2.5,95.97,239.92
1600212,3,202311,2.5,101.39,253.48
1600212,3,202312,2.2,95.2,209.44
1600212,3,202401,1.9,95.75,181.92
1600212,3,202402,2.1,111.86,234.91
1600212,3,202403,2.0,111.08,222.16
1600212,3,202404,2.0,102.14,204.28
1600212,3,202405,2.8,106.31,297.67
1600212,3,202406,2.7,95.84,258.77
1600212,3,202407,4.0,88.05,352.2
1600212,3,202408,4.0,85.57,342.28
1600212,3,202409,3.0,86.26,258.78
1600212,3,202410,3.6,94.31,339.52
1600212,3,202411,2.7,94.96,256.39
1600212,3,202412,3.7,97.26,359.86
1600238,1,202201,254.4,11.78,2996.83
1600238,1,202202,195.1,12.25,2389.98
1600238,1,202203,195.8,13.71,2684.42
1600238,1,202204,227.4,13.5,3069.9
1600238,1,202205,231.2,13.28,3070.34
1600238,1,202206,327.6,13.02,4265.35
1600238,1,202207,409.9,10.23,4193.28
1600238,1,202208,502.4,9.48,4762.75
1600238,1,202209,552.4,8.59,4745.12
1600238,1,202210,782.3,7.95,6219.28
1600238,1,202211,567.8,8.94,5076.13
1600238,1,202212,307.2,10.5,3225.6
1600238,1,202301,369.6,11.59,4283.66
1600238,1,202302,266.0,13.12,3489.92
1600238,1,202303,236.7,14.67,3472.39
1600238,1,202304,282.7,15.2,4297.04
1600238,1,202305,201.1,13.84,2783.22
1600238,1,202306,193.2,13.9,2685.48
1600238,1,202307,195.8,11.81,2312.4
1600238,1,202308,245.1,10.09,2473.06
1600238,1,202309,359.0,9.33,3349.47
1600238,1,202310,445.6,8.62,3841.07
1600238,1,202311,450.8,9.2,4147.36
1600238,1,202312,303.6,10.33,3136.19
1600238,1,202401,184.5,12.72,2346.84
1600238,1,202402,195.9,14.71,2881.69
1600238,1,202403,180.9,13.47,2436.72
1600238,1,202404,210.4,15.08,3172.83
1600238,1,202405,259.8,13.71,3561.86
1600238,1,202406,294.9,13.82,4075.52
1600238,1,202407,393.3,12.14,4774.66
1600238,1,202408,456.4,9.98,4554.87
1600238,1,202409,540.0,10.47,5653.8
1600238,1,202410,465.0,9.36,4352.4
1600238,1,202411,434.1,9.73,4223.79
1600238,1,202412,404.1,10.36,4186.48
1600238,2,202201,26.2,41.01,1074.46
1600238,2,202202,23.2,38.9,902.48
1600238,2,202203,27.3,38.65,1055.14
1600238,2,202204,27.0,37.0,999.0
1600238,2,202205,23.7,45.83,1086.17
1600238,2,202206,16.1,43.16,694.88
1600238,2,202207,13.2,46.18,609.58
1600238,2,202208,18.7,51.33,959.87
1600238,2,202209,15.6,51.52,803.71
1600238,2,202210,19.4,47.3,917.62
1600238,2,202211,17.9,48.59,869.76
1600238,2,202212,25.4,42.6,1082.04
1600238,2,202301,23.6,40.22,949.19
1600238,2,202302,21.1,42.64,899.7
1600238,2,202303,19.5,44.04,858.78
1600238,2,202304,17.9,44.41,794.94
1600238,2,202305,18.9,45.02,850.88
1600238,2,202306,17.5,48.94,856.45
1600238,2,202307,13.3,49.19,654.23
1600238,2,202308,14.0,53.71,751.94
1600238,2,202309,12.5,50.17,627.12
1600238,2,202310,17.4,49.49,861.13
1600238,2,202311,23.5,47.41,1114.14
1600238,2,202312,25.4,39.2,995.68
1600238,2,202401,28.6,39.7,1135.42
1600238,2,202402,39.3,40.28,1583.0
1600238,2,202403,32.0,42.18,1349.76
1600238,2,202404,22.9,43.86,1004.39
1600238,2,202405,23.0,47.95,1102.85
1600238,2,202406,16.2,50.43,816.97
1600238,2,202407,15.2,51.07,776.26
1600238,2,202408,14.0,54.42,761.88
1600238,2,202409,13.8,54.33,749.75
1600238,2,202410,16.0,51.44,823.04
1600238,2,202411,23.1,48.87,1128.9
1600238,2,202412,31.4,45.91,1441.57
1600238,3,202201,3.2,89.04,284.93
1600238,3,202202,2.7,92.03,248.48
1600238,3,202203,2.4,94.66,227.18
1600238,3,202204,2.4,97.08,232.99
1600238,3,202205,3.2,95.2,304.64
1600238,3,202206,3.2,84.15,269.28
1600238,3,202207,3.5,86.64,303.24
1600238,3,202208,4.6,78.78,362.39
1600238,3,202209,6.7,85.56,573.25
1600238,3,202210,5.5,91.56,503.58
1600238,3,202211,4.7,89.7,421.59
1600238,3,202212,3.0,99.0,297.0
1600238,3,202301,3.1,102.67,318.28
1600238,3,202302,3.0,100.42,301.26
1600238,3,202303,3.5,97.24,340.34
1600238,3,202304,3.1,93.87,291.0
1600238,3,202305,3.4,87.02,295.87
1600238,3,202306,3.9,85.1,331.89
1600238,3,202307,5.3,93.26,494.28
1600238,3,202308,6.0,94.9,569.4
1600238,3,202309,6.1,84.07,512.83
1600238,3,202310,5.4,91.1,491.94
1600238,3,202311,3.9,86.51,337.39
1600238,3,202312,4.0,91.81,367.24
1600238,3,202401,3.0,103.59,310.77
1600238,3,202402,2.9,100.39,291.13
1600238,3,202403,4.1,92.91,380.93
1600238,3,202404,4.1,109.1,447.31
1600238,3,202405,4.1,96.96,397.54
1600238,3,202406,4.2,89.22,374.72
1600238,3,202407,4.0,92.74,370.96
1600238,3,202408,2.7,91.0,245.7
1600238,3,202409,2.4,94.11,225.86
1600238,3,202410,3.1,92.7,287.37
1600238,3,202411,2.6,98.74,256.72
1600238,3,202412,2.7,104.95,283.36
1600253,1,202201,178.0,11.09,1974.02
1600253,1,202202,140.6,13.14,1847.48
1600253,1,202203,131.2,12.59,1651.81
1600253,1,202204,130.6,13.65,1782.69
1600253,1,202205,167.2,15.18,2538.1
1600253,1,202206,159.1,12.6,2004.66
1600253,1,202207,139.1,12.11,1684.5
1600253,1,202208,217.9,10.14,2209.51
1600253,1,202209,227.4,9.5,2160.3
1600253,1,202210,294.2,8.88,2612.5
1600253,1,202211,279.7,9.15,2559.26
1600253,1,202212,224.2,9.71,2176.98
1600253,1,202301,194.6,11.98,2331.31
1600253,1,202302,222.6,12.41,2762.47
1600253,1,202303,241.5,14.32,3458.28
1600253,1,202304,182.4,14.98,2732.35
1600253,1,202305,169.2,14.11,2387.41
1600253,1,202306,211.1,12.77,2695.75
1600253,1,202307,188.5,11.99,2260.12
1600253,1,202308,233.9,10.33,2416.19
1600253,1,202309,255.8,10.05,2570.79
1600253,1,202310,279.0,8.45,2357.55
1600253,1,202311,222.1,9.43,2094.4
1600253,1,202312,153.3,9.5,1456.35
1600253,1,202401,101.9,11.31,1152.49
1600253,1,202402,88.6,14.41,1276.73
1600253,1,202403,89.7,15.06,1350.88
1600253,1,202404,96.2,14.22,1367.96
1600253,1,202405,161.7,13.36,2160.31
1600253,1,202406,210.5,11.61,2443.9
1600253,1,202407,187.8,11.86,2227.31
1600253,1,202408,238.5,12.31,2935.94
1600253,1,202409,246.4,10.19,2510.82
1600253,1,202410,249.6,9.36,2336.26
1600253,1,202411,254.4,10.2,2594.88
1600253,1,202412,252.2,10.09,2544.7
1600253,2,202201,22.0,40.14,883.08
1600253,2,202202,18.0,39.95,719.1
1600253,2,202203,25.3,40.05,1013.26
1600253,2,202204,24.6,42.22,1038.61
1600253,2,202205,17.8,46.63,830.01
1600253,2,202206,17.4,42.85,745.59
1600253,2,202207,19.6,56.44,1106.22
1600253,2,202208,24.1,56.03,1350.32
1600253,2,202209,22.2,51.4,1141.08
1600253,2,202210,26.2,45.08,1181.1
1600253,2,202211,20.7,47.81,989.67
1600253,2,202212,23.4,40.21,940.91
1600253,2,202301,24.3,41.82,1016.23
1600253,2,202302,27.5,37.31,1026.03
1600253,2,202303,35.4,45.52,1611.41
1600253,2,202304,30.0,40.28,1208.4
1600253,2,202305,20.5,46.96,962.68
1600253,2,202306,14.7,45.25,665.18
1600253,2,202307,20.0,52.77,1055.4
1600253,2,202308,20.0,52.69,1053.8
1600253,2,202309,21.0,55.97,1175.37
1600253,2,202310,20.1,49.25,989.92
1600253,2,202311,23.5,49.54,1164.19
1600253,2,202312,21.7,41.13,892.52
1600253,2,202401,27.0,41.69,1125.63
1600253,2,202402,22.7,40.77,925.48
1600253,2,202403,22.6,43.35,979.71
1600253,2,202404,19.9,45.79,911.22
1600253,2,202405,10.8,50.39,544.21
1600253,2,202406,12.0,52.95,635.4
1600253,2,202407,11.4,56.76,647.06
1600253,2,202408,12.8,53.44,684.03
1600253,2,202409,15.1,55.99,845.45
1600253,2,202410,24.6,56.62,1392.85
1600253,2,202411,27.3,44.68,1219.76
1600253,2,202412,30.7,46.07,1414.35
1600253,3,202201,1.6,94.21,150.74
1600253,3,202202,2.0,93.84,187.68
1600253,3,202203,1.7,91.47,155.5
1600253,3,202204,1.8,90.08,162.14
1600253,3,202205,1.8,87.54,157.57
1600253,3,202206,1.9,90.43,171.82
1600253,3,202207,1.9,85.32,162.11
1600253,3,202208,1.6,99.11,158.58
1600253,3,202209,2.0,83.92,167.84
1600253,3,202210,2.5,89.23,223.08
1600253,3,202211,2.2,88.62,194.96
1600253,3,202212,2.4,91.16,218.78
1600253,3,202301,2.0,106.46,212.92
1600253,3,202302,1.8,104.29,187.72
1600253,3,202303,2.0,90.19,180.38
1600253,3,202304,2.2,91.6,201.52
1600253,3,202305,2.2,92.96,204.51
1600253,3,202306,2.6,88.47,230.02
1600253,3,202307,2.0,82.29,164.58
1600253,3,202308,2.1,88.49,185.83
1600253,3,202309,2.6,80.78,210.03
1600253,3,202310,2.9,91.37,264.97
1600253,3,202311,2.9,97.08,281.53
1600253,3,202312,3.0,100.71,302.13
1600253,3,202401,2.3,101.52,233.5
1600253,3,202402,1.6,111.12,177.79
1600253,3,202403,1.7,103.96,176.73
1600253,3,202404,2.1,104.44,219.32
1600253,3,202405,2.6,93.69,243.59
1600253,3,202406,2.4,101.74,244.18
1600253,3,202407,2.1,92.14,193.49
1600253,3,202408,1.9,98.86,187.83
1600253,3,202409,1.9,98.62,187.38
1600253,3,202410,1.5,95.51,143.27
1600253,3,202411,1.6,99.19,158.7
1600253,3,202412,1.7,99.22,168.67
1600279,1,202201,880.7,11.58,10198.51
1600279,1,202202,725.8,12.77,9268.47
1600279,1,202203,740.6,13.47,9975.88
1600279,1,202204,714.1,13.91,9933.13
1600279,1,202205,799.6,13.41,10722.64
1600279,1,202206,742.0,13.67,10143.14
1600279,1,202207,1043.0,11.13,11608.59
1600279,1,202208,1567.8,9.85,15442.83
1600279,1,202209,1285.5,8.81,11325.26
1600279,1,202210,1125.8,8.39,9445.46
1600279,1,202211,1441.7,8.59,12384.2
1600279,1,202212,1151.5,9.57,11019.86
1600279,1,202301,1218.3,11.58,14107.91
1600279,1,202302,843.9,13.06,11021.33
1600279,1,202303,932.4,13.77,12839.15
1600279,1,202304,805.2,13.54,10902.41
1600279,1,202305,814.5,14.37,11704.36
1600279,1,202306,1148.5,13.33,15309.5
1600279,1,202307,1102.7,11.53,12714.13
1600279,1,202308,1041.5,10.07,10487.9
1600279,1,202309,1127.3,9.77,11013.72
1600279,1,202310,1351.5,9.27,12528.4
1600279,1,202311,973.8,8.84,8608.39
1600279,1,202312,1077.9,10.37,11177.82
1600279,1,202401,841.6,12.23,10292.77
1600279,1,202402,918.0,12.75,11704.5
1600279,1,202403,500.3,14.4,7204.32
1600279,1,202404,479.2,13.58,6507.54
1600279,1,202405,428.8,15.25,6539.2
1600279,1,202406,518.5,14.2,7362.7
1600279,1,202407,778.9,11.92,9284.49
1600279,1,202408,989.2,11.0,10881.2
1600279,1,202409,1154.8,8.75,10104.5
1600279,1,202410,1252.9,9.0,11276.1
1600279,1,202411,1305.1,9.73,12698.62
1600279,1,202412,974.7,10.24,9980.93
1600279,2,202201,198.2,38.2,7571.24
1600279,2,202202,211.1,33.49,7069.74
1600279,2,202203,186.0,37.42,6960.12
1600279,2,202204,170.6,40.93,6982.66
1600279,2,202205,122.6,46.79,5736.45
1600279,2,202206,102.1,46.34,4731.31
1600279,2,202207,75.9,45.95,3487.61
1600279,2,202208,108.1,44.91,4854.77
1600279,2,202209,117.3,51.52,6043.3
1600279,2,202210,103.5,46.41,4803.43
1600279,2,202211,127.9,41.57,5316.8
1600279,2,202212,179.3,35.5,6365.15
1600279,2,202301,216.6,35.97,7791.1
1600279,2,202302,168.5,37.99,6401.32
1600279,2,202303,92.5,38.35,3547.38
1600279,2,202304,113.7,36.34,4131.86
1600279,2,202305,95.4,44.7,4264.38
1600279,2,202306,107.3,43.04,4618.19
1600279,2,202307,120.4,52.36,6304.14
1600279,2,202308,135.9,50.32,6838.49
1600279,2,202309,173.1,47.81,8275.91
1600279,2,202310,196.4,48.92,9607.89
1600279,2,202311,249.7,44.08,11006.78
1600279,2,202312,284.1,42.8,12159.48
1600279,2,202401,316.7,39.33,12455.81
1600279,2,202402,253.1,38.53,9751.94
1600279,2,202403,167.7,38.61,6474.9
1600279,2,202404,241.0,42.19,10167.79
1600279,2,202405,181.0,49.0,8869.0
1600279,2,202406,179.1,47.19,8451.73
1600279,2,202407,127.3,52.54,6688.34
1600279,2,202408,139.4,49.54,6905.88
1600279,2,202409,84.3,45.87,3866.84
1600279,2,202410,96.6,48.9,4723.74
1600279,2,202411,119.2,45.86,5466.51
1600279,2,202412,157.5,41.41,6522.08
1600279,3,202201,10.7,95.35,1020.24
1600279,3,202202,11.2,97.95,1097.04
1600279,3,202203,8.0,87.02,696.16
1600279,3,202204,8.9,95.38,848.88
1600279,3,202205,11.5,84.74,974.51
1600279,3,202206,15.4,84.82,1306.23
1600279,3,202207,16.1,77.62,1249.68
1600279,3,202208,11.0,87.41,961.51
1600279,3,202209,9.3,78.41,729.21
1600279,3,202210,9.3,82.22,764.65
1600279,3,202211,12.4,85.07,1054.87
1600279,3,202212,10.1,92.11,930.31
1600279,3,202301,12.0,97.68,1172.16
1600279,3,202302,9.9,103.33,1022.97
1600279,3,202303,11.2,97.95,1097.04
1600279,3,202304,9.5,101.18,961.21
1600279,3,202305,10.1,95.39,963.44
1600279,3,202306,9.1,86.6,788.06
1600279,3,202307,13.6,85.83,1167.29
1600279,3,202308,11.8,94.89,1119.7
1600279,3,202309,9.0,94.35,849.15
1600279,3,202310,7.4,94.61,700.11
1600279,3,202311,8.5,98.18,834.53
1600279,3,202312,8.4,98.68,828.91
1600279,3,202401,10.2,103.98,1060.6
1600279,3,202402,9.8,103.29,1012.24
1600279,3,202403,12.7,111.32,1413.76
1600279,3,202404,11.5,97.82,1124.93
1600279,3,202405,14.5,98.37,1426.36
1600279,3,202406,11.8,86.57,1021.53
1600279,3,202407,9.6,85.79,823.58
1600279,3,202408,9.5,100.05,950.48
1600279,3,202409,8.8,95.04,836.35
1600279,3,202410,8.0,93.29,746.32
1600279,3,202411,9.9,97.58,966.04
1600279,3,202412,9.7,93.54,907.34
1600303,1,202201,14108.8,10.9,153785.92
1600303,1,202202,8334.2,12.18,101510.56
1600303,1,202203,6322.5,12.47,78841.58
1600303,1,202204,6706.9,13.48,90409.01
1600303,1,202205,9610.4,12.52,120322.21
1600303,1,202206,7927.2,11.78,93382.42
1600303,1,202207,10169.7,11.65,118477.01
1600303,1,202208,16836.8,9.24,155572.03
1600303,1,202209,12499.4,7.89,98620.27
1600303,1,202210,10863.0,9.32,101243.16
1600303,1,202211,10828.2,10.11,109473.1
1600303,1,202212,9626.0,9.54,91832.04
1600303,1,202301,10367.9,10.26,106374.65
1600303,1,202302,9128.0,12.3,112274.4
1600303,1,202303,5757.4,13.18,75882.53
1600303,1,202304,6806.6,13.55,92229.43
1600303,1,202305,6674.4,12.64,84364.42
1600303,1,202306,10191.2,12.86,131058.83
1600303,1,202307,10307.8,11.61,119673.56
1600303,1,202308,11131.4,9.39,104523.85
1600303,1,202309,14770.9,9.58,141505.22
1600303,1,202310,17707.9,9.9,175308.21
1600303,1,202311,17336.1,9.33,161745.81
1600303,1,202312,10566.5,9.95,105136.67
1600303,1,202401,10660.9,11.65,124199.48
1600303,1,202402,7532.8,13.37,100713.54
1600303,1,202403,7522.9,12.72,95691.29
1600303,1,202404,5755.7,14.32,82421.62
1600303,1,202405,7410.0,13.6,100776.0
1600303,1,202406,7618.1,14.22,108329.38
1600303,1,202407,7855.9,11.63,91364.12
1600303,1,202408,12314.0,11.42,140625.88
1600303,1,202409,15183.4,9.08,137865.27
1600303,1,202410,14347.3,9.55,137016.72
1600303,1,202411,18689.2,9.75,182219.7
1600303,1,202412,14122.1,10.06,142068.33
1600303,2,202201,690.8,36.91,25497.43
1600303,2,202202,736.2,33.95,24993.99
1600303,2,202203,589.8,42.25,24919.05
1600303,2,202204,443.0,42.14,18668.02
1600303,2,202205,424.7,47.7,20258.19
1600303,2,202206,464.4,50.67,23531.15
1600303,2,202207,462.7,52.39,24240.85
1600303,2,202208,374.0,50.93,19047.82
1600303,2,202209,417.9,52.11,21776.77
1600303,2,202210,549.9,51.97,28578.3
1600303,2,202211,480.9,45.19,21731.87
1600303,2,202212,583.6,45.78,26717.21
1600303,2,202301,839.9,37.78,31731.42
1600303,2,202302,639.9,36.71,23490.73
1600303,2,202303,799.3,42.78,34194.05
1600303,2,202304,926.0,41.55,38475.3
1600303,2,202305,678.1,51.83,35145.92
1600303,2,202306,524.4,53.79,28207.48
1600303,2,202307,567.3,57.25,32477.92
1600303,2,202308,488.7,56.25,27489.38
1600303,2,202309,319.7,50.5,16144.85
1600303,2,202310,400.1,46.3,18524.63
1600303,2,202311,544.8,50.43,27474.26
1600303,2,202312,724.8,40.16,29107.97
1600303,2,202401,654.3,45.77,29947.31
1600303,2,202402,673.5,42.72,28771.92
1600303,2,202403,814.3,42.13,34306.46
1600303,2,202404,706.1,45.96,32452.36
1600303,2,202405,464.7,49.74,23114.18
1600303,2,202406,566.8,51.72,29314.9
1600303,2,202407,484.5,58.97,28570.96
1600303,2,202408,570.8,59.92,34202.34
1600303,2,202409,425.4,55.34,23541.64
1600303,2,202410,482.5,50.7,24462.75
1600303,2,202411,626.3,51.88,32492.44
1600303,2,202412,692.8,40.63,28148.46
1600303,3,202201,69.0,99.68,6877.92
1600303,3,202202,72.0,101.31,7294.32
1600303,3,202203,90.1,95.16,8573.92
1600303,3,202204,102.0,89.64,9143.28
1600303,3,202205,138.8,85.38,11850.74
1600303,3,202206,135.2,81.79,11058.01
1600303,3,202207,81.5,93.88,7651.22
1600303,3,202208,132.5,84.65,11216.12
1600303,3,202209,105.2,80.58,8477.02
1600303,3,202210,106.9,91.79,9812.35
1600303,3,202211,103.9,87.87,9129.69
1600303,3,202212,102.9,89.73,9233.22
1600303,3,202301,98.3,109.19,10733.38
1600303,3,202302,96.9,92.83,8995.23
1600303,3,202303,76.6,99.63,7631.66
1600303,3,202304,138.6,93.6,12972.96
1600303,3,202305,143.8,90.15,12963.57
1600303,3,202306,134.9,84.38,11382.86
1600303,3,202307,180.6,89.0,16073.4
1600303,3,202308,126.5,84.22,10653.83
1600303,3,202309,142.0,91.4,12978.8
1600303,3,202310,114.7,90.58,10389.53
1600303,3,202311,116.8,92.15,10763.12
1600303,3,202312,116.3,92.31,10735.65
1600303,3,202401,70.3,109.83,7721.05
1600303,3,202402,61.7,106.89,6595.11
1600303,3,202403,100.7,98.83,9952.18
1600303,3,202404,99.9,93.54,9344.65
1600303,3,202405,153.7,88.44,13593.23
1600303,3,202406,179.6,99.8,17924.08
1600303,3,202407,151.0,96.43,14560.93
1600303,3,202408,133.0,96.28,12805.24
1600303,3,202409,171.8,91.6,15736.88
1600303,3,202410,211.7,98.16,20780.47
1600303,3,202411,152.0,102.32,15552.64
1600303,3,202412,169.9,99.77,16950.92
1600402,1,202201,839.9,10.51,8827.35
1600402,1,202202,612.1,11.64,7124.84
1600402,1,202203,387.3,11.53,4465.57
1600402,1,202204,410.7,12.63,5187.14
1600402,1,202205,391.6,12.36,4840.18
1600402,1,202206,466.0,11.98,5582.68
1600402,1,202207,599.1,11.58,6937.58
1600402,1,202208,558.6,9.68,5407.25
1600402,1,202209,558.0,8.51,4748.58
1600402,1,202210,790.8,8.63,6824.6
1600402,1,202211,756.0,9.44,7136.64
1600402,1,202212,461.8,9.33,4308.59
1600402,1,202301,571.2,10.87,6208.94
1600402,1,202302,552.0,12.93,7137.36
1600402,1,202303,443.3,13.3,5895.89
1600402,1,202304,359.8,14.22,5116.36
1600402,1,202305,505.0,13.44,6787.2
1600402,1,202306,627.8,13.03,8180.23
1600402,1,202307,1139.6,10.81,12319.08
1600402,1,202308,1229.8,10.18,12519.36
1600402,1,202309,1312.0,9.21,12083.52
1600402,1,202310,1199.8,8.46,10150.31
1600402,1,202311,1261.5,8.61,10861.52
1600402,1,202312,1138.3,10.54,11997.68
1600402,1,202401,1085.2,11.62,12610.02
1600402,1,202402,716.9,12.42,8903.9
1600402,1,202403,555.6,13.91,7728.4
1600402,1,202404,488.3,15.14,7392.86
1600402,1,202405,613.3,12.47,7647.85
1600402,1,202406,884.0,12.13,10722.92
1600402,1,202407,855.3,11.3,9664.89
1600402,1,202408,906.3,11.39,10322.76
1600402,1,202409,1098.7,9.82,10789.23
1600402,1,202410,1083.9,9.71,10524.67
1600402,1,202411,1239.5,9.14,11329.03
1600402,1,202412,684.0,10.01,6846.84
1600402,2,202201,111.8,38.26,4277.47
1600402,2,202202,94.8,35.2,3336.96
1600402,2,202203,112.8,40.1,4523.28
1600402,2,202204,97.5,38.06,3710.85
1600402,2,202205,76.0,38.75,2945.0
1600402,2,202206,81.8,40.98,3352.16
1600402,2,202207,58.3,43.15,2515.64
1600402,2,202208,69.2,46.8,3238.56
1600402,2,202209,48.5,46.4,2250.4
1600402,2,202210,63.4,46.22,2930.35
1600402,2,202211,76.6,41.49,3178.13
1600402,2,202212,81.3,40.09,3259.32
1600402,2,202301,101.3,37.71,3820.02
1600402,2,202302,104.3,36.78,3836.15
1600402,2,202303,123.5,36.55,4513.92
1600402,2,202304,116.7,42.94,5011.1
1600402,2,202305,103.3,40.05,4137.16
1600402,2,202306,88.8,47.19,4190.47
1600402,2,202307,69.7,48.41,3374.18
1600402,2,202308,63.6,51.71,3288.76
1600402,2,202309,70.2,48.8,3425.76
1600402,2,202310,74.3,46.5,3454.95
1600402,2,202311,104.1,42.67,4441.95
1600402,2,202312,111.7,42.88,4789.7
1600402,2,202401,124.5,39.12,4870.44
1600402,2,202402,94.7,42.16,3992.55
1600402,2,202403,116.5,39.65,4619.22
1600402,2,202404,93.5,41.63,3892.4
1600402,2,202405,70.4,44.63,3141.95
1600402,2,202406,91.8,49.71,4563.38
1600402,2,202407,89.4,49.32,4409.21
1600402,2,202408,94.7,52.07,4931.03
1600402,2,202409,94.3,50.81,4791.38
1600402,2,202410,91.7,49.11,4503.39
1600402,2,202411,93.7,45.74,4285.84
1600402,2,202412,120.9,42.42,5128.58
1600402,3,202201,5.9,88.21,520.44
1600402,3,202202,6.8,85.57,581.88
1600402,3,202203,7.7,90.08,693.62
1600402,3,202204,7.3,97.29,710.22
1600402,3,202205,7.3,98.06,715.84
1600402,3,202206,7.6,83.36,633.54
1600402,3,202207,9.5,80.29,762.76
1600402,3,202208,7.2,91.35,657.72
1600402,3,202209,6.4,82.95,530.88
1600402,3,202210,5.7,85.69,488.43
1600402,3,202211,6.2,96.81,600.22
1600402,3,202212,7.0,98.9,692.3
1600402,3,202301,5.8,103.17,598.39
1600402,3,202302,7.5,91.08,683.1
1600402,3,202303,9.8,92.46,906.11
1600402,3,202304,9.9,101.96,1009.4
1600402,3,202305,11.6,95.1,1103.16
1600402,3,202306,9.1,87.33,794.7
1600402,3,202307,7.9,87.22,689.04
1600402,3,202308,9.3,93.01,864.99
1600402,3,202309,9.1,95.78,871.6
1600402,3,202310,7.5,90.76,680.7
1600402,3,202311,9.9,90.44,895.36
1600402,3,202312,9.4,95.09,893.85
1600402,3,202401,9.7,109.35,1060.7
1600402,3,202402,7.8,110.08,858.62
1600402,3,202403,10.7,103.25,1104.77
1600402,3,202404,9.6,97.5,936.0
1600402,3,202405,11.4,102.61,1169.75
1600402,3,202406,9.7,102.25,991.82
1600402,3,202407,10.2,85.69,874.04
1600402,3,202408,11.2,90.31,1011.47
1600402,3,202409,15.0,97.63,1464.45
1600402,3,202410,11.2,94.63,1059.86
1600402,3,202411,10.3,94.85,976.96
1600402,3,202412,10.3,101.05,1040.82
1600501,1,202201,824.4,10.87,8961.23
1600501,1,202202,763.8,11.58,8844.8
1600501,1,202203,625.5,14.37,8988.44
1600501,1,202204,622.8,14.74,9180.07
1600501,1,202205,656.4,14.14,9281.5
1600501,1,202206,838.3,12.51,10487.13
1600501,1,202207,1078.4,11.96,12897.66
1600501,1,202208,870.6,10.01,8714.71
1600501,1,202209,701.1,9.24,6478.16
1600501,1,202210,1074.0,8.36,8978.64
1600501,1,202211,1333.0,9.33,12436.89
1600501,1,202212,924.3,10.03,9270.73
1600501,1,202301,580.3,10.88,6313.66
1600501,1,202302,582.6,12.8,7457.28
1600501,1,202303,663.9,13.67,9075.51
1600501,1,202304,866.3,15.38,13323.69
1600501,1,202305,871.2,14.36,12510.43
1600501,1,202306,824.7,12.84,10589.15
1600501,1,202307,802.8,11.76,9440.93
1600501,1,202308,998.7,10.42,10406.45
1600501,1,202309,1103.6,9.41,10384.88
1600501,1,202310,1001.3,8.69,8701.3
1600501,1,202311,1523.7,9.43,14368.49
1600501,1,202312,1694.2,10.02,16975.88
1600501,1,202401,1461.3,11.32,16541.92
1600501,1,202402,861.5,13.67,11776.7
1600501,1,202403,845.5,14.53,12285.12
1600501,1,202404,830.0,13.34,11072.2
1600501,1,202405,855.5,14.16,12113.88
1600501,1,202406,1115.1,14.0,15611.4
1600501,1,202407,1293.3,12.71,16437.84
1600501,1,202408,1547.5,11.36,17579.6
1600501,1,202409,1734.1,9.88,17132.91
1600501,1,202410,1711.3,9.13,15624.17
1600501,1,202411,1076.3,9.34,10052.64
1600501,1,202412,1033.6,10.98,11348.93
1600501,2,202201,112.2,40.49,4542.98
1600501,2,202202,112.3,37.67,4230.34
1600501,2,202203,158.1,37.62,5947.72
1600501,2,202204,114.2,42.13,4811.25
1600501,2,202205,103.4,44.93,4645.76
1600501,2,202206,68.5,51.33,3516.1
1600501,2,202207,77.3,48.54,3752.14
1600501,2,202208,58.3,57.25,3337.68
1600501,2,202209,64.0,54.19,3468.16
1600501,2,202210,64.0,47.89,3064.96
1600501,2,202211,78.2,49.23,3849.79
1600501,2,202212,82.1,40.03,3286.46
1600501,2,202301,77.9,41.14,3204.81
1600501,2,202302,81.2,37.32,3030.38
1600501,2,202303,109.6,44.66,4894.74
1600501,2,202304,100.8,39.87,4018.9
1600501,2,202305,65.3,43.55,2843.81
1600501,2,202306,73.6,48.74,3587.26
1600501,2,202307,54.5,56.49,3078.7
1600501,2,202308,62.5,56.45,3528.12
1600501,2,202309,69.3,53.2,3686.76
1600501,2,202310,80.3,52.94,4251.08
1600501,2,202311,117.7,46.53,5476.58
1600501,2,202312,96.2,44.21,4253.0
1600501,2,202401,112.4,45.93,5162.53
1600501,2,202402,136.1,40.8,5552.88
1600501,2,202403,102.8,40.7,4183.96
1600501,2,202404,79.6,46.02,3663.19
1600501,2,202405,69.2,50.43,3489.76
1600501,2,202406,67.7,52.53,3556.28
1600501,2,202407,48.2,57.74,2783.07
1600501,2,202408,57.2,55.33,3164.88
1600501,2,202409,47.1,55.26,2602.75
1600501,2,202410,73.4,53.23,3907.08
1600501,2,202411,89.4,49.3,4407.42
1600501,2,202412,136.3,48.73,6641.9
1600501,3,202201,8.1,92.35,748.04
1600501,3,202202,8.8,95.03,836.26
1600501,3,202203,10.0,93.19,931.9
1600501,3,202204,9.5,91.56,869.82
1600501,3,202205,9.1,92.84,844.84
1600501,3,202206,9.4,83.04,780.58
1600501,3,202207,8.9,86.49,769.76
1600501,3,202208,12.0,84.13,1009.56
1600501,3,202209,10.0,81.64,816.4
1600501,3,202210,10.9,94.92,1034.63
1600501,3,202211,10.0,93.43,934.3
1600501,3,202212,8.8,89.13,784.34
1600501,3,202301,11.8,101.04,1192.27
1600501,3,202302,10.9,92.56,1008.9
1600501,3,202303,9.6,95.25,914.4
1600501,3,202304,9.0,103.02,927.18
1600501,3,202305,10.9,95.26,1038.33
1600501,3,202306,13.7,92.03,1260.81
1600501,3,202307,17.1,93.23,1594.23
1600501,3,202308,15.0,90.71,1360.65
1600501,3,202309,13.4,87.56,1173.3
1600501,3,202310,13.1,95.14,1246.33
1600501,3,202311,12.6,86.02,1083.85
1600501,3,202312,10.2,93.24,951.05
1600501,3,202401,13.4,101.76,1363.58
1600501,3,202402,12.3,105.89,1302.45
1600501,3,202403,13.1,100.6,1317.86
1600501,3,202404,13.8,91.57,1263.67
1600501,3,202405,14.5,88.28,1280.06
1600501,3,202406,11.9,93.96,1118.12
1600501,3,202407,12.8,89.97,1151.62
1600501,3,202408,19.9,87.3,1737.27
1600501,3,202409,22.5,87.32,1964.7
1600501,3,202410,18.3,94.92,1737.04
1600501,3,202411,14.3,103.74,1483.48
1600501,3,202412,8.7,100.79,876.87
1600535,1,202201,706.2,12.27,8665.07
1600535,1,202202,661.4,12.35,8168.29
1600535,1,202203,498.6,14.4,7179.84
1600535,1,202204,355.6,13.44,4779.26
1600535,1,202205,370.2,13.27,4912.55
1600535,1,202206,462.4,12.56,5807.74
1600535,1,202207,541.5,13.08,7082.82
1600535,1,202208,597.6,10.42,6226.99
1600535,1,202209,754.8,8.81,6649.79
1600535,1,202210,736.6,9.25,6813.55
1600535,1,202211,659.7,8.97,5917.51
1600535,1,202212,662.7,9.75,6461.33
1600535,1,202301,531.5,12.14,6452.41
1600535,1,202302,488.1,12.84,6267.2
1600535,1,202303,456.3,13.9,6342.57
1600535,1,202304,350.7,14.04,4923.83
1600535,1,202305,364.1,13.94,5075.55
1600535,1,202306,582.2,13.09,7621.0
1600535,1,202307,533.9,10.53,5621.97
1600535,1,202308,458.6,10.73,4920.78
1600535,1,202309,449.3,9.03,4057.18
1600535,1,202310,606.3,8.53,5171.74
1600535,1,202311,674.6,9.46,6381.72
1600535,1,202312,634.7,10.42,6613.57
1600535,1,202401,704.1,11.65,8202.77
1600535,1,202402,348.2,13.89,4836.5
1600535,1,202403,388.2,13.32,5170.82
1600535,1,202404,527.4,14.29,7536.55
1600535,1,202405,421.8,13.84,5837.71
1600535,1,202406,467.2,13.29,6209.09
1600535,1,202407,513.2,12.23,6276.44
1600535,1,202408,568.7,10.26,5834.86
1600535,1,202409,686.7,10.23,7024.94
1600535,1,202410,1025.0,9.55,9788.75
1600535,1,202411,1303.9,8.97,11695.98
1600535,1,202412,923.4,9.78,9030.85
1600535,2,202201,58.7,38.89,2282.84
1600535,2,202202,68.5,42.18,2889.33
1600535,2,202203,77.8,39.49,3072.32
1600535,2,202204,75.0,42.75,3206.25
1600535,2,202205,67.9,43.97,2985.56
1600535,2,202206,40.9,46.51,1902.26
1600535,2,202207,24.9,50.79,1264.67
1600535,2,202208,37.2,58.65,2181.78
1600535,2,202209,43.0,50.12,2155.16
1600535,2,202210,46.5,49.26,2290.59
1600535,2,202211,59.5,43.17,2568.62
1600535,2,202212,90.8,36.27,3293.32
1600535,2,202301,108.6,39.14,4250.6
1600535,2,202302,109.3,44.81,4897.73
1600535,2,202303,74.7,41.95,3133.67
1600535,2,202304,56.7,46.99,2664.33
1600535,2,202305,33.5,45.99,1540.66
1600535,2,202306,40.1,44.72,1793.27
1600535,2,202307,47.9,50.03,2396.44
1600535,2,202308,55.3,54.9,3035.97
1600535,2,202309,58.1,53.51,3108.93
1600535,2,202310,55.5,50.28,2790.54
1600535,2,202311,53.9,45.58,2456.76
1600535,2,202312,53.1,45.37,2409.15
1600535,2,202401,60.5,41.24,2495.02
1600535,2,202402,55.3,41.95,2319.84
1600535,2,202403,81.5,42.7,3480.05
1600535,2,202404,55.3,44.13,2440.39
1600535,2,202405,49.9,46.5,2320.35
1600535,2,202406,32.7,51.14,1672.28
1600535,2,202407,37.4,60.31,2255.59
1600535,2,202408,39.3,59.09,2322.24
1600535,2,202409,40.1,57.79,2317.38
1600535,2,202410,39.4,50.23,1979.06
1600535,2,202411,49.5,45.23,2238.88
1600535,2,202412,54.2,47.49,2573.96
1600535,3,202201,7.8,104.41,814.4
1600535,3,202202,8.5,93.81,797.38
1600535,3,202203,10.9,90.25,983.72
1600535,3,202204,9.9,90.95,900.41
1600535,3,202205,10.0,90.54,905.4
1600535,3,202206,9.5,91.24,866.78
1600535,3,202207,11.1,88.01,976.91
1600535,3,202208,12.8,81.79,1046.91
1600535,3,202209,12.4,90.92,1127.41
1600535,3,202210,10.6,90.93,963.86
1600535,3,202211,7.5,88.02,660.15
1600535,3,202212,7.8,92.11,718.46
1600535,3,202301,7.7,101.47,781.32
1600535,3,202302,8.4,104.69,879.4
1600535,3,202303,8.8,91.26,803.09
1600535,3,202304,12.2,96.75,1180.35
1600535,3,202305,10.1,93.45,943.84
1600535,3,202306,7.9,88.24,697.1
1600535,3,202307,7.4,86.22,638.03
1600535,3,202308,7.8,92.75,723.45
1600535,3,202309,10.7,91.14,975.2
1600535,3,202310,8.2,100.88,827.22
1600535,3,202311,7.0,90.97,636.79
1600535,3,202312,8.3,97.07,805.68
1600535,3,202401,9.8,103.85,1017.73
1600535,3,202402,7.2,107.75,775.8
1600535,3,202403,5.8,109.44,634.75
1600535,3,202404,6.3,100.59,633.72
1600535,3,202405,8.9,92.02,818.98
1600535,3,202406,10.2,90.99,928.1
1600535,3,202407,9.5,92.81,881.7
1600535,3,202408,11.7,96.64,1130.69
1600535,3,202409,11.8,85.72,1011.5
1600535,3,202410,11.0,88.93,978.23
1600535,3,202411,7.8,100.95,787.41
1600535,3,202412,7.3,93.85,685.1
1600550,1,202201,126.4,11.02,1392.93
1600550,1,202202,106.3,13.2,1403.16
1600550,1,202203,95.0,14.24,1352.8
1600550,1,202204,96.0,14.78,1418.88
1600550,1,202205,118.7,13.8,1638.06
1600550,1,202206,103.1,13.45,1386.7
1600550,1,202207,103.5,10.35,1071.22
1600550,1,202208,113.1,10.01,1132.13
1600550,1,202209,156.7,8.91,1396.2
1600550,1,202210,220.1,9.03,1987.5
1600550,1,202211,185.5,9.04,1676.92
1600550,1,202212,104.5,10.09,1054.4
1600550,1,202301,77.6,12.99,1008.02
1600550,1,202302,70.9,12.96,918.86
1600550,1,202303,69.1,14.27,986.06
1600550,1,202304,72.1,14.14,1019.49
1600550,1,202305,86.6,14.03,1215.0
1600550,1,202306,100.5,13.07,1313.54
1600550,1,202307,155.0,12.09,1873.95
1600550,1,202308,158.4,11.22,1777.25
1600550,1,202309,159.0,10.51,1671.09
1600550,1,202310,197.3,9.49,1872.38
1600550,1,202311,145.2,9.97,1447.64
1600550,1,202312,154.8,9.99,1546.45
1600550,1,202401,138.5,12.24,1695.24
1600550,1,202402,115.8,14.23,1647.83
1600550,1,202403,139.1,15.17,2110.15
1600550,1,202404,107.7,15.03,1618.73
1600550,1,202405,161.6,15.18,2453.09
1600550,1,202406,151.2,13.92,2104.7
1600550,1,202407,132.9,13.05,1734.35
1600550,1,202408,168.3,11.16,1878.23
1600550,1,202409,161.8,9.88,1598.58
1600550,1,202410,162.8,9.87,1606.84
1600550,1,202411,186.8,8.68,1621.42
1600550,1,202412,189.1,11.21,2119.81
1600550,2,202201,19.0,37.8,718.2
1600550,2,202202,18.3,37.14,679.66
1600550,2,202203,13.9,37.55,521.94
1600550,2,202204,16.8,42.14,707.95
1600550,2,202205,18.5,44.65,826.02
1600550,2,202206,13.4,48.49,649.77
1600550,2,202207,10.7,57.2,612.04
1600550,2,202208,13.8,51.35,708.63
1600550,2,202209,12.0,52.41,628.92
1600550,2,202210,18.5,50.15,927.78
1600550,2,202211,18.3,44.86,820.94
1600550,2,202212,18.2,42.2,768.04
1600550,2,202301,20.0,40.76,815.2
1600550,2,202302,19.1,40.18,767.44
1600550,2,202303,23.3,39.54,921.28
1600550,2,202304,23.4,42.23,988.18
1600550,2,202305,22.7,46.84,1063.27
1600550,2,202306,18.1,45.59,825.18
1600550,2,202307,13.8,56.99,786.46
1600550,2,202308,13.1,59.96,785.48
1600550,2,202309,12.4,53.33,661.29
1600550,2,202310,18.1,52.01,941.38
1600550,2,202311,22.5,49.4,1111.5
1600550,2,202312,22.2,40.52,899.54
1600550,2,202401,19.2,44.3,850.56
1600550,2,202402,27.0,40.44,1091.88
1600550,2,202403,24.4,47.42,1157.05
1600550,2,202404,20.5,44.53,912.86
1600550,2,202405,23.2,50.86,1179.95
1600550,2,202406,16.5,51.78,854.37
1600550,2,202407,13.7,61.29,839.67
1600550,2,202408,12.7,54.48,691.9
1600550,2,202409,10.6,58.21,617.03
1600550,2,202410,13.7,53.91,738.57
1600550,2,202411,14.1,49.59,699.22
1600550,2,202412,15.7,45.47,713.88
1600550,3,202201,1.7,102.84,174.83
1600550,3,202202,1.5,90.34,135.51
1600550,3,202203,1.4,98.49,137.89
1600550,3,202204,1.8,87.84,158.11
1600550,3,202205,1.4,84.46,118.24
1600550,3,202206,1.2,82.17,98.6
1600550,3,202207,1.9,87.94,167.09
1600550,3,202208,1.9,85.15,161.78
1600550,3,202209,2.0,83.99,167.98
1600550,3,202210,1.7,89.32,151.84
1600550,3,202211,1.6,90.18,144.29
1600550,3,202212,1.3,93.21,121.17
1600550,3,202301,1.4,96.98,135.77
1600550,3,202302,1.6,94.25,150.8
1600550,3,202303,1.6,107.15,171.44
1600550,3,202304,2.0,103.4,206.8
1600550,3,202305,2.1,101.35,212.84
1600550,3,202306,1.6,88.38,141.41
1600550,3,202307,1.7,85.76,145.79
1600550,3,202308,1.6,86.18,137.89
1600550,3,202309,1.9,93.63,177.9
1600550,3,202310,1.9,90.79,172.5
1600550,3,202311,1.8,91.09,163.96
1600550,3,202312,2.0,98.18,196.36
1600550,3,202401,1.2,98.55,118.26
1600550,3,202402,1.2,96.28,115.54
1600550,3,202403,1.2,102.91,123.49
1600550,3,202404,1.4,97.57,136.6
1600550,3,202405,1.8,97.13,174.83
1600550,3,202406,1.8,82.44,148.39
1600550,3,202407,1.5,88.13,132.2
1600550,3,202408,1.8,91.16,164.09
1600550,3,202409,1.8,85.42,153.76
1600550,3,202410,1.4,87.55,122.57
1600550,3,202411,1.4,97.39,136.35
1600550,3,202412,1.5,103.69,155.54
1600600,1,202201,880.8,10.25,9028.2
1600600,1,202202,911.7,12.35,11259.5
1600600,1,202203,915.3,12.8,11715.84
1600600,1,202204,704.9,12.99,9156.65
1600600,1,202205,705.7,13.57,9576.35
1600600,1,202206,1137.2,13.08,14874.58
1600600,1,202207,1198.2,12.03,14414.35
1600600,1,202208,2169.9,10.51,22805.65
1600600,1,202209,2120.6,8.95,18979.37
1600600,1,202210,2188.9,8.84,19349.88
1600600,1,202211,2577.1,9.35,24095.88
1600600,1,202212,1971.6,9.9,19518.84
1600600,1,202301,1241.7,11.52,14304.38
1600600,1,202302,1032.6,13.17,13599.34
1600600,1,202303,917.1,13.48,12362.51
1600600,1,202304,693.9,13.35,9263.56
1600600,1,202305,773.8,13.24,10245.11
1600600,1,202306,837.8,13.05,10933.29
1600600,1,202307,1310.7,11.44,14994.41
1600600,1,202308,1569.2,10.42,16351.06
1600600,1,202309,1692.5,9.68,16383.4
1600600,1,202310,1777.2,8.87,15763.76
1600600,1,202311,1804.5,9.72,17539.74
1600600,1,202312,1771.8,10.44,18497.59
1600600,1,202401,1189.7,11.17,13288.95
1600600,1,202402,868.3,14.11,12251.71
1600600,1,202403,1035.3,13.69,14173.26
1600600,1,202404,903.8,13.23,11957.27
1600600,1,202405,750.6,13.33,10005.5
1600600,1,202406,1039.1,12.48,12967.97
1600600,1,202407,1400.4,11.91,16678.76
1600600,1,202408,1256.8,10.49,13183.83
1600600,1,202409,1657.4,9.56,15844.74
1600600,1,202410,2083.5,9.68,20168.28
1600600,1,202411,2081.2,9.89,20583.07
1600600,1,202412,1974.6,10.8,21325.68
1600600,2,202201,145.6,38.2,5561.92
1600600,2,202202,221.0,40.42,8932.82
1600600,2,202203,203.4,40.16,8168.54
1600600,2,202204,243.2,45.66,11104.51
1600600,2,202205,218.3,49.0,10696.7
1600600,2,202206,227.1,49.11,11152.88
1600600,2,202207,213.2,50.21,10704.77
1600600,2,202208,116.7,49.33,5756.81
1600600,2,202209,149.6,49.65,7427.64
1600600,2,202210,157.1,47.4,7446.54
1600600,2,202211,228.1,43.68,9963.41
1600600,2,202212,271.0,39.76,10774.96
1600600,2,202301,306.6,41.55,12739.23
1600600,2,202302,276.6,43.3,11976.78
1600600,2,202303,220.0,42.67,9387.4
1600600,2,202304,194.9,42.6,8302.74
1600600,2,202305,132.4,49.23,6518.05
1600600,2,202306,124.3,51.19,6362.92
1600600,2,202307,100.8,52.77,5319.22
1600600,2,202308,91.4,53.54,4893.56
1600600,2,202309,120.4,52.35,6302.94
1600600,2,202310,164.9,51.97,8569.85
1600600,2,202311,193.1,47.13,9100.8
1600600,2,202312,205.6,41.74,8581.74
1600600,2,202401,200.5,40.68,8156.34
1600600,2,202402,216.9,41.95,9098.96
1600600,2,202403,197.2,43.2,8519.04
1600600,2,202404,199.0,44.26,8807.74
1600600,2,202405,143.8,45.93,6604.73
1600600,2,202406,168.2,55.62,9355.28
1600600,2,202407,144.9,57.84,8381.02
1600600,2,202408,160.6,50.6,8126.36
1600600,2,202409,198.0,58.72,11626.56
1600600,2,202410,218.4,51.7,11291.28
1600600,2,202411,270.9,49.06,13290.35
1600600,2,202412,193.8,47.59,9222.94
1600600,3,202201,23.4,98.69,2309.35
1600600,3,202202,22.7,107.77,2446.38
1600600,3,202203,17.9,92.28,1651.81
1600600,3,202204,26.3,80.78,2124.51
1600600,3,202205,26.6,92.97,2473.0
1600600,3,202206,27.5,84.93,2335.58
1600600,3,202207,31.2,93.44,2915.33
1600600,3,202208,23.6,84.45,1993.02
1600600,3,202209,30.5,82.15,2505.58
1600600,3,202210,35.6,82.99,2954.44
1600600,3,202211,32.2,92.85,2989.77
1600600,3,202212,31.6,91.43,2889.19
1600600,3,202301,26.9,105.96,2850.32
1600600,3,202302,30.7,98.18,3014.13
1600600,3,202303,25.0,105.68,2642.0
1600600,3,202304,26.3,89.98,2366.47
1600600,3,202305,28.3,85.81,2428.42
1600600,3,202306,29.8,94.64,2820.27
1600600,3,202307,37.8,86.7,3277.26
1600600,3,202308,53.0,86.83,4601.99
1600600,3,202309,42.1,84.36,3551.56
1600600,3,202310,39.6,86.0,3405.6
1600600,3,202311,29.6,96.62,2859.95
1600600,3,202312,33.9,96.32,3265.25
1600600,3,202401,27.7,96.97,2686.07
1600600,3,202402,48.0,107.19,5145.12
1600600,3,202403,28.7,108.44,3112.23
1600600,3,202404,43.1,99.57,4291.47
1600600,3,202405,46.1,102.2,4711.42
1600600,3,202406,33.5,89.68,3004.28
1600600,3,202407,51.9,94.85,4922.71
1600600,3,202408,37.3,92.11,3435.7
1600600,3,202409,33.5,88.57,2967.1
1600600,3,202410,25.7,104.48,2685.14
1600600,3,202411,26.2,98.34,2576.51
1600600,3,202412,26.5,97.2,2575.8
1600709,1,202201,473.2,11.46,5422.87
1600709,1,202202,261.1,12.29,3208.92
1600709,1,202203,244.8,14.24,3485.95
1600709,1,202204,175.3,13.25,2322.73
1600709,1,202205,230.9,14.02,3237.22
1600709,1,202206,299.3,11.99,3588.61
1600709,1,202207,466.9,11.17,5215.27
1600709,1,202208,671.8,9.51,6388.82
1600709,1,202209,717.6,9.38,6731.09
1600709,1,202210,639.4,9.52,6087.09
1600709,1,202211,662.1,9.13,6044.97
1600709,1,202212,510.6,9.93,5070.26
1600709,1,202301,436.7,11.02,4812.43
1600709,1,202302,443.2,12.73,5641.94
1600709,1,202303,331.5,12.72,4216.68
1600709,1,202304,367.4,13.47,4948.88
1600709,1,202305,412.3,13.93,5743.34
1600709,1,202306,364.6,13.75,5013.25
1600709,1,202307,529.5,13.41,7100.6
1600709,1,202308,677.2,10.13,6860.04
1600709,1,202309,722.7,10.24,7400.45
1600709,1,202310,625.2,9.32,5826.86
1600709,1,202311,523.4,9.46,4951.36
1600709,1,202312,451.8,10.66,4816.19
1600709,1,202401,454.9,12.15,5527.04
1600709,1,202402,326.3,13.46,4392.0
1600709,1,202403,336.3,14.02,4714.93
1600709,1,202404,261.2,13.66,3567.99
1600709,1,202405,292.1,13.25,3870.32
1600709,1,202406,365.9,13.83,5060.4
1600709,1,202407,704.7,11.94,8414.12
1600709,1,202408,563.8,10.52,5931.18
1600709,1,202409,844.2,9.91,8366.02
1600709,1,202410,824.1,9.96,8208.04
1600709,1,202411,791.2,10.0,7912.0
1600709,1,202412,663.9,10.49,6964.31
1600709,2,202201,73.0,41.57,3034.61
1600709,2,202202,73.6,39.9,2936.64
1600709,2,202203,52.5,38.59,2025.98
1600709,2,202204,35.6,39.5,1406.2
1600709,2,202205,44.4,44.54,1977.58
1600709,2,202206,52.5,46.75,2454.38
1600709,2,202207,38.8,55.42,2150.3
1600709,2,202208,36.5,53.75,1961.88
1600709,2,202209,35.3,48.94,1727.58
1600709,2,202210,37.1,45.91,1703.26
1600709,2,202211,55.3,43.28,2393.38
1600709,2,202212,63.5,40.48,2570.48
1600709,2,202301,64.7,40.38,2612.59
1600709,2,202302,108.0,42.06,4542.48
1600709,2,202303,66.7,38.8,2587.96
1600709,2,202304,66.6,48.54,3232.76
1600709,2,202305,46.6,44.64,2080.22
1600709,2,202306,42.1,46.89,1974.07
1600709,2,202307,41.2,57.54,2370.65
1600709,2,202308,47.2,57.5,2714.0
1600709,2,202309,44.4,52.4,2326.56
1600709,2,202310,45.1,51.28,2312.73
1600709,2,202311,49.7,47.76,2373.67
1600709,2,202312,48.1,43.59,2096.68
1600709,2,202401,65.3,39.63,2587.84
1600709,2,202402,72.2,36.49,2634.58
1600709,2,202403,74.9,40.54,3036.45
1600709,2,202404,65.2,49.23,3209.8
1600709,2,202405,54.8,53.32,2921.94
1600709,2,202406,60.1,51.57,3099.36
1600709,2,202407,61.0,52.35,3193.35
1600709,2,202408,67.5,56.67,3825.22
1600709,2,202409,62.9,56.13,3530.58
1600709,2,202410,77.3,53.84,4161.83
1600709,2,202411,68.4,42.83,2929.57
1600709,2,202412,69.6,52.64,3663.74
1600709,3,202201,4.2,89.88,377.5
1600709,3,202202,3.6,98.16,353.38
1600709,3,202203,3.8,91.33,347.05
1600709,3,202204,4.1,93.67,384.05
1600709,3,202205,4.1,92.86,380.73
1600709,3,202206,6.0,96.03,576.18
1600709,3,202207,5.4,80.11,432.59
1600709,3,202208,4.8,83.96,403.01
1600709,3,202209,4.2,84.85,356.37
1600709,3,202210,3.7,87.3,323.01
1600709,3,202211,5.1,102.33,521.88
1600709,3,202212,5.3,91.9,487.07
1600709,3,202301,5.8,86.8,503.44
1600709,3,202302,6.6,98.24,648.38
1600709,3,202303,5.7,97.88,557.92
1600709,3,202304,7.4,95.25,704.85
1600709,3,202305,6.2,90.3,559.86
1600709,3,202306,5.2,84.99,441.95
1600709,3,202307,6.1,98.85,602.98
1600709,3,202308,6.4,89.4,572.16
1600709,3,202309,6.5,87.89,571.28
1600709,3,202310,7.5,100.98,757.35
1600709,3,202311,6.7,89.62,600.45
1600709,3,202312,6.4,99.36,635.9
1600709,3,202401,7.5,96.06,720.45
1600709,3,202402,6.8,106.97,727.4
1600709,3,202403,6.9,96.61,666.61
1600709,3,202404,5.0,102.5,512.5
1600709,3,202405,10.9,107.17,1168.15
1600709,3,202406,6.8,94.73,644.16
1600709,3,202407,6.2,82.58,512.0
1600709,3,202408,5.8,91.53,530.87
1600709,3,202409,8.9,94.39,840.07
1600709,3,202410,6.9,98.63,680.55
1600709,3,202411,6.9,104.63,721.95
1600709,3,202412,5.7,108.05,615.88
1600808,1,202201,585.2,10.86,6355.27
1600808,1,202202,481.2,13.3,6399.96
1600808,1,202203,456.6,13.17,6013.42
1600808,1,202204,479.3,14.5,6949.85
1600808,1,202205,522.1,13.32,6954.37
1600808,1,202206,554.5,12.44,6897.98
1600808,1,202207,633.4,11.19,7087.75
1600808,1,202208,726.6,10.06,7309.6
1600808,1,202209,604.6,10.02,6058.09
1600808,1,202210,727.4,7.91,5753.73
1600808,1,202211,521.6,8.32,4339.71
1600808,1,202212,428.5,9.79,4195.01
1600808,1,202301,504.8,11.69,5901.11
1600808,1,202302,478.3,13.36,6390.09
1600808,1,202303,509.3,14.14,7201.5
1600808,1,202304,397.7,13.87,5516.1
1600808,1,202305,315.9,14.53,4590.03
1600808,1,202306,358.9,13.59,4877.45
1600808,1,202307,455.4,11.79,5369.17
1600808,1,202308,562.0,10.97,6165.14
1600808,1,202309,790.2,9.69,7657.04
1600808,1,202310,720.1,8.97,6459.3
1600808,1,202311,719.6,9.9,7124.04
1600808,1,202312,512.2,10.51,5383.22
1600808,1,202401,492.2,12.13,5970.39
1600808,1,202402,413.7,14.42,5965.55
1600808,1,202403,318.6,12.68,4039.85
1600808,1,202404,308.4,13.67,4215.83
1600808,1,202405,329.6,13.5,4449.6
1600808,1,202406,373.8,13.16,4919.21
1600808,1,202407,643.4,11.97,7701.5
1600808,1,202408,683.7,10.06,6878.02
1600808,1,202409,708.2,9.44,6685.41
1600808,1,202410,503.6,9.18,4623.05
1600808,1,202411,473.7,11.22,5314.91
1600808,1,202412,463.6,11.88,5507.57
1600808,2,202201,64.7,35.72,2311.08
1600808,2,202202,59.9,35.76,2142.02
1600808,2,202203,73.8,34.34,2534.29
1600808,2,202204,71.4,33.98,2426.17
1600808,2,202205,60.8,39.6,2407.68
1600808,2,202206,56.2,45.55,2559.91
1600808,2,202207,47.6,46.31,2204.36
1600808,2,202208,48.4,46.62,2256.41
1600808,2,202209,54.8,44.21,2422.71
1600808,2,202210,59.3,39.79,2359.55
1600808,2,202211,66.1,43.83,2897.16
1600808,2,202212,90.7,37.37,3389.46
1600808,2,202301,65.2,36.13,2355.68
1600808,2,202302,60.6,34.87,2113.12
1600808,2,202303,63.8,39.3,2507.34
1600808,2,202304,53.6,41.01,2198.14
1600808,2,202305,47.8,40.42,1932.08
1600808,2,202306,57.7,48.34,2789.22
1600808,2,202307,49.1,47.59,2336.67
1600808,2,202308,33.7,47.32,1594.68
1600808,2,202309,36.6,47.24,1728.98
1600808,2,202310,45.1,43.85,1977.64
1600808,2,202311,54.8,39.71,2176.11
1600808,2,202312,71.1,40.8,2900.88
1600808,2,202401,83.3,37.93,3159.57
1600808,2,202402,80.6,38.64,3114.38
1600808,2,202403,62.0,38.91,2412.42
1600808,2,202404,56.5,41.91,2367.92
1600808,2,202405,48.4,39.79,1925.84
1600808,2,202406,44.6,45.37,2023.5
1600808,2,202407,49.9,51.24,2556.88
1600808,2,202408,51.9,47.56,2468.36
1600808,2,202409,60.5,50.74,3069.77
1600808,2,202410,57.4,44.2,2537.08
1600808,2,202411,84.1,44.11,3709.65
1600808,2,202412,95.8,44.19,4233.4
1600808,3,202201,3.7,90.85,336.14
1600808,3,202202,3.2,92.54,296.13
1600808,3,202203,3.3,94.4,311.52
1600808,3,202204,4.1,89.08,365.23
1600808,3,202205,3.5,80.86,283.01
1600808,3,202206,3.5,76.78,268.73
1600808,3,202207,4.6,85.85,394.91
1600808,3,202208,4.4,79.96,351.82
1600808,3,202209,5.0,77.18,385.9
1600808,3,202210,4.2,90.07,378.29
1600808,3,202211,4.5,97.23,437.54
1600808,3,202212,3.9,92.26,359.81
1600808,3,202301,2.8,99.79,279.41
1600808,3,202302,4.0,100.6,402.4
1600808,3,202303,3.7,87.71,324.53
1600808,3,202304,4.0,100.79,403.16
1600808,3,202305,3.9,99.59,388.4
1600808,3,202306,5.0,99.53,497.65
1600808,3,202307,5.6,86.82,486.19
1600808,3,202308,6.2,83.13,515.41
1600808,3,202309,5.3,94.97,503.34
1600808,3,202310,5.1,93.09,474.76
1600808,3,202311,5.3,97.78,518.23
1600808,3,202312,6.6,93.34,616.04
1600808,3,202401,5.9,103.65,611.54
1600808,3,202402,4.5,97.75,439.88
1600808,3,202403,4.8,102.22,490.66
1600808,3,202404,4.8,98.39,472.27
1600808,3,202405,3.6,109.28,393.41
1600808,3,202406,3.1,96.91,300.42
1600808,3,202407,4.0,82.75,331.0
1600808,3,202408,4.7,91.36,429.39
1600808,3,202409,4.8,93.86,450.53
1600808,3,202410,5.8,92.08,534.06
1600808,3,202411,4.6,91.99,423.15
1600808,3,202412,3.6,103.48,372.53
